instance_id,topics,density,tightness,horizon_days,demanded_minutes,available_minutes,engine,provenance,importance,seed,prerequisite_edges_hard,prerequisite_edges_soft,invariants_ok,reproducible,soft_inversions,inversions_removed,topics_scheduled,topics_unscheduled,scheduled_minutes,utilisation,load_ceiling_bound,load_excess_ratio,first_quarter_share,peak_over_mean,generations,population_size,evaluations,elapsed_micros,ga_objective_aggregate,ga_objective_raw,ga_objective_bounded,ga_objective_penalty_factor,ga_term_syllabusMastery_value,ga_term_syllabusMastery_weight,ga_term_syllabusMastery_weighted,ga_term_retention_value,ga_term_retention_weight,ga_term_retention_weighted,ga_term_dailyLoadBudget_value,ga_term_dailyLoadBudget_weight,ga_term_dailyLoadBudget_weighted,ga_term_MinimumDaysConstraint_value,ga_term_MinimumDaysConstraint_weight,ga_term_MinimumDaysConstraint_weighted,ga_term_MandatoryReviewConstraint_value,ga_term_MandatoryReviewConstraint_weight,ga_term_MandatoryReviewConstraint_weighted,ga_term_SoftPrerequisiteOrderConstraint_value,ga_term_SoftPrerequisiteOrderConstraint_weight,ga_term_SoftPrerequisiteOrderConstraint_weighted
t10-d0.4-a0.7-compact,10,0.400000,0.700000,4,1164,960,greedy-baseline,curated,goal-priority,20260925,1,1,true,true,1,,7,3,707,0.736458,false,0.000000,0.093279,1.427578,0,0,0,34199,0.000000,-0.148787,0.000000,1.000000,0.132552,0.500000,0.066276,0.786391,0.300000,0.235917,1.000000,0.200000,0.200000,0.300000,0.500000,-0.150000,1.000000,0.500000,-0.500000,0.009804,0.100000,-0.000980
t10-d0.4-a0.7-compact,10,0.400000,0.700000,4,1164,960,greedy-baseline,curated,goal-priority,20260926,1,1,true,true,1,,7,3,707,0.736458,false,0.000000,0.093279,1.427578,0,0,0,1176,0.000000,-0.148787,0.000000,1.000000,0.132552,0.500000,0.066276,0.786391,0.300000,0.235917,1.000000,0.200000,0.200000,0.300000,0.500000,-0.150000,1.000000,0.500000,-0.500000,0.009804,0.100000,-0.000980
t10-d0.4-a0.7-compact,10,0.400000,0.700000,4,1164,960,greedy-baseline,curated,goal-priority,20260927,1,1,true,true,1,,7,3,707,0.736458,false,0.000000,0.093279,1.427578,0,0,0,771,0.000000,-0.148787,0.000000,1.000000,0.132552,0.500000,0.066276,0.786391,0.300000,0.235917,1.000000,0.200000,0.200000,0.300000,0.500000,-0.150000,1.000000,0.500000,-0.500000,0.009804,0.100000,-0.000980
t10-d0.4-a0.7-compact,10,0.400000,0.700000,4,1164,960,greedy-baseline,curated,goal-priority,20260928,1,1,true,true,1,,7,3,707,0.736458,false,0.000000,0.093279,1.427578,0,0,0,751,0.000000,-0.148787,0.000000,1.000000,0.132552,0.500000,0.066276,0.786391,0.300000,0.235917,1.000000,0.200000,0.200000,0.300000,0.500000,-0.150000,1.000000,0.500000,-0.500000,0.009804,0.100000,-0.000980
t10-d0.4-a0.7-compact,10,0.400000,0.700000,4,1164,960,greedy-baseline,curated,goal-priority,20260929,1,1,true,true,1,,7,3,707,0.736458,false,0.000000,0.093279,1.427578,0,0,0,591,0.000000,-0.148787,0.000000,1.000000,0.132552,0.500000,0.066276,0.786391,0.300000,0.235917,1.000000,0.200000,0.200000,0.300000,0.500000,-0.150000,1.000000,0.500000,-0.500000,0.009804,0.100000,-0.000980
t10-d0.4-a0.7-compact,10,0.400000,0.700000,4,1164,960,greedy-baseline,curated-textbook,goal-priority,20260925,1,2,true,true,2,,7,3,707,0.736458,false,0.000000,0.093279,1.427578,0,0,0,905,0.000000,-0.164685,0.000000,1.000000,0.132552,0.500000,0.066276,0.786391,0.300000,0.235917,1.000000,0.200000,0.200000,0.300000,0.500000,-0.150000,1.000000,0.500000,-0.500000,0.168783,0.100000,-0.016878
t10-d0.4-a0.7-compact,10,0.400000,0.700000,4,1164,960,greedy-baseline,curated-textbook,goal-priority,20260926,1,2,true,true,2,,7,3,707,0.736458,false,0.000000,0.093279,1.427578,0,0,0,815,0.000000,-0.164685,0.000000,1.000000,0.132552,0.500000,0.066276,0.786391,0.300000,0.235917,1.000000,0.200000,0.200000,0.300000,0.500000,-0.150000,1.000000,0.500000,-0.500000,0.168783,0.100000,-0.016878
t10-d0.4-a0.7-compact,10,0.400000,0.700000,4,1164,960,greedy-baseline,curated-textbook,goal-priority,20260927,1,2,true,true,2,,7,3,707,0.736458,false,0.000000,0.093279,1.427578,0,0,0,703,0.000000,-0.164685,0.000000,1.000000,0.132552,0.500000,0.066276,0.786391,0.300000,0.235917,1.000000,0.200000,0.200000,0.300000,0.500000,-0.150000,1.000000,0.500000,-0.500000,0.168783,0.100000,-0.016878
t10-d0.4-a0.7-compact,10,0.400000,0.700000,4,1164,960,greedy-baseline,curated-textbook,goal-priority,20260928,1,2,true,true,2,,7,3,707,0.736458,false,0.000000,0.093279,1.427578,0,0,0,566,0.000000,-0.164685,0.000000,1.000000,0.132552,0.500000,0.066276,0.786391,0.300000,0.235917,1.000000,0.200000,0.200000,0.300000,0.500000,-0.150000,1.000000,0.500000,-0.500000,0.168783,0.100000,-0.016878
t10-d0.4-a0.7-compact,10,0.400000,0.700000,4,1164,960,greedy-baseline,curated-textbook,goal-priority,20260929,1,2,true,true,2,,7,3,707,0.736458,false,0.000000,0.093279,1.427578,0,0,0,582,0.000000,-0.164685,0.000000,1.000000,0.132552,0.500000,0.066276,0.786391,0.300000,0.235917,1.000000,0.200000,0.200000,0.300000,0.500000,-0.150000,1.000000,0.500000,-0.500000,0.168783,0.100000,-0.016878
t10-d0.4-a0.7-compact,10,0.400000,0.700000,4,1164,960,greedy-baseline,all,goal-priority,20260925,2,2,true,true,2,,7,3,707,0.736458,false,0.000000,0.093279,1.427578,0,0,0,502,0.000000,-0.164685,0.000000,1.000000,0.132552,0.500000,0.066276,0.786391,0.300000,0.235917,1.000000,0.200000,0.200000,0.300000,0.500000,-0.150000,1.000000,0.500000,-0.500000,0.168783,0.100000,-0.016878
t10-d0.4-a0.7-compact,10,0.400000,0.700000,4,1164,960,greedy-baseline,all,goal-priority,20260926,2,2,true,true,2,,7,3,707,0.736458,false,0.000000,0.093279,1.427578,0,0,0,512,0.000000,-0.164685,0.000000,1.000000,0.132552,0.500000,0.066276,0.786391,0.300000,0.235917,1.000000,0.200000,0.200000,0.300000,0.500000,-0.150000,1.000000,0.500000,-0.500000,0.168783,0.100000,-0.016878
t10-d0.4-a0.7-compact,10,0.400000,0.700000,4,1164,960,greedy-baseline,all,goal-priority,20260927,2,2,true,true,2,,7,3,707,0.736458,false,0.000000,0.093279,1.427578,0,0,0,546,0.000000,-0.164685,0.000000,1.000000,0.132552,0.500000,0.066276,0.786391,0.300000,0.235917,1.000000,0.200000,0.200000,0.300000,0.500000,-0.150000,1.000000,0.500000,-0.500000,0.168783,0.100000,-0.016878
t10-d0.4-a0.7-compact,10,0.400000,0.700000,4,1164,960,greedy-baseline,all,goal-priority,20260928,2,2,true,true,2,,7,3,707,0.736458,false,0.000000,0.093279,1.427578,0,0,0,459,0.000000,-0.164685,0.000000,1.000000,0.132552,0.500000,0.066276,0.786391,0.300000,0.235917,1.000000,0.200000,0.200000,0.300000,0.500000,-0.150000,1.000000,0.500000,-0.500000,0.168783,0.100000,-0.016878
t10-d0.4-a0.7-compact,10,0.400000,0.700000,4,1164,960,greedy-baseline,all,goal-priority,20260929,2,2,true,true,2,,7,3,707,0.736458,false,0.000000,0.093279,1.427578,0,0,0,606,0.000000,-0.164685,0.000000,1.000000,0.132552,0.500000,0.066276,0.786391,0.300000,0.235917,1.000000,0.200000,0.200000,0.300000,0.500000,-0.150000,1.000000,0.500000,-0.500000,0.168783,0.100000,-0.016878
t10-d0.4-a0.7-compact,10,0.400000,0.700000,4,1164,960,ga,curated,goal-priority,20260925,1,1,true,true,0,1,7,3,803,0.836458,false,0.000000,0.085050,1.698891,60,40,2440,40331,0.000000,-0.205729,0.000000,1.000000,0.103245,0.500000,0.051622,0.642162,0.300000,0.192649,1.000000,0.200000,0.200000,0.300000,0.500000,-0.150000,1.000000,0.500000,-0.500000,0.000000,0.100000,-0.000000
t10-d0.4-a0.7-compact,10,0.400000,0.700000,4,1164,960,ga,curated,goal-priority,20260926,1,1,true,true,0,1,7,3,803,0.836458,false,0.000000,0.085050,1.698891,60,40,2440,8031,0.000000,-0.205729,0.000000,1.000000,0.103245,0.500000,0.051622,0.642162,0.300000,0.192649,1.000000,0.200000,0.200000,0.300000,0.500000,-0.150000,1.000000,0.500000,-0.500000,0.000000,0.100000,-0.000000
t10-d0.4-a0.7-compact,10,0.400000,0.700000,4,1164,960,ga,curated,goal-priority,20260927,1,1,true,true,0,1,7,3,803,0.836458,false,0.000000,0.085050,1.698891,60,40,2440,5644,0.000000,-0.205729,0.000000,1.000000,0.103245,0.500000,0.051622,0.642162,0.300000,0.192649,1.000000,0.200000,0.200000,0.300000,0.500000,-0.150000,1.000000,0.500000,-0.500000,0.000000,0.100000,-0.000000
t10-d0.4-a0.7-compact,10,0.400000,0.700000,4,1164,960,ga,curated,goal-priority,20260928,1,1,true,true,0,1,7,3,803,0.836458,false,0.000000,0.085050,1.698891,60,40,2440,4829,0.000000,-0.205729,0.000000,1.000000,0.103245,0.500000,0.051622,0.642162,0.300000,0.192649,1.000000,0.200000,0.200000,0.300000,0.500000,-0.150000,1.000000,0.500000,-0.500000,0.000000,0.100000,-0.000000
t10-d0.4-a0.7-compact,10,0.400000,0.700000,4,1164,960,ga,curated,goal-priority,20260929,1,1,true,true,0,1,7,3,803,0.836458,false,0.000000,0.085050,1.698891,60,40,2440,5007,0.000000,-0.205729,0.000000,1.000000,0.103245,0.500000,0.051622,0.642162,0.300000,0.192649,1.000000,0.200000,0.200000,0.300000,0.500000,-0.150000,1.000000,0.500000,-0.500000,0.000000,0.100000,-0.000000
t10-d0.4-a0.7-compact,10,0.400000,0.700000,4,1164,960,ga,curated-textbook,goal-priority,20260925,1,2,true,true,0,1,7,3,803,0.836458,false,0.000000,0.085050,1.698891,60,40,2440,4635,0.000000,-0.205729,0.000000,1.000000,0.103245,0.500000,0.051622,0.642162,0.300000,0.192649,1.000000,0.200000,0.200000,0.300000,0.500000,-0.150000,1.000000,0.500000,-0.500000,0.000000,0.100000,-0.000000
t10-d0.4-a0.7-compact,10,0.400000,0.700000,4,1164,960,ga,curated-textbook,goal-priority,20260926,1,2,true,true,0,1,7,3,803,0.836458,false,0.000000,0.085050,1.698891,60,40,2440,4326,0.000000,-0.205729,0.000000,1.000000,0.103245,0.500000,0.051622,0.642162,0.300000,0.192649,1.000000,0.200000,0.200000,0.300000,0.500000,-0.150000,1.000000,0.500000,-0.500000,0.000000,0.100000,-0.000000
t10-d0.4-a0.7-compact,10,0.400000,0.700000,4,1164,960,ga,curated-textbook,goal-priority,20260927,1,2,true,true,0,1,7,3,803,0.836458,false,0.000000,0.085050,1.698891,60,40,2440,4112,0.000000,-0.205729,0.000000,1.000000,0.103245,0.500000,0.051622,0.642162,0.300000,0.192649,1.000000,0.200000,0.200000,0.300000,0.500000,-0.150000,1.000000,0.500000,-0.500000,0.000000,0.100000,-0.000000
t10-d0.4-a0.7-compact,10,0.400000,0.700000,4,1164,960,ga,curated-textbook,goal-priority,20260928,1,2,true,true,0,1,7,3,803,0.836458,false,0.000000,0.085050,1.698891,60,40,2440,4229,0.000000,-0.205729,0.000000,1.000000,0.103245,0.500000,0.051622,0.642162,0.300000,0.192649,1.000000,0.200000,0.200000,0.300000,0.500000,-0.150000,1.000000,0.500000,-0.500000,0.000000,0.100000,-0.000000
t10-d0.4-a0.7-compact,10,0.400000,0.700000,4,1164,960,ga,curated-textbook,goal-priority,20260929,1,2,true,true,0,1,7,3,803,0.836458,false,0.000000,0.085050,1.698891,60,40,2440,3825,0.000000,-0.205729,0.000000,1.000000,0.103245,0.500000,0.051622,0.642162,0.300000,0.192649,1.000000,0.200000,0.200000,0.300000,0.500000,-0.150000,1.000000,0.500000,-0.500000,0.000000,0.100000,-0.000000
t10-d0.4-a0.7-compact,10,0.400000,0.700000,4,1164,960,ga,all,goal-priority,20260925,2,2,true,true,0,1,7,3,803,0.836458,false,0.000000,0.085050,1.698891,60,40,2440,3972,0.000000,-0.205729,0.000000,1.000000,0.103245,0.500000,0.051622,0.642162,0.300000,0.192649,1.000000,0.200000,0.200000,0.300000,0.500000,-0.150000,1.000000,0.500000,-0.500000,0.000000,0.100000,-0.000000
t10-d0.4-a0.7-compact,10,0.400000,0.700000,4,1164,960,ga,all,goal-priority,20260926,2,2,true,true,0,1,7,3,803,0.836458,false,0.000000,0.085050,1.698891,60,40,2440,3693,0.000000,-0.205729,0.000000,1.000000,0.103245,0.500000,0.051622,0.642162,0.300000,0.192649,1.000000,0.200000,0.200000,0.300000,0.500000,-0.150000,1.000000,0.500000,-0.500000,0.000000,0.100000,-0.000000
t10-d0.4-a0.7-compact,10,0.400000,0.700000,4,1164,960,ga,all,goal-priority,20260927,2,2,true,true,0,1,7,3,803,0.836458,false,0.000000,0.085050,1.698891,60,40,2440,4374,0.000000,-0.205729,0.000000,1.000000,0.103245,0.500000,0.051622,0.642162,0.300000,0.192649,1.000000,0.200000,0.200000,0.300000,0.500000,-0.150000,1.000000,0.500000,-0.500000,0.000000,0.100000,-0.000000
t10-d0.4-a0.7-compact,10,0.400000,0.700000,4,1164,960,ga,all,goal-priority,20260928,2,2,true,true,0,1,7,3,803,0.836458,false,0.000000,0.085050,1.698891,60,40,2440,4265,0.000000,-0.205729,0.000000,1.000000,0.103245,0.500000,0.051622,0.642162,0.300000,0.192649,1.000000,0.200000,0.200000,0.300000,0.500000,-0.150000,1.000000,0.500000,-0.500000,0.000000,0.100000,-0.000000
t10-d0.4-a0.7-compact,10,0.400000,0.700000,4,1164,960,ga,all,goal-priority,20260929,2,2,true,true,0,1,7,3,803,0.836458,false,0.000000,0.085050,1.698891,60,40,2440,3775,0.000000,-0.205729,0.000000,1.000000,0.103245,0.500000,0.051622,0.642162,0.300000,0.192649,1.000000,0.200000,0.200000,0.300000,0.500000,-0.150000,1.000000,0.500000,-0.500000,0.000000,0.100000,-0.000000
t10-d0.4-a0.7-sparse,10,0.400000,0.700000,7,1105,960,greedy-baseline,curated,goal-priority,20260925,1,1,true,true,1,,5,5,632,0.658333,false,0.000000,0.103694,1.555412,0,0,0,410,0.000000,-0.436206,0.000000,1.000000,0.101479,0.500000,0.050740,0.543516,0.300000,0.163055,1.000000,0.200000,0.200000,0.500000,0.500000,-0.250000,1.000000,0.500000,-0.500000,1.000000,0.100000,-0.100000
t10-d0.4-a0.7-sparse,10,0.400000,0.700000,7,1105,960,greedy-baseline,curated,goal-priority,20260926,1,1,true,true,1,,5,5,632,0.658333,false,0.000000,0.103694,1.555412,0,0,0,420,0.000000,-0.436206,0.000000,1.000000,0.101479,0.500000,0.050740,0.543516,0.300000,0.163055,1.000000,0.200000,0.200000,0.500000,0.500000,-0.250000,1.000000,0.500000,-0.500000,1.000000,0.100000,-0.100000
t10-d0.4-a0.7-sparse,10,0.400000,0.700000,7,1105,960,greedy-baseline,curated,goal-priority,20260927,1,1,true,true,1,,5,5,632,0.658333,false,0.000000,0.103694,1.555412,0,0,0,317,0.000000,-0.436206,0.000000,1.000000,0.101479,0.500000,0.050740,0.543516,0.300000,0.163055,1.000000,0.200000,0.200000,0.500000,0.500000,-0.250000,1.000000,0.500000,-0.500000,1.000000,0.100000,-0.100000
t10-d0.4-a0.7-sparse,10,0.400000,0.700000,7,1105,960,greedy-baseline,curated,goal-priority,20260928,1,1,true,true,1,,5,5,632,0.658333,false,0.000000,0.103694,1.555412,0,0,0,603,0.000000,-0.436206,0.000000,1.000000,0.101479,0.500000,0.050740,0.543516,0.300000,0.163055,1.000000,0.200000,0.200000,0.500000,0.500000,-0.250000,1.000000,0.500000,-0.500000,1.000000,0.100000,-0.100000
t10-d0.4-a0.7-sparse,10,0.400000,0.700000,7,1105,960,greedy-baseline,curated,goal-priority,20260929,1,1,true,true,1,,5,5,632,0.658333,false,0.000000,0.103694,1.555412,0,0,0,674,0.000000,-0.436206,0.000000,1.000000,0.101479,0.500000,0.050740,0.543516,0.300000,0.163055,1.000000,0.200000,0.200000,0.500000,0.500000,-0.250000,1.000000,0.500000,-0.500000,1.000000,0.100000,-0.100000
t10-d0.4-a0.7-sparse,10,0.400000,0.700000,7,1105,960,greedy-baseline,curated-textbook,goal-priority,20260925,1,2,true,true,2,,5,5,632,0.658333,false,0.000000,0.103694,1.555412,0,0,0,438,0.000000,-0.436206,0.000000,1.000000,0.101479,0.500000,0.050740,0.543516,0.300000,0.163055,1.000000,0.200000,0.200000,0.500000,0.500000,-0.250000,1.000000,0.500000,-0.500000,1.000000,0.100000,-0.100000
t10-d0.4-a0.7-sparse,10,0.400000,0.700000,7,1105,960,greedy-baseline,curated-textbook,goal-priority,20260926,1,2,true,true,2,,5,5,632,0.658333,false,0.000000,0.103694,1.555412,0,0,0,257,0.000000,-0.436206,0.000000,1.000000,0.101479,0.500000,0.050740,0.543516,0.300000,0.163055,1.000000,0.200000,0.200000,0.500000,0.500000,-0.250000,1.000000,0.500000,-0.500000,1.000000,0.100000,-0.100000
t10-d0.4-a0.7-sparse,10,0.400000,0.700000,7,1105,960,greedy-baseline,curated-textbook,goal-priority,20260927,1,2,true,true,2,,5,5,632,0.658333,false,0.000000,0.103694,1.555412,0,0,0,492,0.000000,-0.436206,0.000000,1.000000,0.101479,0.500000,0.050740,0.543516,0.300000,0.163055,1.000000,0.200000,0.200000,0.500000,0.500000,-0.250000,1.000000,0.500000,-0.500000,1.000000,0.100000,-0.100000
t10-d0.4-a0.7-sparse,10,0.400000,0.700000,7,1105,960,greedy-baseline,curated-textbook,goal-priority,20260928,1,2,true,true,2,,5,5,632,0.658333,false,0.000000,0.103694,1.555412,0,0,0,435,0.000000,-0.436206,0.000000,1.000000,0.101479,0.500000,0.050740,0.543516,0.300000,0.163055,1.000000,0.200000,0.200000,0.500000,0.500000,-0.250000,1.000000,0.500000,-0.500000,1.000000,0.100000,-0.100000
t10-d0.4-a0.7-sparse,10,0.400000,0.700000,7,1105,960,greedy-baseline,curated-textbook,goal-priority,20260929,1,2,true,true,2,,5,5,632,0.658333,false,0.000000,0.103694,1.555412,0,0,0,335,0.000000,-0.436206,0.000000,1.000000,0.101479,0.500000,0.050740,0.543516,0.300000,0.163055,1.000000,0.200000,0.200000,0.500000,0.500000,-0.250000,1.000000,0.500000,-0.500000,1.000000,0.100000,-0.100000
t10-d0.4-a0.7-sparse,10,0.400000,0.700000,7,1105,960,greedy-baseline,all,goal-priority,20260925,2,2,true,true,2,,5,5,632,0.658333,false,0.000000,0.103694,1.555412,0,0,0,2652,0.000000,-0.436206,0.000000,1.000000,0.101479,0.500000,0.050740,0.543516,0.300000,0.163055,1.000000,0.200000,0.200000,0.500000,0.500000,-0.250000,1.000000,0.500000,-0.500000,1.000000,0.100000,-0.100000
t10-d0.4-a0.7-sparse,10,0.400000,0.700000,7,1105,960,greedy-baseline,all,goal-priority,20260926,2,2,true,true,2,,5,5,632,0.658333,false,0.000000,0.103694,1.555412,0,0,0,382,0.000000,-0.436206,0.000000,1.000000,0.101479,0.500000,0.050740,0.543516,0.300000,0.163055,1.000000,0.200000,0.200000,0.500000,0.500000,-0.250000,1.000000,0.500000,-0.500000,1.000000,0.100000,-0.100000
t10-d0.4-a0.7-sparse,10,0.400000,0.700000,7,1105,960,greedy-baseline,all,goal-priority,20260927,2,2,true,true,2,,5,5,632,0.658333,false,0.000000,0.103694,1.555412,0,0,0,297,0.000000,-0.436206,0.000000,1.000000,0.101479,0.500000,0.050740,0.543516,0.300000,0.163055,1.000000,0.200000,0.200000,0.500000,0.500000,-0.250000,1.000000,0.500000,-0.500000,1.000000,0.100000,-0.100000
t10-d0.4-a0.7-sparse,10,0.400000,0.700000,7,1105,960,greedy-baseline,all,goal-priority,20260928,2,2,true,true,2,,5,5,632,0.658333,false,0.000000,0.103694,1.555412,0,0,0,452,0.000000,-0.436206,0.000000,1.000000,0.101479,0.500000,0.050740,0.543516,0.300000,0.163055,1.000000,0.200000,0.200000,0.500000,0.500000,-0.250000,1.000000,0.500000,-0.500000,1.000000,0.100000,-0.100000
t10-d0.4-a0.7-sparse,10,0.400000,0.700000,7,1105,960,greedy-baseline,all,goal-priority,20260929,2,2,true,true,2,,5,5,632,0.658333,false,0.000000,0.103694,1.555412,0,0,0,335,0.000000,-0.436206,0.000000,1.000000,0.101479,0.500000,0.050740,0.543516,0.300000,0.163055,1.000000,0.200000,0.200000,0.500000,0.500000,-0.250000,1.000000,0.500000,-0.500000,1.000000,0.100000,-0.100000
t10-d0.4-a0.7-sparse,10,0.400000,0.700000,7,1105,960,ga,curated,goal-priority,20260925,1,1,true,true,0,1,7,3,772,0.804167,false,0.000000,0.141593,1.431662,60,40,2440,4516,0.000000,-0.232810,0.000000,1.000000,0.103245,0.500000,0.051622,0.551891,0.300000,0.165567,1.000000,0.200000,0.200000,0.300000,0.500000,-0.150000,1.000000,0.500000,-0.500000,0.000000,0.100000,-0.000000
t10-d0.4-a0.7-sparse,10,0.400000,0.700000,7,1105,960,ga,curated,goal-priority,20260926,1,1,true,true,0,1,7,3,772,0.804167,false,0.000000,0.141593,1.431662,60,40,2440,3958,0.000000,-0.232810,0.000000,1.000000,0.103245,0.500000,0.051622,0.551891,0.300000,0.165567,1.000000,0.200000,0.200000,0.300000,0.500000,-0.150000,1.000000,0.500000,-0.500000,0.000000,0.100000,-0.000000
t10-d0.4-a0.7-sparse,10,0.400000,0.700000,7,1105,960,ga,curated,goal-priority,20260927,1,1,true,true,0,1,7,3,772,0.804167,false,0.000000,0.141593,1.431662,60,40,2440,3974,0.000000,-0.232810,0.000000,1.000000,0.103245,0.500000,0.051622,0.551891,0.300000,0.165567,1.000000,0.200000,0.200000,0.300000,0.500000,-0.150000,1.000000,0.500000,-0.500000,0.000000,0.100000,-0.000000
t10-d0.4-a0.7-sparse,10,0.400000,0.700000,7,1105,960,ga,curated,goal-priority,20260928,1,1,true,true,0,1,7,3,772,0.804167,false,0.000000,0.141593,1.431662,60,40,2440,4233,0.000000,-0.232810,0.000000,1.000000,0.103245,0.500000,0.051622,0.551891,0.300000,0.165567,1.000000,0.200000,0.200000,0.300000,0.500000,-0.150000,1.000000,0.500000,-0.500000,0.000000,0.100000,-0.000000
t10-d0.4-a0.7-sparse,10,0.400000,0.700000,7,1105,960,ga,curated,goal-priority,20260929,1,1,true,true,0,1,7,3,772,0.804167,false,0.000000,0.141593,1.431662,60,40,2440,3711,0.000000,-0.232810,0.000000,1.000000,0.103245,0.500000,0.051622,0.551891,0.300000,0.165567,1.000000,0.200000,0.200000,0.300000,0.500000,-0.150000,1.000000,0.500000,-0.500000,0.000000,0.100000,-0.000000
t10-d0.4-a0.7-sparse,10,0.400000,0.700000,7,1105,960,ga,curated-textbook,goal-priority,20260925,1,2,true,true,0,1,7,3,772,0.804167,false,0.000000,0.141593,1.431662,60,40,2440,3962,0.000000,-0.232810,0.000000,1.000000,0.103245,0.500000,0.051622,0.551891,0.300000,0.165567,1.000000,0.200000,0.200000,0.300000,0.500000,-0.150000,1.000000,0.500000,-0.500000,0.000000,0.100000,-0.000000
t10-d0.4-a0.7-sparse,10,0.400000,0.700000,7,1105,960,ga,curated-textbook,goal-priority,20260926,1,2,true,true,0,1,7,3,772,0.804167,false,0.000000,0.141593,1.431662,60,40,2440,3692,0.000000,-0.232810,0.000000,1.000000,0.103245,0.500000,0.051622,0.551891,0.300000,0.165567,1.000000,0.200000,0.200000,0.300000,0.500000,-0.150000,1.000000,0.500000,-0.500000,0.000000,0.100000,-0.000000
t10-d0.4-a0.7-sparse,10,0.400000,0.700000,7,1105,960,ga,curated-textbook,goal-priority,20260927,1,2,true,true,0,1,7,3,772,0.804167,false,0.000000,0.141593,1.431662,60,40,2440,3504,0.000000,-0.232810,0.000000,1.000000,0.103245,0.500000,0.051622,0.551891,0.300000,0.165567,1.000000,0.200000,0.200000,0.300000,0.500000,-0.150000,1.000000,0.500000,-0.500000,0.000000,0.100000,-0.000000
t10-d0.4-a0.7-sparse,10,0.400000,0.700000,7,1105,960,ga,curated-textbook,goal-priority,20260928,1,2,true,true,0,1,7,3,772,0.804167,false,0.000000,0.141593,1.431662,60,40,2440,3463,0.000000,-0.232810,0.000000,1.000000,0.103245,0.500000,0.051622,0.551891,0.300000,0.165567,1.000000,0.200000,0.200000,0.300000,0.500000,-0.150000,1.000000,0.500000,-0.500000,0.000000,0.100000,-0.000000
t10-d0.4-a0.7-sparse,10,0.400000,0.700000,7,1105,960,ga,curated-textbook,goal-priority,20260929,1,2,true,true,0,1,7,3,772,0.804167,false,0.000000,0.141593,1.431662,60,40,2440,3388,0.000000,-0.232810,0.000000,1.000000,0.103245,0.500000,0.051622,0.551891,0.300000,0.165567,1.000000,0.200000,0.200000,0.300000,0.500000,-0.150000,1.000000,0.500000,-0.500000,0.000000,0.100000,-0.000000
t10-d0.4-a0.7-sparse,10,0.400000,0.700000,7,1105,960,ga,all,goal-priority,20260925,2,2,true,true,0,1,7,3,772,0.804167,false,0.000000,0.141593,1.431662,60,40,2440,4029,0.000000,-0.232810,0.000000,1.000000,0.103245,0.500000,0.051622,0.551891,0.300000,0.165567,1.000000,0.200000,0.200000,0.300000,0.500000,-0.150000,1.000000,0.500000,-0.500000,0.000000,0.100000,-0.000000
t10-d0.4-a0.7-sparse,10,0.400000,0.700000,7,1105,960,ga,all,goal-priority,20260926,2,2,true,true,0,1,7,3,772,0.804167,false,0.000000,0.141593,1.431662,60,40,2440,3956,0.000000,-0.232810,0.000000,1.000000,0.103245,0.500000,0.051622,0.551891,0.300000,0.165567,1.000000,0.200000,0.200000,0.300000,0.500000,-0.150000,1.000000,0.500000,-0.500000,0.000000,0.100000,-0.000000
t10-d0.4-a0.7-sparse,10,0.400000,0.700000,7,1105,960,ga,all,goal-priority,20260927,2,2,true,true,0,1,7,3,772,0.804167,false,0.000000,0.141593,1.431662,60,40,2440,4077,0.000000,-0.232810,0.000000,1.000000,0.103245,0.500000,0.051622,0.551891,0.300000,0.165567,1.000000,0.200000,0.200000,0.300000,0.500000,-0.150000,1.000000,0.500000,-0.500000,0.000000,0.100000,-0.000000
t10-d0.4-a0.7-sparse,10,0.400000,0.700000,7,1105,960,ga,all,goal-priority,20260928,2,2,true,true,0,1,7,3,772,0.804167,false,0.000000,0.141593,1.431662,60,40,2440,4048,0.000000,-0.232810,0.000000,1.000000,0.103245,0.500000,0.051622,0.551891,0.300000,0.165567,1.000000,0.200000,0.200000,0.300000,0.500000,-0.150000,1.000000,0.500000,-0.500000,0.000000,0.100000,-0.000000
t10-d0.4-a0.7-sparse,10,0.400000,0.700000,7,1105,960,ga,all,goal-priority,20260929,2,2,true,true,0,1,7,3,772,0.804167,false,0.000000,0.141593,1.431662,60,40,2440,3525,0.000000,-0.232810,0.000000,1.000000,0.103245,0.500000,0.051622,0.551891,0.300000,0.165567,1.000000,0.200000,0.200000,0.300000,0.500000,-0.150000,1.000000,0.500000,-0.500000,0.000000,0.100000,-0.000000
t10-d0.4-a1.0-compact,10,0.400000,1.000000,5,1034,1200,greedy-baseline,curated,goal-priority,20260925,1,1,true,true,1,,9,1,928,0.773333,false,0.000000,0.349403,1.696152,0,0,0,455,0.000000,-0.070198,0.000000,1.000000,0.139878,0.500000,0.069939,0.864490,0.300000,0.259347,1.000000,0.200000,0.200000,0.100000,0.500000,-0.050000,1.000000,0.500000,-0.500000,0.494845,0.100000,-0.049485
t10-d0.4-a1.0-compact,10,0.400000,1.000000,5,1034,1200,greedy-baseline,curated,goal-priority,20260926,1,1,true,true,1,,9,1,928,0.773333,false,0.000000,0.349403,1.696152,0,0,0,309,0.000000,-0.070198,0.000000,1.000000,0.139878,0.500000,0.069939,0.864490,0.300000,0.259347,1.000000,0.200000,0.200000,0.100000,0.500000,-0.050000,1.000000,0.500000,-0.500000,0.494845,0.100000,-0.049485
t10-d0.4-a1.0-compact,10,0.400000,1.000000,5,1034,1200,greedy-baseline,curated,goal-priority,20260927,1,1,true,true,1,,9,1,928,0.773333,false,0.000000,0.349403,1.696152,0,0,0,372,0.000000,-0.070198,0.000000,1.000000,0.139878,0.500000,0.069939,0.864490,0.300000,0.259347,1.000000,0.200000,0.200000,0.100000,0.500000,-0.050000,1.000000,0.500000,-0.500000,0.494845,0.100000,-0.049485
t10-d0.4-a1.0-compact,10,0.400000,1.000000,5,1034,1200,greedy-baseline,curated,goal-priority,20260928,1,1,true,true,1,,9,1,928,0.773333,false,0.000000,0.349403,1.696152,0,0,0,261,0.000000,-0.070198,0.000000,1.000000,0.139878,0.500000,0.069939,0.864490,0.300000,0.259347,1.000000,0.200000,0.200000,0.100000,0.500000,-0.050000,1.000000,0.500000,-0.500000,0.494845,0.100000,-0.049485
t10-d0.4-a1.0-compact,10,0.400000,1.000000,5,1034,1200,greedy-baseline,curated,goal-priority,20260929,1,1,true,true,1,,9,1,928,0.773333,false,0.000000,0.349403,1.696152,0,0,0,416,0.000000,-0.070198,0.000000,1.000000,0.139878,0.500000,0.069939,0.864490,0.300000,0.259347,1.000000,0.200000,0.200000,0.100000,0.500000,-0.050000,1.000000,0.500000,-0.500000,0.494845,0.100000,-0.049485
t10-d0.4-a1.0-compact,10,0.400000,1.000000,5,1034,1200,greedy-baseline,curated-textbook,goal-priority,20260925,1,2,true,true,2,,9,1,928,0.773333,false,0.000000,0.349403,1.696152,0,0,0,289,0.000000,-0.095456,0.000000,1.000000,0.139878,0.500000,0.069939,0.864490,0.300000,0.259347,1.000000,0.200000,0.200000,0.100000,0.500000,-0.050000,1.000000,0.500000,-0.500000,0.747423,0.100000,-0.074742
t10-d0.4-a1.0-compact,10,0.400000,1.000000,5,1034,1200,greedy-baseline,curated-textbook,goal-priority,20260926,1,2,true,true,2,,9,1,928,0.773333,false,0.000000,0.349403,1.696152,0,0,0,331,0.000000,-0.095456,0.000000,1.000000,0.139878,0.500000,0.069939,0.864490,0.300000,0.259347,1.000000,0.200000,0.200000,0.100000,0.500000,-0.050000,1.000000,0.500000,-0.500000,0.747423,0.100000,-0.074742
t10-d0.4-a1.0-compact,10,0.400000,1.000000,5,1034,1200,greedy-baseline,curated-textbook,goal-priority,20260927,1,2,true,true,2,,9,1,928,0.773333,false,0.000000,0.349403,1.696152,0,0,0,303,0.000000,-0.095456,0.000000,1.000000,0.139878,0.500000,0.069939,0.864490,0.300000,0.259347,1.000000,0.200000,0.200000,0.100000,0.500000,-0.050000,1.000000,0.500000,-0.500000,0.747423,0.100000,-0.074742
t10-d0.4-a1.0-compact,10,0.400000,1.000000,5,1034,1200,greedy-baseline,curated-textbook,goal-priority,20260928,1,2,true,true,2,,9,1,928,0.773333,false,0.000000,0.349403,1.696152,0,0,0,252,0.000000,-0.095456,0.000000,1.000000,0.139878,0.500000,0.069939,0.864490,0.300000,0.259347,1.000000,0.200000,0.200000,0.100000,0.500000,-0.050000,1.000000,0.500000,-0.500000,0.747423,0.100000,-0.074742
t10-d0.4-a1.0-compact,10,0.400000,1.000000,5,1034,1200,greedy-baseline,curated-textbook,goal-priority,20260929,1,2,true,true,2,,9,1,928,0.773333,false,0.000000,0.349403,1.696152,0,0,0,265,0.000000,-0.095456,0.000000,1.000000,0.139878,0.500000,0.069939,0.864490,0.300000,0.259347,1.000000,0.200000,0.200000,0.100000,0.500000,-0.050000,1.000000,0.500000,-0.500000,0.747423,0.100000,-0.074742
t10-d0.4-a1.0-compact,10,0.400000,1.000000,5,1034,1200,greedy-baseline,all,goal-priority,20260925,2,2,true,true,2,,9,1,928,0.773333,false,0.000000,0.349403,1.696152,0,0,0,305,0.000000,-0.095456,0.000000,1.000000,0.139878,0.500000,0.069939,0.864490,0.300000,0.259347,1.000000,0.200000,0.200000,0.100000,0.500000,-0.050000,1.000000,0.500000,-0.500000,0.747423,0.100000,-0.074742
t10-d0.4-a1.0-compact,10,0.400000,1.000000,5,1034,1200,greedy-baseline,all,goal-priority,20260926,2,2,true,true,2,,9,1,928,0.773333,false,0.000000,0.349403,1.696152,0,0,0,375,0.000000,-0.095456,0.000000,1.000000,0.139878,0.500000,0.069939,0.864490,0.300000,0.259347,1.000000,0.200000,0.200000,0.100000,0.500000,-0.050000,1.000000,0.500000,-0.500000,0.747423,0.100000,-0.074742
t10-d0.4-a1.0-compact,10,0.400000,1.000000,5,1034,1200,greedy-baseline,all,goal-priority,20260927,2,2,true,true,2,,9,1,928,0.773333,false,0.000000,0.349403,1.696152,0,0,0,376,0.000000,-0.095456,0.000000,1.000000,0.139878,0.500000,0.069939,0.864490,0.300000,0.259347,1.000000,0.200000,0.200000,0.100000,0.500000,-0.050000,1.000000,0.500000,-0.500000,0.747423,0.100000,-0.074742
t10-d0.4-a1.0-compact,10,0.400000,1.000000,5,1034,1200,greedy-baseline,all,goal-priority,20260928,2,2,true,true,2,,9,1,928,0.773333,false,0.000000,0.349403,1.696152,0,0,0,258,0.000000,-0.095456,0.000000,1.000000,0.139878,0.500000,0.069939,0.864490,0.300000,0.259347,1.000000,0.200000,0.200000,0.100000,0.500000,-0.050000,1.000000,0.500000,-0.500000,0.747423,0.100000,-0.074742
t10-d0.4-a1.0-compact,10,0.400000,1.000000,5,1034,1200,greedy-baseline,all,goal-priority,20260929,2,2,true,true,2,,9,1,928,0.773333,false,0.000000,0.349403,1.696152,0,0,0,260,0.000000,-0.095456,0.000000,1.000000,0.139878,0.500000,0.069939,0.864490,0.300000,0.259347,1.000000,0.200000,0.200000,0.100000,0.500000,-0.050000,1.000000,0.500000,-0.500000,0.747423,0.100000,-0.074742
t10-d0.4-a1.0-compact,10,0.400000,1.000000,5,1034,1200,ga,curated,goal-priority,20260925,1,1,true,true,0,1,8,2,879,0.732500,false,0.000000,0.256964,1.402498,60,40,2440,6813,0.000000,-0.042687,0.000000,1.000000,0.148115,0.500000,0.074058,0.777519,0.300000,0.233256,1.000000,0.200000,0.200000,0.200000,0.500000,-0.100000,0.900000,0.500000,-0.450000,0.000000,0.100000,-0.000000
t10-d0.4-a1.0-compact,10,0.400000,1.000000,5,1034,1200,ga,curated,goal-priority,20260926,1,1,true,true,0,1,8,2,879,0.732500,false,0.000000,0.256964,1.402498,60,40,2440,4413,0.000000,-0.042687,0.000000,1.000000,0.148115,0.500000,0.074058,0.777519,0.300000,0.233256,1.000000,0.200000,0.200000,0.200000,0.500000,-0.100000,0.900000,0.500000,-0.450000,0.000000,0.100000,-0.000000
t10-d0.4-a1.0-compact,10,0.400000,1.000000,5,1034,1200,ga,curated,goal-priority,20260927,1,1,true,true,0,1,8,2,879,0.732500,false,0.000000,0.256964,1.402498,60,40,2440,3831,0.000000,-0.042687,0.000000,1.000000,0.148115,0.500000,0.074058,0.777519,0.300000,0.233256,1.000000,0.200000,0.200000,0.200000,0.500000,-0.100000,0.900000,0.500000,-0.450000,0.000000,0.100000,-0.000000
t10-d0.4-a1.0-compact,10,0.400000,1.000000,5,1034,1200,ga,curated,goal-priority,20260928,1,1,true,true,0,1,8,2,879,0.732500,false,0.000000,0.256964,1.402498,60,40,2440,3692,0.000000,-0.042687,0.000000,1.000000,0.148115,0.500000,0.074058,0.777519,0.300000,0.233256,1.000000,0.200000,0.200000,0.200000,0.500000,-0.100000,0.900000,0.500000,-0.450000,0.000000,0.100000,-0.000000
t10-d0.4-a1.0-compact,10,0.400000,1.000000,5,1034,1200,ga,curated,goal-priority,20260929,1,1,true,true,0,1,8,2,879,0.732500,false,0.000000,0.256964,1.402498,60,40,2440,4067,0.000000,-0.042687,0.000000,1.000000,0.148115,0.500000,0.074058,0.777519,0.300000,0.233256,1.000000,0.200000,0.200000,0.200000,0.500000,-0.100000,0.900000,0.500000,-0.450000,0.000000,0.100000,-0.000000
t10-d0.4-a1.0-compact,10,0.400000,1.000000,5,1034,1200,ga,curated-textbook,goal-priority,20260925,1,2,true,true,0,1,8,2,879,0.732500,false,0.000000,0.256964,1.402498,60,40,2440,3546,0.000000,-0.042687,0.000000,1.000000,0.148115,0.500000,0.074058,0.777519,0.300000,0.233256,1.000000,0.200000,0.200000,0.200000,0.500000,-0.100000,0.900000,0.500000,-0.450000,0.000000,0.100000,-0.000000
t10-d0.4-a1.0-compact,10,0.400000,1.000000,5,1034,1200,ga,curated-textbook,goal-priority,20260926,1,2,true,true,0,1,8,2,879,0.732500,false,0.000000,0.256964,1.402498,60,40,2440,3662,0.000000,-0.042687,0.000000,1.000000,0.148115,0.500000,0.074058,0.777519,0.300000,0.233256,1.000000,0.200000,0.200000,0.200000,0.500000,-0.100000,0.900000,0.500000,-0.450000,0.000000,0.100000,-0.000000
t10-d0.4-a1.0-compact,10,0.400000,1.000000,5,1034,1200,ga,curated-textbook,goal-priority,20260927,1,2,true,true,0,1,8,2,879,0.732500,false,0.000000,0.256964,1.402498,60,40,2440,3525,0.000000,-0.042687,0.000000,1.000000,0.148115,0.500000,0.074058,0.777519,0.300000,0.233256,1.000000,0.200000,0.200000,0.200000,0.500000,-0.100000,0.900000,0.500000,-0.450000,0.000000,0.100000,-0.000000
t10-d0.4-a1.0-compact,10,0.400000,1.000000,5,1034,1200,ga,curated-textbook,goal-priority,20260928,1,2,true,true,0,1,8,2,879,0.732500,false,0.000000,0.256964,1.402498,60,40,2440,3333,0.000000,-0.042687,0.000000,1.000000,0.148115,0.500000,0.074058,0.777519,0.300000,0.233256,1.000000,0.200000,0.200000,0.200000,0.500000,-0.100000,0.900000,0.500000,-0.450000,0.000000,0.100000,-0.000000
t10-d0.4-a1.0-compact,10,0.400000,1.000000,5,1034,1200,ga,curated-textbook,goal-priority,20260929,1,2,true,true,0,1,8,2,879,0.732500,false,0.000000,0.256964,1.402498,60,40,2440,3248,0.000000,-0.042687,0.000000,1.000000,0.148115,0.500000,0.074058,0.777519,0.300000,0.233256,1.000000,0.200000,0.200000,0.200000,0.500000,-0.100000,0.900000,0.500000,-0.450000,0.000000,0.100000,-0.000000
t10-d0.4-a1.0-compact,10,0.400000,1.000000,5,1034,1200,ga,all,goal-priority,20260925,2,2,true,true,0,1,8,2,879,0.732500,false,0.000000,0.256964,1.402498,60,40,2440,3337,0.000000,-0.042687,0.000000,1.000000,0.148115,0.500000,0.074058,0.777519,0.300000,0.233256,1.000000,0.200000,0.200000,0.200000,0.500000,-0.100000,0.900000,0.500000,-0.450000,0.000000,0.100000,-0.000000
t10-d0.4-a1.0-compact,10,0.400000,1.000000,5,1034,1200,ga,all,goal-priority,20260926,2,2,true,true,0,1,8,2,879,0.732500,false,0.000000,0.256964,1.402498,60,40,2440,3726,0.000000,-0.042687,0.000000,1.000000,0.148115,0.500000,0.074058,0.777519,0.300000,0.233256,1.000000,0.200000,0.200000,0.200000,0.500000,-0.100000,0.900000,0.500000,-0.450000,0.000000,0.100000,-0.000000
t10-d0.4-a1.0-compact,10,0.400000,1.000000,5,1034,1200,ga,all,goal-priority,20260927,2,2,true,true,0,1,8,2,879,0.732500,false,0.000000,0.256964,1.402498,60,40,2440,3278,0.000000,-0.042687,0.000000,1.000000,0.148115,0.500000,0.074058,0.777519,0.300000,0.233256,1.000000,0.200000,0.200000,0.200000,0.500000,-0.100000,0.900000,0.500000,-0.450000,0.000000,0.100000,-0.000000
t10-d0.4-a1.0-compact,10,0.400000,1.000000,5,1034,1200,ga,all,goal-priority,20260928,2,2,true,true,0,1,8,2,879,0.732500,false,0.000000,0.256964,1.402498,60,40,2440,3824,0.000000,-0.042687,0.000000,1.000000,0.148115,0.500000,0.074058,0.777519,0.300000,0.233256,1.000000,0.200000,0.200000,0.200000,0.500000,-0.100000,0.900000,0.500000,-0.450000,0.000000,0.100000,-0.000000
t10-d0.4-a1.0-compact,10,0.400000,1.000000,5,1034,1200,ga,all,goal-priority,20260929,2,2,true,true,0,1,8,2,879,0.732500,false,0.000000,0.256964,1.402498,60,40,2440,3247,0.000000,-0.042687,0.000000,1.000000,0.148115,0.500000,0.074058,0.777519,0.300000,0.233256,1.000000,0.200000,0.200000,0.200000,0.500000,-0.100000,0.900000,0.500000,-0.450000,0.000000,0.100000,-0.000000
t10-d0.4-a1.0-sparse,10,0.400000,1.000000,9,1195,1200,greedy-baseline,curated,goal-priority,20260925,1,1,true,true,1,,7,3,843,0.702500,false,0.000000,0.387392,1.554379,0,0,0,299,0.000000,-0.325549,0.000000,1.000000,0.120656,0.500000,0.060328,0.547077,0.300000,0.164123,1.000000,0.200000,0.200000,0.300000,0.500000,-0.150000,1.000000,0.500000,-0.500000,1.000000,0.100000,-0.100000
t10-d0.4-a1.0-sparse,10,0.400000,1.000000,9,1195,1200,greedy-baseline,curated,goal-priority,20260926,1,1,true,true,1,,7,3,843,0.702500,false,0.000000,0.387392,1.554379,0,0,0,181,0.000000,-0.325549,0.000000,1.000000,0.120656,0.500000,0.060328,0.547077,0.300000,0.164123,1.000000,0.200000,0.200000,0.300000,0.500000,-0.150000,1.000000,0.500000,-0.500000,1.000000,0.100000,-0.100000
t10-d0.4-a1.0-sparse,10,0.400000,1.000000,9,1195,1200,greedy-baseline,curated,goal-priority,20260927,1,1,true,true,1,,7,3,843,0.702500,false,0.000000,0.387392,1.554379,0,0,0,216,0.000000,-0.325549,0.000000,1.000000,0.120656,0.500000,0.060328,0.547077,0.300000,0.164123,1.000000,0.200000,0.200000,0.300000,0.500000,-0.150000,1.000000,0.500000,-0.500000,1.000000,0.100000,-0.100000
t10-d0.4-a1.0-sparse,10,0.400000,1.000000,9,1195,1200,greedy-baseline,curated,goal-priority,20260928,1,1,true,true,1,,7,3,843,0.702500,false,0.000000,0.387392,1.554379,0,0,0,161,0.000000,-0.325549,0.000000,1.000000,0.120656,0.500000,0.060328,0.547077,0.300000,0.164123,1.000000,0.200000,0.200000,0.300000,0.500000,-0.150000,1.000000,0.500000,-0.500000,1.000000,0.100000,-0.100000
t10-d0.4-a1.0-sparse,10,0.400000,1.000000,9,1195,1200,greedy-baseline,curated,goal-priority,20260929,1,1,true,true,1,,7,3,843,0.702500,false,0.000000,0.387392,1.554379,0,0,0,275,0.000000,-0.325549,0.000000,1.000000,0.120656,0.500000,0.060328,0.547077,0.300000,0.164123,1.000000,0.200000,0.200000,0.300000,0.500000,-0.150000,1.000000,0.500000,-0.500000,1.000000,0.100000,-0.100000
t10-d0.4-a1.0-sparse,10,0.400000,1.000000,9,1195,1200,greedy-baseline,curated-textbook,goal-priority,20260925,1,2,true,true,1,,7,3,843,0.702500,false,0.000000,0.387392,1.554379,0,0,0,233,0.000000,-0.275549,0.000000,1.000000,0.120656,0.500000,0.060328,0.547077,0.300000,0.164123,1.000000,0.200000,0.200000,0.300000,0.500000,-0.150000,1.000000,0.500000,-0.500000,0.500000,0.100000,-0.050000
t10-d0.4-a1.0-sparse,10,0.400000,1.000000,9,1195,1200,greedy-baseline,curated-textbook,goal-priority,20260926,1,2,true,true,1,,7,3,843,0.702500,false,0.000000,0.387392,1.554379,0,0,0,251,0.000000,-0.275549,0.000000,1.000000,0.120656,0.500000,0.060328,0.547077,0.300000,0.164123,1.000000,0.200000,0.200000,0.300000,0.500000,-0.150000,1.000000,0.500000,-0.500000,0.500000,0.100000,-0.050000
t10-d0.4-a1.0-sparse,10,0.400000,1.000000,9,1195,1200,greedy-baseline,curated-textbook,goal-priority,20260927,1,2,true,true,1,,7,3,843,0.702500,false,0.000000,0.387392,1.554379,0,0,0,259,0.000000,-0.275549,0.000000,1.000000,0.120656,0.500000,0.060328,0.547077,0.300000,0.164123,1.000000,0.200000,0.200000,0.300000,0.500000,-0.150000,1.000000,0.500000,-0.500000,0.500000,0.100000,-0.050000
t10-d0.4-a1.0-sparse,10,0.400000,1.000000,9,1195,1200,greedy-baseline,curated-textbook,goal-priority,20260928,1,2,true,true,1,,7,3,843,0.702500,false,0.000000,0.387392,1.554379,0,0,0,169,0.000000,-0.275549,0.000000,1.000000,0.120656,0.500000,0.060328,0.547077,0.300000,0.164123,1.000000,0.200000,0.200000,0.300000,0.500000,-0.150000,1.000000,0.500000,-0.500000,0.500000,0.100000,-0.050000
t10-d0.4-a1.0-sparse,10,0.400000,1.000000,9,1195,1200,greedy-baseline,curated-textbook,goal-priority,20260929,1,2,true,true,1,,7,3,843,0.702500,false,0.000000,0.387392,1.554379,0,0,0,160,0.000000,-0.275549,0.000000,1.000000,0.120656,0.500000,0.060328,0.547077,0.300000,0.164123,1.000000,0.200000,0.200000,0.300000,0.500000,-0.150000,1.000000,0.500000,-0.500000,0.500000,0.100000,-0.050000
t10-d0.4-a1.0-sparse,10,0.400000,1.000000,9,1195,1200,greedy-baseline,all,goal-priority,20260925,2,2,true,true,1,,8,2,941,0.784167,false,0.000000,0.371653,1.491228,0,0,0,175,0.000000,-0.172847,0.000000,1.000000,0.133104,0.500000,0.066552,0.619699,0.300000,0.185910,1.000000,0.200000,0.200000,0.200000,0.500000,-0.100000,1.000000,0.500000,-0.500000,0.253086,0.100000,-0.025309
t10-d0.4-a1.0-sparse,10,0.400000,1.000000,9,1195,1200,greedy-baseline,all,goal-priority,20260926,2,2,true,true,1,,8,2,941,0.784167,false,0.000000,0.371653,1.491228,0,0,0,223,0.000000,-0.172847,0.000000,1.000000,0.133104,0.500000,0.066552,0.619699,0.300000,0.185910,1.000000,0.200000,0.200000,0.200000,0.500000,-0.100000,1.000000,0.500000,-0.500000,0.253086,0.100000,-0.025309
t10-d0.4-a1.0-sparse,10,0.400000,1.000000,9,1195,1200,greedy-baseline,all,goal-priority,20260927,2,2,true,true,1,,8,2,941,0.784167,false,0.000000,0.371653,1.491228,0,0,0,320,0.000000,-0.172847,0.000000,1.000000,0.133104,0.500000,0.066552,0.619699,0.300000,0.185910,1.000000,0.200000,0.200000,0.200000,0.500000,-0.100000,1.000000,0.500000,-0.500000,0.253086,0.100000,-0.025309
t10-d0.4-a1.0-sparse,10,0.400000,1.000000,9,1195,1200,greedy-baseline,all,goal-priority,20260928,2,2,true,true,1,,8,2,941,0.784167,false,0.000000,0.371653,1.491228,0,0,0,311,0.000000,-0.172847,0.000000,1.000000,0.133104,0.500000,0.066552,0.619699,0.300000,0.185910,1.000000,0.200000,0.200000,0.200000,0.500000,-0.100000,1.000000,0.500000,-0.500000,0.253086,0.100000,-0.025309
t10-d0.4-a1.0-sparse,10,0.400000,1.000000,9,1195,1200,greedy-baseline,all,goal-priority,20260929,2,2,true,true,1,,8,2,941,0.784167,false,0.000000,0.371653,1.491228,0,0,0,306,0.000000,-0.172847,0.000000,1.000000,0.133104,0.500000,0.066552,0.619699,0.300000,0.185910,1.000000,0.200000,0.200000,0.200000,0.500000,-0.100000,1.000000,0.500000,-0.500000,0.253086,0.100000,-0.025309
t10-d0.4-a1.0-sparse,10,0.400000,1.000000,9,1195,1200,ga,curated,goal-priority,20260925,1,1,true,true,0,1,6,4,764,0.636667,false,0.000000,0.374700,1.738609,60,40,2440,3328,0.000000,-0.333982,0.000000,1.000000,0.096471,0.500000,0.048235,0.392609,0.300000,0.117783,1.000000,0.200000,0.200000,0.400000,0.500000,-0.200000,1.000000,0.500000,-0.500000,0.000000,0.100000,-0.000000
t10-d0.4-a1.0-sparse,10,0.400000,1.000000,9,1195,1200,ga,curated,goal-priority,20260926,1,1,true,true,0,1,6,4,764,0.636667,false,0.000000,0.374700,1.738609,60,40,2440,3240,0.000000,-0.333982,0.000000,1.000000,0.096471,0.500000,0.048235,0.392609,0.300000,0.117783,1.000000,0.200000,0.200000,0.400000,0.500000,-0.200000,1.000000,0.500000,-0.500000,0.000000,0.100000,-0.000000
t10-d0.4-a1.0-sparse,10,0.400000,1.000000,9,1195,1200,ga,curated,goal-priority,20260927,1,1,true,true,0,1,6,4,764,0.636667,false,0.000000,0.374700,1.738609,60,40,2440,3105,0.000000,-0.333982,0.000000,1.000000,0.096471,0.500000,0.048235,0.392609,0.300000,0.117783,1.000000,0.200000,0.200000,0.400000,0.500000,-0.200000,1.000000,0.500000,-0.500000,0.000000,0.100000,-0.000000
t10-d0.4-a1.0-sparse,10,0.400000,1.000000,9,1195,1200,ga,curated,goal-priority,20260928,1,1,true,true,0,1,6,4,764,0.636667,false,0.000000,0.374700,1.738609,60,40,2440,3246,0.000000,-0.333982,0.000000,1.000000,0.096471,0.500000,0.048235,0.392609,0.300000,0.117783,1.000000,0.200000,0.200000,0.400000,0.500000,-0.200000,1.000000,0.500000,-0.500000,0.000000,0.100000,-0.000000
t10-d0.4-a1.0-sparse,10,0.400000,1.000000,9,1195,1200,ga,curated,goal-priority,20260929,1,1,true,true,0,1,6,4,764,0.636667,false,0.000000,0.374700,1.738609,60,40,2440,3758,0.000000,-0.333982,0.000000,1.000000,0.096471,0.500000,0.048235,0.392609,0.300000,0.117783,1.000000,0.200000,0.200000,0.400000,0.500000,-0.200000,1.000000,0.500000,-0.500000,0.000000,0.100000,-0.000000
t10-d0.4-a1.0-sparse,10,0.400000,1.000000,9,1195,1200,ga,curated-textbook,goal-priority,20260925,1,2,true,true,0,1,6,4,764,0.636667,false,0.000000,0.374700,1.738609,60,40,2440,3281,0.000000,-0.333982,0.000000,1.000000,0.096471,0.500000,0.048235,0.392609,0.300000,0.117783,1.000000,0.200000,0.200000,0.400000,0.500000,-0.200000,1.000000,0.500000,-0.500000,0.000000,0.100000,-0.000000
t10-d0.4-a1.0-sparse,10,0.400000,1.000000,9,1195,1200,ga,curated-textbook,goal-priority,20260926,1,2,true,true,0,1,6,4,764,0.636667,false,0.000000,0.374700,1.738609,60,40,2440,3551,0.000000,-0.333982,0.000000,1.000000,0.096471,0.500000,0.048235,0.392609,0.300000,0.117783,1.000000,0.200000,0.200000,0.400000,0.500000,-0.200000,1.000000,0.500000,-0.500000,0.000000,0.100000,-0.000000
t10-d0.4-a1.0-sparse,10,0.400000,1.000000,9,1195,1200,ga,curated-textbook,goal-priority,20260927,1,2,true,true,0,1,6,4,764,0.636667,false,0.000000,0.374700,1.738609,60,40,2440,3456,0.000000,-0.333982,0.000000,1.000000,0.096471,0.500000,0.048235,0.392609,0.300000,0.117783,1.000000,0.200000,0.200000,0.400000,0.500000,-0.200000,1.000000,0.500000,-0.500000,0.000000,0.100000,-0.000000
t10-d0.4-a1.0-sparse,10,0.400000,1.000000,9,1195,1200,ga,curated-textbook,goal-priority,20260928,1,2,true,true,0,1,6,4,764,0.636667,false,0.000000,0.374700,1.738609,60,40,2440,3174,0.000000,-0.333982,0.000000,1.000000,0.096471,0.500000,0.048235,0.392609,0.300000,0.117783,1.000000,0.200000,0.200000,0.400000,0.500000,-0.200000,1.000000,0.500000,-0.500000,0.000000,0.100000,-0.000000
t10-d0.4-a1.0-sparse,10,0.400000,1.000000,9,1195,1200,ga,curated-textbook,goal-priority,20260929,1,2,true,true,0,1,6,4,764,0.636667,false,0.000000,0.374700,1.738609,60,40,2440,3135,0.000000,-0.333982,0.000000,1.000000,0.096471,0.500000,0.048235,0.392609,0.300000,0.117783,1.000000,0.200000,0.200000,0.400000,0.500000,-0.200000,1.000000,0.500000,-0.500000,0.000000,0.100000,-0.000000
t10-d0.4-a1.0-sparse,10,0.400000,1.000000,9,1195,1200,ga,all,goal-priority,20260925,2,2,true,true,0,1,6,4,764,0.636667,false,0.000000,0.374700,1.738609,60,40,2440,3362,0.000000,-0.333982,0.000000,1.000000,0.096471,0.500000,0.048235,0.392609,0.300000,0.117783,1.000000,0.200000,0.200000,0.400000,0.500000,-0.200000,1.000000,0.500000,-0.500000,0.000000,0.100000,-0.000000
t10-d0.4-a1.0-sparse,10,0.400000,1.000000,9,1195,1200,ga,all,goal-priority,20260926,2,2,true,true,0,1,6,4,764,0.636667,false,0.000000,0.374700,1.738609,60,40,2440,3198,0.000000,-0.333982,0.000000,1.000000,0.096471,0.500000,0.048235,0.392609,0.300000,0.117783,1.000000,0.200000,0.200000,0.400000,0.500000,-0.200000,1.000000,0.500000,-0.500000,0.000000,0.100000,-0.000000
t10-d0.4-a1.0-sparse,10,0.400000,1.000000,9,1195,1200,ga,all,goal-priority,20260927,2,2,true,true,0,1,6,4,764,0.636667,false,0.000000,0.374700,1.738609,60,40,2440,3101,0.000000,-0.333982,0.000000,1.000000,0.096471,0.500000,0.048235,0.392609,0.300000,0.117783,1.000000,0.200000,0.200000,0.400000,0.500000,-0.200000,1.000000,0.500000,-0.500000,0.000000,0.100000,-0.000000
t10-d0.4-a1.0-sparse,10,0.400000,1.000000,9,1195,1200,ga,all,goal-priority,20260928,2,2,true,true,0,1,6,4,764,0.636667,false,0.000000,0.374700,1.738609,60,40,2440,3296,0.000000,-0.333982,0.000000,1.000000,0.096471,0.500000,0.048235,0.392609,0.300000,0.117783,1.000000,0.200000,0.200000,0.400000,0.500000,-0.200000,1.000000,0.500000,-0.500000,0.000000,0.100000,-0.000000
t10-d0.4-a1.0-sparse,10,0.400000,1.000000,9,1195,1200,ga,all,goal-priority,20260929,2,2,true,true,0,1,6,4,764,0.636667,false,0.000000,0.374700,1.738609,60,40,2440,3864,0.000000,-0.333982,0.000000,1.000000,0.096471,0.500000,0.048235,0.392609,0.300000,0.117783,1.000000,0.200000,0.200000,0.400000,0.500000,-0.200000,1.000000,0.500000,-0.500000,0.000000,0.100000,-0.000000
t10-d0.4-a1.5-compact,10,0.400000,1.500000,8,1156,1920,greedy-baseline,curated,goal-priority,20260925,1,1,true,true,1,,10,0,1156,0.602083,false,0.000000,0.331611,1.525409,0,0,0,336,0.000000,-0.023044,0.000000,1.000000,0.147978,0.500000,0.073989,0.782614,0.300000,0.234784,1.000000,0.200000,0.200000,0.000000,0.500000,-0.000000,1.000000,0.500000,-0.500000,0.318171,0.100000,-0.031817
t10-d0.4-a1.5-compact,10,0.400000,1.500000,8,1156,1920,greedy-baseline,curated,goal-priority,20260926,1,1,true,true,1,,10,0,1156,0.602083,false,0.000000,0.331611,1.525409,0,0,0,220,0.000000,-0.023044,0.000000,1.000000,0.147978,0.500000,0.073989,0.782614,0.300000,0.234784,1.000000,0.200000,0.200000,0.000000,0.500000,-0.000000,1.000000,0.500000,-0.500000,0.318171,0.100000,-0.031817
t10-d0.4-a1.5-compact,10,0.400000,1.500000,8,1156,1920,greedy-baseline,curated,goal-priority,20260927,1,1,true,true,1,,10,0,1156,0.602083,false,0.000000,0.331611,1.525409,0,0,0,219,0.000000,-0.023044,0.000000,1.000000,0.147978,0.500000,0.073989,0.782614,0.300000,0.234784,1.000000,0.200000,0.200000,0.000000,0.500000,-0.000000,1.000000,0.500000,-0.500000,0.318171,0.100000,-0.031817
t10-d0.4-a1.5-compact,10,0.400000,1.500000,8,1156,1920,greedy-baseline,curated,goal-priority,20260928,1,1,true,true,1,,10,0,1156,0.602083,false,0.000000,0.331611,1.525409,0,0,0,281,0.000000,-0.023044,0.000000,1.000000,0.147978,0.500000,0.073989,0.782614,0.300000,0.234784,1.000000,0.200000,0.200000,0.000000,0.500000,-0.000000,1.000000,0.500000,-0.500000,0.318171,0.100000,-0.031817
t10-d0.4-a1.5-compact,10,0.400000,1.500000,8,1156,1920,greedy-baseline,curated,goal-priority,20260929,1,1,true,true,1,,10,0,1156,0.602083,false,0.000000,0.331611,1.525409,0,0,0,172,0.000000,-0.023044,0.000000,1.000000,0.147978,0.500000,0.073989,0.782614,0.300000,0.234784,1.000000,0.200000,0.200000,0.000000,0.500000,-0.000000,1.000000,0.500000,-0.500000,0.318171,0.100000,-0.031817
t10-d0.4-a1.5-compact,10,0.400000,1.500000,8,1156,1920,greedy-baseline,curated-textbook,goal-priority,20260925,1,2,true,true,2,,10,0,1156,0.602083,false,0.000000,0.331611,1.525409,0,0,0,243,0.000000,-0.023802,0.000000,1.000000,0.147978,0.500000,0.073989,0.782614,0.300000,0.234784,1.000000,0.200000,0.200000,0.000000,0.500000,-0.000000,1.000000,0.500000,-0.500000,0.325752,0.100000,-0.032575
t10-d0.4-a1.5-compact,10,0.400000,1.500000,8,1156,1920,greedy-baseline,curated-textbook,goal-priority,20260926,1,2,true,true,2,,10,0,1156,0.602083,false,0.000000,0.331611,1.525409,0,0,0,234,0.000000,-0.023802,0.000000,1.000000,0.147978,0.500000,0.073989,0.782614,0.300000,0.234784,1.000000,0.200000,0.200000,0.000000,0.500000,-0.000000,1.000000,0.500000,-0.500000,0.325752,0.100000,-0.032575
t10-d0.4-a1.5-compact,10,0.400000,1.500000,8,1156,1920,greedy-baseline,curated-textbook,goal-priority,20260927,1,2,true,true,2,,10,0,1156,0.602083,false,0.000000,0.331611,1.525409,0,0,0,209,0.000000,-0.023802,0.000000,1.000000,0.147978,0.500000,0.073989,0.782614,0.300000,0.234784,1.000000,0.200000,0.200000,0.000000,0.500000,-0.000000,1.000000,0.500000,-0.500000,0.325752,0.100000,-0.032575
t10-d0.4-a1.5-compact,10,0.400000,1.500000,8,1156,1920,greedy-baseline,curated-textbook,goal-priority,20260928,1,2,true,true,2,,10,0,1156,0.602083,false,0.000000,0.331611,1.525409,0,0,0,242,0.000000,-0.023802,0.000000,1.000000,0.147978,0.500000,0.073989,0.782614,0.300000,0.234784,1.000000,0.200000,0.200000,0.000000,0.500000,-0.000000,1.000000,0.500000,-0.500000,0.325752,0.100000,-0.032575
t10-d0.4-a1.5-compact,10,0.400000,1.500000,8,1156,1920,greedy-baseline,curated-textbook,goal-priority,20260929,1,2,true,true,2,,10,0,1156,0.602083,false,0.000000,0.331611,1.525409,0,0,0,301,0.000000,-0.023802,0.000000,1.000000,0.147978,0.500000,0.073989,0.782614,0.300000,0.234784,1.000000,0.200000,0.200000,0.000000,0.500000,-0.000000,1.000000,0.500000,-0.500000,0.325752,0.100000,-0.032575
t10-d0.4-a1.5-compact,10,0.400000,1.500000,8,1156,1920,greedy-baseline,all,goal-priority,20260925,2,2,true,true,2,,10,0,1156,0.602083,false,0.000000,0.331611,1.525409,0,0,0,272,0.000000,-0.023802,0.000000,1.000000,0.147978,0.500000,0.073989,0.782614,0.300000,0.234784,1.000000,0.200000,0.200000,0.000000,0.500000,-0.000000,1.000000,0.500000,-0.500000,0.325752,0.100000,-0.032575
t10-d0.4-a1.5-compact,10,0.400000,1.500000,8,1156,1920,greedy-baseline,all,goal-priority,20260926,2,2,true,true,2,,10,0,1156,0.602083,false,0.000000,0.331611,1.525409,0,0,0,163,0.000000,-0.023802,0.000000,1.000000,0.147978,0.500000,0.073989,0.782614,0.300000,0.234784,1.000000,0.200000,0.200000,0.000000,0.500000,-0.000000,1.000000,0.500000,-0.500000,0.325752,0.100000,-0.032575
t10-d0.4-a1.5-compact,10,0.400000,1.500000,8,1156,1920,greedy-baseline,all,goal-priority,20260927,2,2,true,true,2,,10,0,1156,0.602083,false,0.000000,0.331611,1.525409,0,0,0,295,0.000000,-0.023802,0.000000,1.000000,0.147978,0.500000,0.073989,0.782614,0.300000,0.234784,1.000000,0.200000,0.200000,0.000000,0.500000,-0.000000,1.000000,0.500000,-0.500000,0.325752,0.100000,-0.032575
t10-d0.4-a1.5-compact,10,0.400000,1.500000,8,1156,1920,greedy-baseline,all,goal-priority,20260928,2,2,true,true,2,,10,0,1156,0.602083,false,0.000000,0.331611,1.525409,0,0,0,202,0.000000,-0.023802,0.000000,1.000000,0.147978,0.500000,0.073989,0.782614,0.300000,0.234784,1.000000,0.200000,0.200000,0.000000,0.500000,-0.000000,1.000000,0.500000,-0.500000,0.325752,0.100000,-0.032575
t10-d0.4-a1.5-compact,10,0.400000,1.500000,8,1156,1920,greedy-baseline,all,goal-priority,20260929,2,2,true,true,2,,10,0,1156,0.602083,false,0.000000,0.331611,1.525409,0,0,0,168,0.000000,-0.023802,0.000000,1.000000,0.147978,0.500000,0.073989,0.782614,0.300000,0.234784,1.000000,0.200000,0.200000,0.000000,0.500000,-0.000000,1.000000,0.500000,-0.500000,0.325752,0.100000,-0.032575
t10-d0.4-a1.5-compact,10,0.400000,1.500000,8,1156,1920,ga,curated,goal-priority,20260925,1,1,true,true,1,0,9,1,1478,0.769792,false,0.000000,0.160272,1.916099,60,40,2440,3800,0.116259,0.116259,0.116259,1.000000,0.206613,0.500000,0.103306,0.876509,0.300000,0.262953,1.000000,0.200000,0.200000,0.100000,0.500000,-0.050000,0.600000,0.500000,-0.300000,1.000000,0.100000,-0.100000
t10-d0.4-a1.5-compact,10,0.400000,1.500000,8,1156,1920,ga,curated,goal-priority,20260926,1,1,true,true,1,0,9,1,1478,0.769792,false,0.000000,0.160272,1.916099,60,40,2440,3366,0.116259,0.116259,0.116259,1.000000,0.206613,0.500000,0.103306,0.876509,0.300000,0.262953,1.000000,0.200000,0.200000,0.100000,0.500000,-0.050000,0.600000,0.500000,-0.300000,1.000000,0.100000,-0.100000
t10-d0.4-a1.5-compact,10,0.400000,1.500000,8,1156,1920,ga,curated,goal-priority,20260927,1,1,true,true,1,0,9,1,1478,0.769792,false,0.000000,0.160272,1.916099,60,40,2440,6120,0.116259,0.116259,0.116259,1.000000,0.206613,0.500000,0.103306,0.876509,0.300000,0.262953,1.000000,0.200000,0.200000,0.100000,0.500000,-0.050000,0.600000,0.500000,-0.300000,1.000000,0.100000,-0.100000
t10-d0.4-a1.5-compact,10,0.400000,1.500000,8,1156,1920,ga,curated,goal-priority,20260928,1,1,true,true,1,0,9,1,1412,0.735417,false,0.000000,0.197576,1.962541,60,40,2440,3307,0.126931,0.126931,0.126931,1.000000,0.217853,0.500000,0.108926,0.893350,0.300000,0.268005,1.000000,0.200000,0.200000,0.100000,0.500000,-0.050000,0.600000,0.500000,-0.300000,1.000000,0.100000,-0.100000
t10-d0.4-a1.5-compact,10,0.400000,1.500000,8,1156,1920,ga,curated,goal-priority,20260929,1,1,true,true,1,0,9,1,1478,0.769792,false,0.000000,0.160272,1.916099,60,40,2440,3725,0.116259,0.116259,0.116259,1.000000,0.206613,0.500000,0.103306,0.876509,0.300000,0.262953,1.000000,0.200000,0.200000,0.100000,0.500000,-0.050000,0.600000,0.500000,-0.300000,1.000000,0.100000,-0.100000
t10-d0.4-a1.5-compact,10,0.400000,1.500000,8,1156,1920,ga,curated-textbook,goal-priority,20260925,1,2,true,true,1,0,9,1,1478,0.769792,false,0.000000,0.160272,1.916099,60,40,2440,3288,0.166259,0.166259,0.166259,1.000000,0.206613,0.500000,0.103306,0.876509,0.300000,0.262953,1.000000,0.200000,0.200000,0.100000,0.500000,-0.050000,0.600000,0.500000,-0.300000,0.500000,0.100000,-0.050000
t10-d0.4-a1.5-compact,10,0.400000,1.500000,8,1156,1920,ga,curated-textbook,goal-priority,20260926,1,2,true,true,1,0,9,1,1478,0.769792,false,0.000000,0.160272,1.916099,60,40,2440,3988,0.166259,0.166259,0.166259,1.000000,0.206613,0.500000,0.103306,0.876509,0.300000,0.262953,1.000000,0.200000,0.200000,0.100000,0.500000,-0.050000,0.600000,0.500000,-0.300000,0.500000,0.100000,-0.050000
t10-d0.4-a1.5-compact,10,0.400000,1.500000,8,1156,1920,ga,curated-textbook,goal-priority,20260927,1,2,true,true,1,0,9,1,1478,0.769792,false,0.000000,0.160272,1.916099,60,40,2440,4722,0.166259,0.166259,0.166259,1.000000,0.206613,0.500000,0.103306,0.876509,0.300000,0.262953,1.000000,0.200000,0.200000,0.100000,0.500000,-0.050000,0.600000,0.500000,-0.300000,0.500000,0.100000,-0.050000
t10-d0.4-a1.5-compact,10,0.400000,1.500000,8,1156,1920,ga,curated-textbook,goal-priority,20260928,1,2,true,true,1,0,9,1,1412,0.735417,false,0.000000,0.197576,1.962541,60,40,2440,3102,0.176931,0.176931,0.176931,1.000000,0.217853,0.500000,0.108926,0.893350,0.300000,0.268005,1.000000,0.200000,0.200000,0.100000,0.500000,-0.050000,0.600000,0.500000,-0.300000,0.500000,0.100000,-0.050000
t10-d0.4-a1.5-compact,10,0.400000,1.500000,8,1156,1920,ga,curated-textbook,goal-priority,20260929,1,2,true,true,1,0,9,1,1478,0.769792,false,0.000000,0.160272,1.916099,60,40,2440,3718,0.166259,0.166259,0.166259,1.000000,0.206613,0.500000,0.103306,0.876509,0.300000,0.262953,1.000000,0.200000,0.200000,0.100000,0.500000,-0.050000,0.600000,0.500000,-0.300000,0.500000,0.100000,-0.050000
t10-d0.4-a1.5-compact,10,0.400000,1.500000,8,1156,1920,ga,all,goal-priority,20260925,2,2,true,true,1,0,9,1,1478,0.769792,false,0.000000,0.160272,1.916099,60,40,2440,3204,0.166259,0.166259,0.166259,1.000000,0.206613,0.500000,0.103306,0.876509,0.300000,0.262953,1.000000,0.200000,0.200000,0.100000,0.500000,-0.050000,0.600000,0.500000,-0.300000,0.500000,0.100000,-0.050000
t10-d0.4-a1.5-compact,10,0.400000,1.500000,8,1156,1920,ga,all,goal-priority,20260926,2,2,true,true,1,0,9,1,1478,0.769792,false,0.000000,0.160272,1.916099,60,40,2440,3548,0.166259,0.166259,0.166259,1.000000,0.206613,0.500000,0.103306,0.876509,0.300000,0.262953,1.000000,0.200000,0.200000,0.100000,0.500000,-0.050000,0.600000,0.500000,-0.300000,0.500000,0.100000,-0.050000
t10-d0.4-a1.5-compact,10,0.400000,1.500000,8,1156,1920,ga,all,goal-priority,20260927,2,2,true,true,1,0,9,1,1478,0.769792,false,0.000000,0.160272,1.916099,60,40,2440,3311,0.166259,0.166259,0.166259,1.000000,0.206613,0.500000,0.103306,0.876509,0.300000,0.262953,1.000000,0.200000,0.200000,0.100000,0.500000,-0.050000,0.600000,0.500000,-0.300000,0.500000,0.100000,-0.050000
t10-d0.4-a1.5-compact,10,0.400000,1.500000,8,1156,1920,ga,all,goal-priority,20260928,2,2,true,true,1,0,9,1,1412,0.735417,false,0.000000,0.197576,1.962541,60,40,2440,3176,0.176931,0.176931,0.176931,1.000000,0.217853,0.500000,0.108926,0.893350,0.300000,0.268005,1.000000,0.200000,0.200000,0.100000,0.500000,-0.050000,0.600000,0.500000,-0.300000,0.500000,0.100000,-0.050000
t10-d0.4-a1.5-compact,10,0.400000,1.500000,8,1156,1920,ga,all,goal-priority,20260929,2,2,true,true,1,0,9,1,1478,0.769792,false,0.000000,0.160272,1.916099,60,40,2440,3366,0.166259,0.166259,0.166259,1.000000,0.206613,0.500000,0.103306,0.876509,0.300000,0.262953,1.000000,0.200000,0.200000,0.100000,0.500000,-0.050000,0.600000,0.500000,-0.300000,0.500000,0.100000,-0.050000
t10-d0.4-a1.5-sparse,10,0.400000,1.500000,13,977,1680,greedy-baseline,curated,goal-priority,20260925,1,1,true,true,1,,10,0,977,0.581548,false,0.000000,0.352217,1.647783,0,0,0,247,0.000000,-0.047057,0.000000,1.000000,0.147978,0.500000,0.073989,0.599695,0.300000,0.179909,1.000000,0.200000,0.200000,0.000000,0.500000,-0.000000,1.000000,0.500000,-0.500000,0.009543,0.100000,-0.000954
t10-d0.4-a1.5-sparse,10,0.400000,1.500000,13,977,1680,greedy-baseline,curated,goal-priority,20260926,1,1,true,true,1,,10,0,977,0.581548,false,0.000000,0.352217,1.647783,0,0,0,262,0.000000,-0.047057,0.000000,1.000000,0.147978,0.500000,0.073989,0.599695,0.300000,0.179909,1.000000,0.200000,0.200000,0.000000,0.500000,-0.000000,1.000000,0.500000,-0.500000,0.009543,0.100000,-0.000954
t10-d0.4-a1.5-sparse,10,0.400000,1.500000,13,977,1680,greedy-baseline,curated,goal-priority,20260927,1,1,true,true,1,,10,0,977,0.581548,false,0.000000,0.352217,1.647783,0,0,0,160,0.000000,-0.047057,0.000000,1.000000,0.147978,0.500000,0.073989,0.599695,0.300000,0.179909,1.000000,0.200000,0.200000,0.000000,0.500000,-0.000000,1.000000,0.500000,-0.500000,0.009543,0.100000,-0.000954
t10-d0.4-a1.5-sparse,10,0.400000,1.500000,13,977,1680,greedy-baseline,curated,goal-priority,20260928,1,1,true,true,1,,10,0,977,0.581548,false,0.000000,0.352217,1.647783,0,0,0,226,0.000000,-0.047057,0.000000,1.000000,0.147978,0.500000,0.073989,0.599695,0.300000,0.179909,1.000000,0.200000,0.200000,0.000000,0.500000,-0.000000,1.000000,0.500000,-0.500000,0.009543,0.100000,-0.000954
t10-d0.4-a1.5-sparse,10,0.400000,1.500000,13,977,1680,greedy-baseline,curated,goal-priority,20260929,1,1,true,true,1,,10,0,977,0.581548,false,0.000000,0.352217,1.647783,0,0,0,197,0.000000,-0.047057,0.000000,1.000000,0.147978,0.500000,0.073989,0.599695,0.300000,0.179909,1.000000,0.200000,0.200000,0.000000,0.500000,-0.000000,1.000000,0.500000,-0.500000,0.009543,0.100000,-0.000954
t10-d0.4-a1.5-sparse,10,0.400000,1.500000,13,977,1680,greedy-baseline,curated-textbook,goal-priority,20260925,1,2,true,true,2,,10,0,977,0.581548,false,0.000000,0.352217,1.647783,0,0,0,200,0.000000,-0.058960,0.000000,1.000000,0.147978,0.500000,0.073989,0.599695,0.300000,0.179909,1.000000,0.200000,0.200000,0.000000,0.500000,-0.000000,1.000000,0.500000,-0.500000,0.128579,0.100000,-0.012858
t10-d0.4-a1.5-sparse,10,0.400000,1.500000,13,977,1680,greedy-baseline,curated-textbook,goal-priority,20260926,1,2,true,true,2,,10,0,977,0.581548,false,0.000000,0.352217,1.647783,0,0,0,253,0.000000,-0.058960,0.000000,1.000000,0.147978,0.500000,0.073989,0.599695,0.300000,0.179909,1.000000,0.200000,0.200000,0.000000,0.500000,-0.000000,1.000000,0.500000,-0.500000,0.128579,0.100000,-0.012858
t10-d0.4-a1.5-sparse,10,0.400000,1.500000,13,977,1680,greedy-baseline,curated-textbook,goal-priority,20260927,1,2,true,true,2,,10,0,977,0.581548,false,0.000000,0.352217,1.647783,0,0,0,215,0.000000,-0.058960,0.000000,1.000000,0.147978,0.500000,0.073989,0.599695,0.300000,0.179909,1.000000,0.200000,0.200000,0.000000,0.500000,-0.000000,1.000000,0.500000,-0.500000,0.128579,0.100000,-0.012858
t10-d0.4-a1.5-sparse,10,0.400000,1.500000,13,977,1680,greedy-baseline,curated-textbook,goal-priority,20260928,1,2,true,true,2,,10,0,977,0.581548,false,0.000000,0.352217,1.647783,0,0,0,200,0.000000,-0.058960,0.000000,1.000000,0.147978,0.500000,0.073989,0.599695,0.300000,0.179909,1.000000,0.200000,0.200000,0.000000,0.500000,-0.000000,1.000000,0.500000,-0.500000,0.128579,0.100000,-0.012858
t10-d0.4-a1.5-sparse,10,0.400000,1.500000,13,977,1680,greedy-baseline,curated-textbook,goal-priority,20260929,1,2,true,true,2,,10,0,977,0.581548,false,0.000000,0.352217,1.647783,0,0,0,160,0.000000,-0.058960,0.000000,1.000000,0.147978,0.500000,0.073989,0.599695,0.300000,0.179909,1.000000,0.200000,0.200000,0.000000,0.500000,-0.000000,1.000000,0.500000,-0.500000,0.128579,0.100000,-0.012858
t10-d0.4-a1.5-sparse,10,0.400000,1.500000,13,977,1680,greedy-baseline,all,goal-priority,20260925,1,2,true,true,2,,10,0,977,0.581548,false,0.000000,0.352217,1.647783,0,0,0,220,0.000000,-0.058960,0.000000,1.000000,0.147978,0.500000,0.073989,0.599695,0.300000,0.179909,1.000000,0.200000,0.200000,0.000000,0.500000,-0.000000,1.000000,0.500000,-0.500000,0.128579,0.100000,-0.012858
t10-d0.4-a1.5-sparse,10,0.400000,1.500000,13,977,1680,greedy-baseline,all,goal-priority,20260926,1,2,true,true,2,,10,0,977,0.581548,false,0.000000,0.352217,1.647783,0,0,0,155,0.000000,-0.058960,0.000000,1.000000,0.147978,0.500000,0.073989,0.599695,0.300000,0.179909,1.000000,0.200000,0.200000,0.000000,0.500000,-0.000000,1.000000,0.500000,-0.500000,0.128579,0.100000,-0.012858
t10-d0.4-a1.5-sparse,10,0.400000,1.500000,13,977,1680,greedy-baseline,all,goal-priority,20260927,1,2,true,true,2,,10,0,977,0.581548,false,0.000000,0.352217,1.647783,0,0,0,188,0.000000,-0.058960,0.000000,1.000000,0.147978,0.500000,0.073989,0.599695,0.300000,0.179909,1.000000,0.200000,0.200000,0.000000,0.500000,-0.000000,1.000000,0.500000,-0.500000,0.128579,0.100000,-0.012858
t10-d0.4-a1.5-sparse,10,0.400000,1.500000,13,977,1680,greedy-baseline,all,goal-priority,20260928,1,2,true,true,2,,10,0,977,0.581548,false,0.000000,0.352217,1.647783,0,0,0,165,0.000000,-0.058960,0.000000,1.000000,0.147978,0.500000,0.073989,0.599695,0.300000,0.179909,1.000000,0.200000,0.200000,0.000000,0.500000,-0.000000,1.000000,0.500000,-0.500000,0.128579,0.100000,-0.012858
t10-d0.4-a1.5-sparse,10,0.400000,1.500000,13,977,1680,greedy-baseline,all,goal-priority,20260929,1,2,true,true,2,,10,0,977,0.581548,false,0.000000,0.352217,1.647783,0,0,0,165,0.000000,-0.058960,0.000000,1.000000,0.147978,0.500000,0.073989,0.599695,0.300000,0.179909,1.000000,0.200000,0.200000,0.000000,0.500000,-0.000000,1.000000,0.500000,-0.500000,0.128579,0.100000,-0.012858
t10-d0.4-a1.5-sparse,10,0.400000,1.500000,13,977,1680,ga,curated,goal-priority,20260925,1,1,true,true,0,1,10,0,1420,0.845238,false,0.000000,0.129239,1.629992,60,40,2440,3187,0.270470,0.270470,0.270470,1.000000,0.211444,0.500000,0.105722,0.715826,0.300000,0.214748,1.000000,0.200000,0.200000,0.000000,0.500000,-0.000000,0.500000,0.500000,-0.250000,0.000000,0.100000,-0.000000
t10-d0.4-a1.5-sparse,10,0.400000,1.500000,13,977,1680,ga,curated,goal-priority,20260926,1,1,true,true,0,1,10,0,1392,0.828571,false,0.000000,0.130617,1.647372,60,40,2440,3362,0.228933,0.228933,0.228933,1.000000,0.177979,0.500000,0.088989,0.633145,0.300000,0.189944,1.000000,0.200000,0.200000,0.000000,0.500000,-0.000000,0.500000,0.500000,-0.250000,0.000000,0.100000,-0.000000
t10-d0.4-a1.5-sparse,10,0.400000,1.500000,13,977,1680,ga,curated,goal-priority,20260927,1,1,true,true,0,1,10,0,1392,0.828571,false,0.000000,0.130617,1.647372,60,40,2440,3287,0.228933,0.228933,0.228933,1.000000,0.177979,0.500000,0.088989,0.633145,0.300000,0.189944,1.000000,0.200000,0.200000,0.000000,0.500000,-0.000000,0.500000,0.500000,-0.250000,0.000000,0.100000,-0.000000
t10-d0.4-a1.5-sparse,10,0.400000,1.500000,13,977,1680,ga,curated,goal-priority,20260928,1,1,true,true,0,1,10,0,1424,0.847619,false,0.000000,0.134510,1.976471,60,40,2440,3803,0.237243,0.237243,0.237243,1.000000,0.229444,0.500000,0.114722,0.741736,0.300000,0.222521,1.000000,0.200000,0.200000,0.000000,0.500000,-0.000000,0.600000,0.500000,-0.300000,0.000000,0.100000,-0.000000
t10-d0.4-a1.5-sparse,10,0.400000,1.500000,13,977,1680,ga,curated,goal-priority,20260929,1,1,true,true,0,1,10,0,1424,0.847619,false,0.000000,0.134510,1.976471,60,40,2440,3234,0.237243,0.237243,0.237243,1.000000,0.229444,0.500000,0.114722,0.741736,0.300000,0.222521,1.000000,0.200000,0.200000,0.000000,0.500000,-0.000000,0.600000,0.500000,-0.300000,0.000000,0.100000,-0.000000
t10-d0.4-a1.5-sparse,10,0.400000,1.500000,13,977,1680,ga,curated-textbook,goal-priority,20260925,1,2,true,true,0,1,10,0,1420,0.845238,false,0.000000,0.129239,1.629992,60,40,2440,3187,0.270470,0.270470,0.270470,1.000000,0.211444,0.500000,0.105722,0.715826,0.300000,0.214748,1.000000,0.200000,0.200000,0.000000,0.500000,-0.000000,0.500000,0.500000,-0.250000,0.000000,0.100000,-0.000000
t10-d0.4-a1.5-sparse,10,0.400000,1.500000,13,977,1680,ga,curated-textbook,goal-priority,20260926,1,2,true,true,0,1,10,0,1392,0.828571,false,0.000000,0.130617,1.647372,60,40,2440,5080,0.228933,0.228933,0.228933,1.000000,0.177979,0.500000,0.088989,0.633145,0.300000,0.189944,1.000000,0.200000,0.200000,0.000000,0.500000,-0.000000,0.500000,0.500000,-0.250000,0.000000,0.100000,-0.000000
t10-d0.4-a1.5-sparse,10,0.400000,1.500000,13,977,1680,ga,curated-textbook,goal-priority,20260927,1,2,true,true,0,1,10,0,1392,0.828571,false,0.000000,0.130617,1.647372,60,40,2440,4732,0.228933,0.228933,0.228933,1.000000,0.177979,0.500000,0.088989,0.633145,0.300000,0.189944,1.000000,0.200000,0.200000,0.000000,0.500000,-0.000000,0.500000,0.500000,-0.250000,0.000000,0.100000,-0.000000
t10-d0.4-a1.5-sparse,10,0.400000,1.500000,13,977,1680,ga,curated-textbook,goal-priority,20260928,1,2,true,true,0,1,10,0,1424,0.847619,false,0.000000,0.134510,1.976471,60,40,2440,5298,0.237243,0.237243,0.237243,1.000000,0.229444,0.500000,0.114722,0.741736,0.300000,0.222521,1.000000,0.200000,0.200000,0.000000,0.500000,-0.000000,0.600000,0.500000,-0.300000,0.000000,0.100000,-0.000000
t10-d0.4-a1.5-sparse,10,0.400000,1.500000,13,977,1680,ga,curated-textbook,goal-priority,20260929,1,2,true,true,0,1,10,0,1424,0.847619,false,0.000000,0.134510,1.976471,60,40,2440,5121,0.237243,0.237243,0.237243,1.000000,0.229444,0.500000,0.114722,0.741736,0.300000,0.222521,1.000000,0.200000,0.200000,0.000000,0.500000,-0.000000,0.600000,0.500000,-0.300000,0.000000,0.100000,-0.000000
t10-d0.4-a1.5-sparse,10,0.400000,1.500000,13,977,1680,ga,all,goal-priority,20260925,1,2,true,true,0,1,10,0,1420,0.845238,false,0.000000,0.129239,1.629992,60,40,2440,4896,0.270470,0.270470,0.270470,1.000000,0.211444,0.500000,0.105722,0.715826,0.300000,0.214748,1.000000,0.200000,0.200000,0.000000,0.500000,-0.000000,0.500000,0.500000,-0.250000,0.000000,0.100000,-0.000000
t10-d0.4-a1.5-sparse,10,0.400000,1.500000,13,977,1680,ga,all,goal-priority,20260926,1,2,true,true,0,1,10,0,1392,0.828571,false,0.000000,0.130617,1.647372,60,40,2440,4668,0.228933,0.228933,0.228933,1.000000,0.177979,0.500000,0.088989,0.633145,0.300000,0.189944,1.000000,0.200000,0.200000,0.000000,0.500000,-0.000000,0.500000,0.500000,-0.250000,0.000000,0.100000,-0.000000
t10-d0.4-a1.5-sparse,10,0.400000,1.500000,13,977,1680,ga,all,goal-priority,20260927,1,2,true,true,0,1,10,0,1392,0.828571,false,0.000000,0.130617,1.647372,60,40,2440,4156,0.228933,0.228933,0.228933,1.000000,0.177979,0.500000,0.088989,0.633145,0.300000,0.189944,1.000000,0.200000,0.200000,0.000000,0.500000,-0.000000,0.500000,0.500000,-0.250000,0.000000,0.100000,-0.000000
t10-d0.4-a1.5-sparse,10,0.400000,1.500000,13,977,1680,ga,all,goal-priority,20260928,1,2,true,true,0,1,10,0,1424,0.847619,false,0.000000,0.134510,1.976471,60,40,2440,3839,0.237243,0.237243,0.237243,1.000000,0.229444,0.500000,0.114722,0.741736,0.300000,0.222521,1.000000,0.200000,0.200000,0.000000,0.500000,-0.000000,0.600000,0.500000,-0.300000,0.000000,0.100000,-0.000000
t10-d0.4-a1.5-sparse,10,0.400000,1.500000,13,977,1680,ga,all,goal-priority,20260929,1,2,true,true,0,1,10,0,1424,0.847619,false,0.000000,0.134510,1.976471,60,40,2440,3295,0.237243,0.237243,0.237243,1.000000,0.229444,0.500000,0.114722,0.741736,0.300000,0.222521,1.000000,0.200000,0.200000,0.000000,0.500000,-0.000000,0.600000,0.500000,-0.300000,0.000000,0.100000,-0.000000
t10-d1.2-a0.7-compact,10,1.200000,0.700000,4,1219,960,greedy-baseline,curated,goal-priority,20260925,2,2,true,true,1,,5,5,657,0.684375,false,0.000000,0.111816,2.011102,0,0,0,339,0.000000,-0.378080,0.000000,1.000000,0.110909,0.500000,0.055454,0.554884,0.300000,0.166465,1.000000,0.200000,0.200000,0.500000,0.500000,-0.250000,1.000000,0.500000,-0.500000,0.500000,0.100000,-0.050000
t10-d1.2-a0.7-compact,10,1.200000,0.700000,4,1219,960,greedy-baseline,curated,goal-priority,20260926,2,2,true,true,1,,5,5,657,0.684375,false,0.000000,0.111816,2.011102,0,0,0,191,0.000000,-0.378080,0.000000,1.000000,0.110909,0.500000,0.055454,0.554884,0.300000,0.166465,1.000000,0.200000,0.200000,0.500000,0.500000,-0.250000,1.000000,0.500000,-0.500000,0.500000,0.100000,-0.050000
t10-d1.2-a0.7-compact,10,1.200000,0.700000,4,1219,960,greedy-baseline,curated,goal-priority,20260927,2,2,true,true,1,,5,5,657,0.684375,false,0.000000,0.111816,2.011102,0,0,0,189,0.000000,-0.378080,0.000000,1.000000,0.110909,0.500000,0.055454,0.554884,0.300000,0.166465,1.000000,0.200000,0.200000,0.500000,0.500000,-0.250000,1.000000,0.500000,-0.500000,0.500000,0.100000,-0.050000
t10-d1.2-a0.7-compact,10,1.200000,0.700000,4,1219,960,greedy-baseline,curated,goal-priority,20260928,2,2,true,true,1,,5,5,657,0.684375,false,0.000000,0.111816,2.011102,0,0,0,130,0.000000,-0.378080,0.000000,1.000000,0.110909,0.500000,0.055454,0.554884,0.300000,0.166465,1.000000,0.200000,0.200000,0.500000,0.500000,-0.250000,1.000000,0.500000,-0.500000,0.500000,0.100000,-0.050000
t10-d1.2-a0.7-compact,10,1.200000,0.700000,4,1219,960,greedy-baseline,curated,goal-priority,20260929,2,2,true,true,1,,5,5,657,0.684375,false,0.000000,0.111816,2.011102,0,0,0,150,0.000000,-0.378080,0.000000,1.000000,0.110909,0.500000,0.055454,0.554884,0.300000,0.166465,1.000000,0.200000,0.200000,0.500000,0.500000,-0.250000,1.000000,0.500000,-0.500000,0.500000,0.100000,-0.050000
t10-d1.2-a0.7-compact,10,1.200000,0.700000,4,1219,960,greedy-baseline,curated-textbook,goal-priority,20260925,4,4,true,true,2,,4,6,596,0.620833,false,0.000000,0.123793,1.798068,0,0,0,213,0.000000,-0.478099,0.000000,1.000000,0.089144,0.500000,0.044572,0.424428,0.300000,0.127329,1.000000,0.200000,0.200000,0.600000,0.500000,-0.300000,1.000000,0.500000,-0.500000,0.500000,0.100000,-0.050000
t10-d1.2-a0.7-compact,10,1.200000,0.700000,4,1219,960,greedy-baseline,curated-textbook,goal-priority,20260926,4,4,true,true,2,,4,6,596,0.620833,false,0.000000,0.123793,1.798068,0,0,0,156,0.000000,-0.478099,0.000000,1.000000,0.089144,0.500000,0.044572,0.424428,0.300000,0.127329,1.000000,0.200000,0.200000,0.600000,0.500000,-0.300000,1.000000,0.500000,-0.500000,0.500000,0.100000,-0.050000
t10-d1.2-a0.7-compact,10,1.200000,0.700000,4,1219,960,greedy-baseline,curated-textbook,goal-priority,20260927,4,4,true,true,2,,4,6,596,0.620833,false,0.000000,0.123793,1.798068,0,0,0,197,0.000000,-0.478099,0.000000,1.000000,0.089144,0.500000,0.044572,0.424428,0.300000,0.127329,1.000000,0.200000,0.200000,0.600000,0.500000,-0.300000,1.000000,0.500000,-0.500000,0.500000,0.100000,-0.050000
t10-d1.2-a0.7-compact,10,1.200000,0.700000,4,1219,960,greedy-baseline,curated-textbook,goal-priority,20260928,4,4,true,true,2,,4,6,596,0.620833,false,0.000000,0.123793,1.798068,0,0,0,260,0.000000,-0.478099,0.000000,1.000000,0.089144,0.500000,0.044572,0.424428,0.300000,0.127329,1.000000,0.200000,0.200000,0.600000,0.500000,-0.300000,1.000000,0.500000,-0.500000,0.500000,0.100000,-0.050000
t10-d1.2-a0.7-compact,10,1.200000,0.700000,4,1219,960,greedy-baseline,curated-textbook,goal-priority,20260929,4,4,true,true,2,,4,6,596,0.620833,false,0.000000,0.123793,1.798068,0,0,0,177,0.000000,-0.478099,0.000000,1.000000,0.089144,0.500000,0.044572,0.424428,0.300000,0.127329,1.000000,0.200000,0.200000,0.600000,0.500000,-0.300000,1.000000,0.500000,-0.500000,0.500000,0.100000,-0.050000
t10-d1.2-a0.7-compact,10,1.200000,0.700000,4,1219,960,greedy-baseline,all,goal-priority,20260925,6,6,true,true,3,,4,6,596,0.620833,false,0.000000,0.123793,1.798068,0,0,0,242,0.000000,-0.461433,0.000000,1.000000,0.089144,0.500000,0.044572,0.424428,0.300000,0.127329,1.000000,0.200000,0.200000,0.600000,0.500000,-0.300000,1.000000,0.500000,-0.500000,0.333333,0.100000,-0.033333
t10-d1.2-a0.7-compact,10,1.200000,0.700000,4,1219,960,greedy-baseline,all,goal-priority,20260926,6,6,true,true,3,,4,6,596,0.620833,false,0.000000,0.123793,1.798068,0,0,0,220,0.000000,-0.461433,0.000000,1.000000,0.089144,0.500000,0.044572,0.424428,0.300000,0.127329,1.000000,0.200000,0.200000,0.600000,0.500000,-0.300000,1.000000,0.500000,-0.500000,0.333333,0.100000,-0.033333
t10-d1.2-a0.7-compact,10,1.200000,0.700000,4,1219,960,greedy-baseline,all,goal-priority,20260927,6,6,true,true,3,,4,6,596,0.620833,false,0.000000,0.123793,1.798068,0,0,0,250,0.000000,-0.461433,0.000000,1.000000,0.089144,0.500000,0.044572,0.424428,0.300000,0.127329,1.000000,0.200000,0.200000,0.600000,0.500000,-0.300000,1.000000,0.500000,-0.500000,0.333333,0.100000,-0.033333
t10-d1.2-a0.7-compact,10,1.200000,0.700000,4,1219,960,greedy-baseline,all,goal-priority,20260928,6,6,true,true,3,,4,6,596,0.620833,false,0.000000,0.123793,1.798068,0,0,0,268,0.000000,-0.461433,0.000000,1.000000,0.089144,0.500000,0.044572,0.424428,0.300000,0.127329,1.000000,0.200000,0.200000,0.600000,0.500000,-0.300000,1.000000,0.500000,-0.500000,0.333333,0.100000,-0.033333
t10-d1.2-a0.7-compact,10,1.200000,0.700000,4,1219,960,greedy-baseline,all,goal-priority,20260929,6,6,true,true,3,,4,6,596,0.620833,false,0.000000,0.123793,1.798068,0,0,0,211,0.000000,-0.461433,0.000000,1.000000,0.089144,0.500000,0.044572,0.424428,0.300000,0.127329,1.000000,0.200000,0.200000,0.600000,0.500000,-0.300000,1.000000,0.500000,-0.500000,0.333333,0.100000,-0.033333
t10-d1.2-a0.7-compact,10,1.200000,0.700000,4,1219,960,ga,curated,goal-priority,20260925,2,2,true,true,1,0,6,4,712,0.741667,false,0.000000,0.099156,1.440225,60,40,2440,3562,0.000000,-0.339431,0.000000,1.000000,0.096471,0.500000,0.048235,0.541112,0.300000,0.162334,1.000000,0.200000,0.200000,0.400000,0.500000,-0.200000,1.000000,0.500000,-0.500000,0.500000,0.100000,-0.050000
t10-d1.2-a0.7-compact,10,1.200000,0.700000,4,1219,960,ga,curated,goal-priority,20260926,2,2,true,true,1,0,6,4,712,0.741667,false,0.000000,0.099156,1.440225,60,40,2440,3454,0.000000,-0.339431,0.000000,1.000000,0.096471,0.500000,0.048235,0.541112,0.300000,0.162334,1.000000,0.200000,0.200000,0.400000,0.500000,-0.200000,1.000000,0.500000,-0.500000,0.500000,0.100000,-0.050000
t10-d1.2-a0.7-compact,10,1.200000,0.700000,4,1219,960,ga,curated,goal-priority,20260927,2,2,true,true,1,0,6,4,712,0.741667,false,0.000000,0.099156,1.440225,60,40,2440,3275,0.000000,-0.339431,0.000000,1.000000,0.096471,0.500000,0.048235,0.541112,0.300000,0.162334,1.000000,0.200000,0.200000,0.400000,0.500000,-0.200000,1.000000,0.500000,-0.500000,0.500000,0.100000,-0.050000
t10-d1.2-a0.7-compact,10,1.200000,0.700000,4,1219,960,ga,curated,goal-priority,20260928,2,2,true,true,1,0,6,4,712,0.741667,false,0.000000,0.099156,1.440225,60,40,2440,4612,0.000000,-0.339431,0.000000,1.000000,0.096471,0.500000,0.048235,0.541112,0.300000,0.162334,1.000000,0.200000,0.200000,0.400000,0.500000,-0.200000,1.000000,0.500000,-0.500000,0.500000,0.100000,-0.050000
t10-d1.2-a0.7-compact,10,1.200000,0.700000,4,1219,960,ga,curated,goal-priority,20260929,2,2,true,true,1,0,6,4,712,0.741667,false,0.000000,0.099156,1.440225,60,40,2440,3691,0.000000,-0.339431,0.000000,1.000000,0.096471,0.500000,0.048235,0.541112,0.300000,0.162334,1.000000,0.200000,0.200000,0.400000,0.500000,-0.200000,1.000000,0.500000,-0.500000,0.500000,0.100000,-0.050000
t10-d1.2-a0.7-compact,10,1.200000,0.700000,4,1219,960,ga,curated-textbook,goal-priority,20260925,4,4,true,true,0,2,6,4,716,0.745833,false,0.000000,0.079661,1.450847,60,40,2440,4705,0.000000,-0.280272,0.000000,1.000000,0.087042,0.500000,0.043521,0.587359,0.300000,0.176208,1.000000,0.200000,0.200000,0.400000,0.500000,-0.200000,1.000000,0.500000,-0.500000,0.000000,0.100000,-0.000000
t10-d1.2-a0.7-compact,10,1.200000,0.700000,4,1219,960,ga,curated-textbook,goal-priority,20260926,4,4,true,true,0,2,6,4,716,0.745833,false,0.000000,0.079661,1.450847,60,40,2440,4097,0.000000,-0.280272,0.000000,1.000000,0.087042,0.500000,0.043521,0.587359,0.300000,0.176208,1.000000,0.200000,0.200000,0.400000,0.500000,-0.200000,1.000000,0.500000,-0.500000,0.000000,0.100000,-0.000000
t10-d1.2-a0.7-compact,10,1.200000,0.700000,4,1219,960,ga,curated-textbook,goal-priority,20260927,4,4,true,true,0,2,6,4,716,0.745833,false,0.000000,0.079661,1.450847,60,40,2440,3026,0.000000,-0.280272,0.000000,1.000000,0.087042,0.500000,0.043521,0.587359,0.300000,0.176208,1.000000,0.200000,0.200000,0.400000,0.500000,-0.200000,1.000000,0.500000,-0.500000,0.000000,0.100000,-0.000000
t10-d1.2-a0.7-compact,10,1.200000,0.700000,4,1219,960,ga,curated-textbook,goal-priority,20260928,4,4,true,true,0,2,6,4,716,0.745833,false,0.000000,0.079661,1.450847,60,40,2440,3112,0.000000,-0.280272,0.000000,1.000000,0.087042,0.500000,0.043521,0.587359,0.300000,0.176208,1.000000,0.200000,0.200000,0.400000,0.500000,-0.200000,1.000000,0.500000,-0.500000,0.000000,0.100000,-0.000000
t10-d1.2-a0.7-compact,10,1.200000,0.700000,4,1219,960,ga,curated-textbook,goal-priority,20260929,4,4,true,true,0,2,6,4,716,0.745833,false,0.000000,0.079661,1.450847,60,40,2440,3081,0.000000,-0.280272,0.000000,1.000000,0.087042,0.500000,0.043521,0.587359,0.300000,0.176208,1.000000,0.200000,0.200000,0.400000,0.500000,-0.200000,1.000000,0.500000,-0.500000,0.000000,0.100000,-0.000000
t10-d1.2-a0.7-compact,10,1.200000,0.700000,4,1219,960,ga,all,goal-priority,20260925,6,6,true,true,1,2,6,4,716,0.745833,false,0.000000,0.079661,1.450847,60,40,2440,3216,0.000000,-0.280272,0.000000,1.000000,0.087042,0.500000,0.043521,0.587359,0.300000,0.176208,1.000000,0.200000,0.200000,0.400000,0.500000,-0.200000,1.000000,0.500000,-0.500000,0.000000,0.100000,-0.000000
t10-d1.2-a0.7-compact,10,1.200000,0.700000,4,1219,960,ga,all,goal-priority,20260926,6,6,true,true,1,2,6,4,716,0.745833,false,0.000000,0.079661,1.450847,60,40,2440,3117,0.000000,-0.280272,0.000000,1.000000,0.087042,0.500000,0.043521,0.587359,0.300000,0.176208,1.000000,0.200000,0.200000,0.400000,0.500000,-0.200000,1.000000,0.500000,-0.500000,0.000000,0.100000,-0.000000
t10-d1.2-a0.7-compact,10,1.200000,0.700000,4,1219,960,ga,all,goal-priority,20260927,6,6,true,true,1,2,6,4,716,0.745833,false,0.000000,0.079661,1.450847,60,40,2440,3072,0.000000,-0.280272,0.000000,1.000000,0.087042,0.500000,0.043521,0.587359,0.300000,0.176208,1.000000,0.200000,0.200000,0.400000,0.500000,-0.200000,1.000000,0.500000,-0.500000,0.000000,0.100000,-0.000000
t10-d1.2-a0.7-compact,10,1.200000,0.700000,4,1219,960,ga,all,goal-priority,20260928,6,6,true,true,1,2,6,4,716,0.745833,false,0.000000,0.079661,1.450847,60,40,2440,5404,0.000000,-0.280272,0.000000,1.000000,0.087042,0.500000,0.043521,0.587359,0.300000,0.176208,1.000000,0.200000,0.200000,0.400000,0.500000,-0.200000,1.000000,0.500000,-0.500000,0.000000,0.100000,-0.000000
t10-d1.2-a0.7-compact,10,1.200000,0.700000,4,1219,960,ga,all,goal-priority,20260929,6,6,true,true,1,2,6,4,716,0.745833,false,0.000000,0.079661,1.450847,60,40,2440,3363,0.000000,-0.280272,0.000000,1.000000,0.087042,0.500000,0.043521,0.587359,0.300000,0.176208,1.000000,0.200000,0.200000,0.400000,0.500000,-0.200000,1.000000,0.500000,-0.500000,0.000000,0.100000,-0.000000
t10-d1.2-a0.7-sparse,10,1.200000,0.700000,5,1005,720,greedy-baseline,curated,goal-priority,20260925,2,2,true,true,1,,3,7,439,0.609722,false,0.000000,0.120586,1.356589,0,0,0,173,0.000000,-0.562307,0.000000,1.000000,0.066656,0.500000,0.033328,0.347882,0.300000,0.104365,1.000000,0.200000,0.200000,0.700000,0.500000,-0.350000,1.000000,0.500000,-0.500000,0.500000,0.100000,-0.050000
t10-d1.2-a0.7-sparse,10,1.200000,0.700000,5,1005,720,greedy-baseline,curated,goal-priority,20260926,2,2,true,true,1,,3,7,439,0.609722,false,0.000000,0.120586,1.356589,0,0,0,117,0.000000,-0.562307,0.000000,1.000000,0.066656,0.500000,0.033328,0.347882,0.300000,0.104365,1.000000,0.200000,0.200000,0.700000,0.500000,-0.350000,1.000000,0.500000,-0.500000,0.500000,0.100000,-0.050000
t10-d1.2-a0.7-sparse,10,1.200000,0.700000,5,1005,720,greedy-baseline,curated,goal-priority,20260927,2,2,true,true,1,,3,7,439,0.609722,false,0.000000,0.120586,1.356589,0,0,0,137,0.000000,-0.562307,0.000000,1.000000,0.066656,0.500000,0.033328,0.347882,0.300000,0.104365,1.000000,0.200000,0.200000,0.700000,0.500000,-0.350000,1.000000,0.500000,-0.500000,0.500000,0.100000,-0.050000
t10-d1.2-a0.7-sparse,10,1.200000,0.700000,5,1005,720,greedy-baseline,curated,goal-priority,20260928,2,2,true,true,1,,3,7,439,0.609722,false,0.000000,0.120586,1.356589,0,0,0,167,0.000000,-0.562307,0.000000,1.000000,0.066656,0.500000,0.033328,0.347882,0.300000,0.104365,1.000000,0.200000,0.200000,0.700000,0.500000,-0.350000,1.000000,0.500000,-0.500000,0.500000,0.100000,-0.050000
t10-d1.2-a0.7-sparse,10,1.200000,0.700000,5,1005,720,greedy-baseline,curated,goal-priority,20260929,2,2,true,true,1,,3,7,439,0.609722,false,0.000000,0.120586,1.356589,0,0,0,236,0.000000,-0.562307,0.000000,1.000000,0.066656,0.500000,0.033328,0.347882,0.300000,0.104365,1.000000,0.200000,0.200000,0.700000,0.500000,-0.350000,1.000000,0.500000,-0.500000,0.500000,0.100000,-0.050000
t10-d1.2-a0.7-sparse,10,1.200000,0.700000,5,1005,720,greedy-baseline,curated-textbook,goal-priority,20260925,4,4,true,true,3,,4,6,488,0.677778,false,0.000000,0.129151,1.372694,0,0,0,130,0.000000,-0.472015,0.000000,1.000000,0.086610,0.500000,0.043305,0.448933,0.300000,0.134680,1.000000,0.200000,0.200000,0.600000,0.500000,-0.300000,1.000000,0.500000,-0.500000,0.500000,0.100000,-0.050000
t10-d1.2-a0.7-sparse,10,1.200000,0.700000,5,1005,720,greedy-baseline,curated-textbook,goal-priority,20260926,4,4,true,true,3,,4,6,488,0.677778,false,0.000000,0.129151,1.372694,0,0,0,168,0.000000,-0.472015,0.000000,1.000000,0.086610,0.500000,0.043305,0.448933,0.300000,0.134680,1.000000,0.200000,0.200000,0.600000,0.500000,-0.300000,1.000000,0.500000,-0.500000,0.500000,0.100000,-0.050000
t10-d1.2-a0.7-sparse,10,1.200000,0.700000,5,1005,720,greedy-baseline,curated-textbook,goal-priority,20260927,4,4,true,true,3,,4,6,488,0.677778,false,0.000000,0.129151,1.372694,0,0,0,239,0.000000,-0.472015,0.000000,1.000000,0.086610,0.500000,0.043305,0.448933,0.300000,0.134680,1.000000,0.200000,0.200000,0.600000,0.500000,-0.300000,1.000000,0.500000,-0.500000,0.500000,0.100000,-0.050000
t10-d1.2-a0.7-sparse,10,1.200000,0.700000,5,1005,720,greedy-baseline,curated-textbook,goal-priority,20260928,4,4,true,true,3,,4,6,488,0.677778,false,0.000000,0.129151,1.372694,0,0,0,205,0.000000,-0.472015,0.000000,1.000000,0.086610,0.500000,0.043305,0.448933,0.300000,0.134680,1.000000,0.200000,0.200000,0.600000,0.500000,-0.300000,1.000000,0.500000,-0.500000,0.500000,0.100000,-0.050000
t10-d1.2-a0.7-sparse,10,1.200000,0.700000,5,1005,720,greedy-baseline,curated-textbook,goal-priority,20260929,4,4,true,true,3,,4,6,488,0.677778,false,0.000000,0.129151,1.372694,0,0,0,243,0.000000,-0.472015,0.000000,1.000000,0.086610,0.500000,0.043305,0.448933,0.300000,0.134680,1.000000,0.200000,0.200000,0.600000,0.500000,-0.300000,1.000000,0.500000,-0.500000,0.500000,0.100000,-0.050000
t10-d1.2-a0.7-sparse,10,1.200000,0.700000,5,1005,720,greedy-baseline,all,goal-priority,20260925,6,6,true,true,3,,4,6,488,0.677778,false,0.000000,0.129151,1.372694,0,0,0,142,0.000000,-0.455348,0.000000,1.000000,0.086610,0.500000,0.043305,0.448933,0.300000,0.134680,1.000000,0.200000,0.200000,0.600000,0.500000,-0.300000,1.000000,0.500000,-0.500000,0.333333,0.100000,-0.033333
t10-d1.2-a0.7-sparse,10,1.200000,0.700000,5,1005,720,greedy-baseline,all,goal-priority,20260926,6,6,true,true,3,,4,6,488,0.677778,false,0.000000,0.129151,1.372694,0,0,0,163,0.000000,-0.455348,0.000000,1.000000,0.086610,0.500000,0.043305,0.448933,0.300000,0.134680,1.000000,0.200000,0.200000,0.600000,0.500000,-0.300000,1.000000,0.500000,-0.500000,0.333333,0.100000,-0.033333
t10-d1.2-a0.7-sparse,10,1.200000,0.700000,5,1005,720,greedy-baseline,all,goal-priority,20260927,6,6,true,true,3,,4,6,488,0.677778,false,0.000000,0.129151,1.372694,0,0,0,252,0.000000,-0.455348,0.000000,1.000000,0.086610,0.500000,0.043305,0.448933,0.300000,0.134680,1.000000,0.200000,0.200000,0.600000,0.500000,-0.300000,1.000000,0.500000,-0.500000,0.333333,0.100000,-0.033333
t10-d1.2-a0.7-sparse,10,1.200000,0.700000,5,1005,720,greedy-baseline,all,goal-priority,20260928,6,6,true,true,3,,4,6,488,0.677778,false,0.000000,0.129151,1.372694,0,0,0,255,0.000000,-0.455348,0.000000,1.000000,0.086610,0.500000,0.043305,0.448933,0.300000,0.134680,1.000000,0.200000,0.200000,0.600000,0.500000,-0.300000,1.000000,0.500000,-0.500000,0.333333,0.100000,-0.033333
t10-d1.2-a0.7-sparse,10,1.200000,0.700000,5,1005,720,greedy-baseline,all,goal-priority,20260929,6,6,true,true,3,,4,6,488,0.677778,false,0.000000,0.129151,1.372694,0,0,0,212,0.000000,-0.455348,0.000000,1.000000,0.086610,0.500000,0.043305,0.448933,0.300000,0.134680,1.000000,0.200000,0.200000,0.600000,0.500000,-0.300000,1.000000,0.500000,-0.500000,0.333333,0.100000,-0.033333
t10-d1.2-a0.7-sparse,10,1.200000,0.700000,5,1005,720,ga,curated,goal-priority,20260925,2,2,true,true,1,0,6,4,558,0.775000,false,0.000000,0.271987,1.719870,60,40,2440,3728,0.000000,-0.301006,0.000000,1.000000,0.096471,0.500000,0.048235,0.502527,0.300000,0.150758,1.000000,0.200000,0.200000,0.400000,0.500000,-0.200000,1.000000,0.500000,-0.500000,0.000000,0.100000,-0.000000
t10-d1.2-a0.7-sparse,10,1.200000,0.700000,5,1005,720,ga,curated,goal-priority,20260926,2,2,true,true,1,0,6,4,558,0.775000,false,0.000000,0.271987,1.719870,60,40,2440,2968,0.000000,-0.301006,0.000000,1.000000,0.096471,0.500000,0.048235,0.502527,0.300000,0.150758,1.000000,0.200000,0.200000,0.400000,0.500000,-0.200000,1.000000,0.500000,-0.500000,0.000000,0.100000,-0.000000
t10-d1.2-a0.7-sparse,10,1.200000,0.700000,5,1005,720,ga,curated,goal-priority,20260927,2,2,true,true,1,0,6,4,558,0.775000,false,0.000000,0.271987,1.719870,60,40,2440,3187,0.000000,-0.301006,0.000000,1.000000,0.096471,0.500000,0.048235,0.502527,0.300000,0.150758,1.000000,0.200000,0.200000,0.400000,0.500000,-0.200000,1.000000,0.500000,-0.500000,0.000000,0.100000,-0.000000
t10-d1.2-a0.7-sparse,10,1.200000,0.700000,5,1005,720,ga,curated,goal-priority,20260928,2,2,true,true,1,0,6,4,558,0.775000,false,0.000000,0.271987,1.719870,60,40,2440,3002,0.000000,-0.301006,0.000000,1.000000,0.096471,0.500000,0.048235,0.502527,0.300000,0.150758,1.000000,0.200000,0.200000,0.400000,0.500000,-0.200000,1.000000,0.500000,-0.500000,0.000000,0.100000,-0.000000
t10-d1.2-a0.7-sparse,10,1.200000,0.700000,5,1005,720,ga,curated,goal-priority,20260929,2,2,true,true,1,0,6,4,558,0.775000,false,0.000000,0.271987,1.719870,60,40,2440,3012,0.000000,-0.301006,0.000000,1.000000,0.096471,0.500000,0.048235,0.502527,0.300000,0.150758,1.000000,0.200000,0.200000,0.400000,0.500000,-0.200000,1.000000,0.500000,-0.500000,0.000000,0.100000,-0.000000
t10-d1.2-a0.7-sparse,10,1.200000,0.700000,5,1005,720,ga,curated-textbook,goal-priority,20260925,4,4,true,true,2,0,6,4,558,0.775000,false,0.000000,0.271987,1.719870,60,40,2440,3423,0.000000,-0.326006,0.000000,1.000000,0.096471,0.500000,0.048235,0.502527,0.300000,0.150758,1.000000,0.200000,0.200000,0.400000,0.500000,-0.200000,1.000000,0.500000,-0.500000,0.250000,0.100000,-0.025000
t10-d1.2-a0.7-sparse,10,1.200000,0.700000,5,1005,720,ga,curated-textbook,goal-priority,20260926,4,4,true,true,2,0,6,4,558,0.775000,false,0.000000,0.271987,1.719870,60,40,2440,3059,0.000000,-0.326006,0.000000,1.000000,0.096471,0.500000,0.048235,0.502527,0.300000,0.150758,1.000000,0.200000,0.200000,0.400000,0.500000,-0.200000,1.000000,0.500000,-0.500000,0.250000,0.100000,-0.025000
t10-d1.2-a0.7-sparse,10,1.200000,0.700000,5,1005,720,ga,curated-textbook,goal-priority,20260927,4,4,true,true,2,0,6,4,558,0.775000,false,0.000000,0.271987,1.719870,60,40,2440,5321,0.000000,-0.326006,0.000000,1.000000,0.096471,0.500000,0.048235,0.502527,0.300000,0.150758,1.000000,0.200000,0.200000,0.400000,0.500000,-0.200000,1.000000,0.500000,-0.500000,0.250000,0.100000,-0.025000
t10-d1.2-a0.7-sparse,10,1.200000,0.700000,5,1005,720,ga,curated-textbook,goal-priority,20260928,4,4,true,true,2,0,6,4,558,0.775000,false,0.000000,0.271987,1.719870,60,40,2440,4611,0.000000,-0.326006,0.000000,1.000000,0.096471,0.500000,0.048235,0.502527,0.300000,0.150758,1.000000,0.200000,0.200000,0.400000,0.500000,-0.200000,1.000000,0.500000,-0.500000,0.250000,0.100000,-0.025000
t10-d1.2-a0.7-sparse,10,1.200000,0.700000,5,1005,720,ga,curated-textbook,goal-priority,20260929,4,4,true,true,2,0,6,4,558,0.775000,false,0.000000,0.271987,1.719870,60,40,2440,4666,0.000000,-0.326006,0.000000,1.000000,0.096471,0.500000,0.048235,0.502527,0.300000,0.150758,1.000000,0.200000,0.200000,0.400000,0.500000,-0.200000,1.000000,0.500000,-0.500000,0.250000,0.100000,-0.025000
t10-d1.2-a0.7-sparse,10,1.200000,0.700000,5,1005,720,ga,all,goal-priority,20260925,6,6,true,true,2,1,6,4,558,0.775000,false,0.000000,0.271987,1.719870,60,40,2440,4684,0.000000,-0.317673,0.000000,1.000000,0.096471,0.500000,0.048235,0.502527,0.300000,0.150758,1.000000,0.200000,0.200000,0.400000,0.500000,-0.200000,1.000000,0.500000,-0.500000,0.166667,0.100000,-0.016667
t10-d1.2-a0.7-sparse,10,1.200000,0.700000,5,1005,720,ga,all,goal-priority,20260926,6,6,true,true,2,1,6,4,558,0.775000,false,0.000000,0.271987,1.719870,60,40,2440,4695,0.000000,-0.317673,0.000000,1.000000,0.096471,0.500000,0.048235,0.502527,0.300000,0.150758,1.000000,0.200000,0.200000,0.400000,0.500000,-0.200000,1.000000,0.500000,-0.500000,0.166667,0.100000,-0.016667
t10-d1.2-a0.7-sparse,10,1.200000,0.700000,5,1005,720,ga,all,goal-priority,20260927,6,6,true,true,2,1,6,4,558,0.775000,false,0.000000,0.271987,1.719870,60,40,2440,4758,0.000000,-0.317673,0.000000,1.000000,0.096471,0.500000,0.048235,0.502527,0.300000,0.150758,1.000000,0.200000,0.200000,0.400000,0.500000,-0.200000,1.000000,0.500000,-0.500000,0.166667,0.100000,-0.016667
t10-d1.2-a0.7-sparse,10,1.200000,0.700000,5,1005,720,ga,all,goal-priority,20260928,6,6,true,true,2,1,6,4,558,0.775000,false,0.000000,0.271987,1.719870,60,40,2440,4769,0.000000,-0.317673,0.000000,1.000000,0.096471,0.500000,0.048235,0.502527,0.300000,0.150758,1.000000,0.200000,0.200000,0.400000,0.500000,-0.200000,1.000000,0.500000,-0.500000,0.166667,0.100000,-0.016667
t10-d1.2-a0.7-sparse,10,1.200000,0.700000,5,1005,720,ga,all,goal-priority,20260929,6,6,true,true,2,1,6,4,558,0.775000,false,0.000000,0.271987,1.719870,60,40,2440,4656,0.000000,-0.317673,0.000000,1.000000,0.096471,0.500000,0.048235,0.502527,0.300000,0.150758,1.000000,0.200000,0.200000,0.400000,0.500000,-0.200000,1.000000,0.500000,-0.500000,0.166667,0.100000,-0.016667
t10-d1.2-a1.0-compact,10,1.200000,1.000000,6,1238,1440,greedy-baseline,curated,goal-priority,20260925,2,2,true,true,1,,8,2,1034,0.718056,false,0.000000,0.333462,1.671180,0,0,0,413,0.000000,-0.118110,0.000000,1.000000,0.135526,0.500000,0.067763,0.780425,0.300000,0.234128,1.000000,0.200000,0.200000,0.200000,0.500000,-0.100000,1.000000,0.500000,-0.500000,0.200000,0.100000,-0.020000
t10-d1.2-a1.0-compact,10,1.200000,1.000000,6,1238,1440,greedy-baseline,curated,goal-priority,20260926,2,2,true,true,1,,8,2,1034,0.718056,false,0.000000,0.333462,1.671180,0,0,0,289,0.000000,-0.118110,0.000000,1.000000,0.135526,0.500000,0.067763,0.780425,0.300000,0.234128,1.000000,0.200000,0.200000,0.200000,0.500000,-0.100000,1.000000,0.500000,-0.500000,0.200000,0.100000,-0.020000
t10-d1.2-a1.0-compact,10,1.200000,1.000000,6,1238,1440,greedy-baseline,curated,goal-priority,20260927,2,2,true,true,1,,8,2,1034,0.718056,false,0.000000,0.333462,1.671180,0,0,0,230,0.000000,-0.118110,0.000000,1.000000,0.135526,0.500000,0.067763,0.780425,0.300000,0.234128,1.000000,0.200000,0.200000,0.200000,0.500000,-0.100000,1.000000,0.500000,-0.500000,0.200000,0.100000,-0.020000
t10-d1.2-a1.0-compact,10,1.200000,1.000000,6,1238,1440,greedy-baseline,curated,goal-priority,20260928,2,2,true,true,1,,8,2,1034,0.718056,false,0.000000,0.333462,1.671180,0,0,0,223,0.000000,-0.118110,0.000000,1.000000,0.135526,0.500000,0.067763,0.780425,0.300000,0.234128,1.000000,0.200000,0.200000,0.200000,0.500000,-0.100000,1.000000,0.500000,-0.500000,0.200000,0.100000,-0.020000
t10-d1.2-a1.0-compact,10,1.200000,1.000000,6,1238,1440,greedy-baseline,curated,goal-priority,20260929,2,2,true,true,1,,8,2,1034,0.718056,false,0.000000,0.333462,1.671180,0,0,0,230,0.000000,-0.118110,0.000000,1.000000,0.135526,0.500000,0.067763,0.780425,0.300000,0.234128,1.000000,0.200000,0.200000,0.200000,0.500000,-0.100000,1.000000,0.500000,-0.500000,0.200000,0.100000,-0.020000
t10-d1.2-a1.0-compact,10,1.200000,1.000000,6,1238,1440,greedy-baseline,curated-textbook,goal-priority,20260925,3,4,true,true,2,,8,2,1034,0.718056,false,0.000000,0.333462,1.671180,0,0,0,281,0.000000,-0.113648,0.000000,1.000000,0.135526,0.500000,0.067763,0.780425,0.300000,0.234128,1.000000,0.200000,0.200000,0.200000,0.500000,-0.100000,1.000000,0.500000,-0.500000,0.155382,0.100000,-0.015538
t10-d1.2-a1.0-compact,10,1.200000,1.000000,6,1238,1440,greedy-baseline,curated-textbook,goal-priority,20260926,3,4,true,true,2,,8,2,1034,0.718056,false,0.000000,0.333462,1.671180,0,0,0,309,0.000000,-0.113648,0.000000,1.000000,0.135526,0.500000,0.067763,0.780425,0.300000,0.234128,1.000000,0.200000,0.200000,0.200000,0.500000,-0.100000,1.000000,0.500000,-0.500000,0.155382,0.100000,-0.015538
t10-d1.2-a1.0-compact,10,1.200000,1.000000,6,1238,1440,greedy-baseline,curated-textbook,goal-priority,20260927,3,4,true,true,2,,8,2,1034,0.718056,false,0.000000,0.333462,1.671180,0,0,0,326,0.000000,-0.113648,0.000000,1.000000,0.135526,0.500000,0.067763,0.780425,0.300000,0.234128,1.000000,0.200000,0.200000,0.200000,0.500000,-0.100000,1.000000,0.500000,-0.500000,0.155382,0.100000,-0.015538
t10-d1.2-a1.0-compact,10,1.200000,1.000000,6,1238,1440,greedy-baseline,curated-textbook,goal-priority,20260928,3,4,true,true,2,,8,2,1034,0.718056,false,0.000000,0.333462,1.671180,0,0,0,282,0.000000,-0.113648,0.000000,1.000000,0.135526,0.500000,0.067763,0.780425,0.300000,0.234128,1.000000,0.200000,0.200000,0.200000,0.500000,-0.100000,1.000000,0.500000,-0.500000,0.155382,0.100000,-0.015538
t10-d1.2-a1.0-compact,10,1.200000,1.000000,6,1238,1440,greedy-baseline,curated-textbook,goal-priority,20260929,3,4,true,true,2,,8,2,1034,0.718056,false,0.000000,0.333462,1.671180,0,0,0,408,0.000000,-0.113648,0.000000,1.000000,0.135526,0.500000,0.067763,0.780425,0.300000,0.234128,1.000000,0.200000,0.200000,0.200000,0.500000,-0.100000,1.000000,0.500000,-0.500000,0.155382,0.100000,-0.015538
t10-d1.2-a1.0-compact,10,1.200000,1.000000,6,1238,1440,greedy-baseline,all,goal-priority,20260925,5,6,true,true,3,,8,2,1034,0.718056,false,0.000000,0.333462,1.671180,0,0,0,241,0.000000,-0.121411,0.000000,1.000000,0.135526,0.500000,0.067763,0.780425,0.300000,0.234128,1.000000,0.200000,0.200000,0.200000,0.500000,-0.100000,1.000000,0.500000,-0.500000,0.233009,0.100000,-0.023301
t10-d1.2-a1.0-compact,10,1.200000,1.000000,6,1238,1440,greedy-baseline,all,goal-priority,20260926,5,6,true,true,3,,8,2,1034,0.718056,false,0.000000,0.333462,1.671180,0,0,0,239,0.000000,-0.121411,0.000000,1.000000,0.135526,0.500000,0.067763,0.780425,0.300000,0.234128,1.000000,0.200000,0.200000,0.200000,0.500000,-0.100000,1.000000,0.500000,-0.500000,0.233009,0.100000,-0.023301
t10-d1.2-a1.0-compact,10,1.200000,1.000000,6,1238,1440,greedy-baseline,all,goal-priority,20260927,5,6,true,true,3,,8,2,1034,0.718056,false,0.000000,0.333462,1.671180,0,0,0,363,0.000000,-0.121411,0.000000,1.000000,0.135526,0.500000,0.067763,0.780425,0.300000,0.234128,1.000000,0.200000,0.200000,0.200000,0.500000,-0.100000,1.000000,0.500000,-0.500000,0.233009,0.100000,-0.023301
t10-d1.2-a1.0-compact,10,1.200000,1.000000,6,1238,1440,greedy-baseline,all,goal-priority,20260928,5,6,true,true,3,,8,2,1034,0.718056,false,0.000000,0.333462,1.671180,0,0,0,247,0.000000,-0.121411,0.000000,1.000000,0.135526,0.500000,0.067763,0.780425,0.300000,0.234128,1.000000,0.200000,0.200000,0.200000,0.500000,-0.100000,1.000000,0.500000,-0.500000,0.233009,0.100000,-0.023301
t10-d1.2-a1.0-compact,10,1.200000,1.000000,6,1238,1440,greedy-baseline,all,goal-priority,20260929,5,6,true,true,3,,8,2,1034,0.718056,false,0.000000,0.333462,1.671180,0,0,0,148,0.000000,-0.121411,0.000000,1.000000,0.135526,0.500000,0.067763,0.780425,0.300000,0.234128,1.000000,0.200000,0.200000,0.200000,0.500000,-0.100000,1.000000,0.500000,-0.500000,0.233009,0.100000,-0.023301
t10-d1.2-a1.0-compact,10,1.200000,1.000000,6,1238,1440,ga,curated,goal-priority,20260925,2,2,true,true,1,0,8,2,1070,0.743056,false,0.000000,0.280742,1.798144,60,40,2440,4426,0.000000,-0.128450,0.000000,1.000000,0.118114,0.500000,0.059057,0.708311,0.300000,0.212493,1.000000,0.200000,0.200000,0.200000,0.500000,-0.100000,0.900000,0.500000,-0.450000,0.500000,0.100000,-0.050000
t10-d1.2-a1.0-compact,10,1.200000,1.000000,6,1238,1440,ga,curated,goal-priority,20260926,2,2,true,true,1,0,8,2,1070,0.743056,false,0.000000,0.280742,1.798144,60,40,2440,3315,0.000000,-0.128450,0.000000,1.000000,0.118114,0.500000,0.059057,0.708311,0.300000,0.212493,1.000000,0.200000,0.200000,0.200000,0.500000,-0.100000,0.900000,0.500000,-0.450000,0.500000,0.100000,-0.050000
t10-d1.2-a1.0-compact,10,1.200000,1.000000,6,1238,1440,ga,curated,goal-priority,20260927,2,2,true,true,1,0,8,2,1070,0.743056,false,0.000000,0.280742,1.798144,60,40,2440,4316,0.000000,-0.128450,0.000000,1.000000,0.118114,0.500000,0.059057,0.708311,0.300000,0.212493,1.000000,0.200000,0.200000,0.200000,0.500000,-0.100000,0.900000,0.500000,-0.450000,0.500000,0.100000,-0.050000
t10-d1.2-a1.0-compact,10,1.200000,1.000000,6,1238,1440,ga,curated,goal-priority,20260928,2,2,true,true,1,0,8,2,1070,0.743056,false,0.000000,0.280742,1.798144,60,40,2440,3798,0.000000,-0.128450,0.000000,1.000000,0.118114,0.500000,0.059057,0.708311,0.300000,0.212493,1.000000,0.200000,0.200000,0.200000,0.500000,-0.100000,0.900000,0.500000,-0.450000,0.500000,0.100000,-0.050000
t10-d1.2-a1.0-compact,10,1.200000,1.000000,6,1238,1440,ga,curated,goal-priority,20260929,2,2,true,true,1,0,8,2,1070,0.743056,false,0.000000,0.280742,1.798144,60,40,2440,3977,0.000000,-0.128450,0.000000,1.000000,0.118114,0.500000,0.059057,0.708311,0.300000,0.212493,1.000000,0.200000,0.200000,0.200000,0.500000,-0.100000,0.900000,0.500000,-0.450000,0.500000,0.100000,-0.050000
t10-d1.2-a1.0-compact,10,1.200000,1.000000,6,1238,1440,ga,curated-textbook,goal-priority,20260925,3,4,true,true,0,2,8,2,1041,0.722917,false,0.000000,0.307758,1.831284,60,40,2440,3106,0.000000,-0.075002,0.000000,1.000000,0.125009,0.500000,0.062505,0.708311,0.300000,0.212493,1.000000,0.200000,0.200000,0.200000,0.500000,-0.100000,0.900000,0.500000,-0.450000,0.000000,0.100000,-0.000000
t10-d1.2-a1.0-compact,10,1.200000,1.000000,6,1238,1440,ga,curated-textbook,goal-priority,20260926,3,4,true,true,0,2,8,2,1041,0.722917,false,0.000000,0.307758,1.831284,60,40,2440,3506,0.000000,-0.075002,0.000000,1.000000,0.125009,0.500000,0.062505,0.708311,0.300000,0.212493,1.000000,0.200000,0.200000,0.200000,0.500000,-0.100000,0.900000,0.500000,-0.450000,0.000000,0.100000,-0.000000
t10-d1.2-a1.0-compact,10,1.200000,1.000000,6,1238,1440,ga,curated-textbook,goal-priority,20260927,3,4,true,true,0,2,8,2,1041,0.722917,false,0.000000,0.307758,1.831284,60,40,2440,3041,0.000000,-0.075002,0.000000,1.000000,0.125009,0.500000,0.062505,0.708311,0.300000,0.212493,1.000000,0.200000,0.200000,0.200000,0.500000,-0.100000,0.900000,0.500000,-0.450000,0.000000,0.100000,-0.000000
t10-d1.2-a1.0-compact,10,1.200000,1.000000,6,1238,1440,ga,curated-textbook,goal-priority,20260928,3,4,true,true,0,2,8,2,1041,0.722917,false,0.000000,0.307758,1.831284,60,40,2440,3353,0.000000,-0.075002,0.000000,1.000000,0.125009,0.500000,0.062505,0.708311,0.300000,0.212493,1.000000,0.200000,0.200000,0.200000,0.500000,-0.100000,0.900000,0.500000,-0.450000,0.000000,0.100000,-0.000000
t10-d1.2-a1.0-compact,10,1.200000,1.000000,6,1238,1440,ga,curated-textbook,goal-priority,20260929,3,4,true,true,0,2,8,2,1041,0.722917,false,0.000000,0.307758,1.831284,60,40,2440,4043,0.000000,-0.075002,0.000000,1.000000,0.125009,0.500000,0.062505,0.708311,0.300000,0.212493,1.000000,0.200000,0.200000,0.200000,0.500000,-0.100000,0.900000,0.500000,-0.450000,0.000000,0.100000,-0.000000
t10-d1.2-a1.0-compact,10,1.200000,1.000000,6,1238,1440,ga,all,goal-priority,20260925,5,6,true,true,1,2,8,2,1041,0.722917,false,0.000000,0.307758,1.831284,60,40,2440,3251,0.000000,-0.088335,0.000000,1.000000,0.125009,0.500000,0.062505,0.708311,0.300000,0.212493,1.000000,0.200000,0.200000,0.200000,0.500000,-0.100000,0.900000,0.500000,-0.450000,0.133333,0.100000,-0.013333
t10-d1.2-a1.0-compact,10,1.200000,1.000000,6,1238,1440,ga,all,goal-priority,20260926,5,6,true,true,1,2,8,2,1041,0.722917,false,0.000000,0.307758,1.831284,60,40,2440,3434,0.000000,-0.088335,0.000000,1.000000,0.125009,0.500000,0.062505,0.708311,0.300000,0.212493,1.000000,0.200000,0.200000,0.200000,0.500000,-0.100000,0.900000,0.500000,-0.450000,0.133333,0.100000,-0.013333
t10-d1.2-a1.0-compact,10,1.200000,1.000000,6,1238,1440,ga,all,goal-priority,20260927,5,6,true,true,1,2,8,2,1041,0.722917,false,0.000000,0.307758,1.831284,60,40,2440,3156,0.000000,-0.088335,0.000000,1.000000,0.125009,0.500000,0.062505,0.708311,0.300000,0.212493,1.000000,0.200000,0.200000,0.200000,0.500000,-0.100000,0.900000,0.500000,-0.450000,0.133333,0.100000,-0.013333
t10-d1.2-a1.0-compact,10,1.200000,1.000000,6,1238,1440,ga,all,goal-priority,20260928,5,6,true,true,1,2,8,2,1041,0.722917,false,0.000000,0.307758,1.831284,60,40,2440,3080,0.000000,-0.088335,0.000000,1.000000,0.125009,0.500000,0.062505,0.708311,0.300000,0.212493,1.000000,0.200000,0.200000,0.200000,0.500000,-0.100000,0.900000,0.500000,-0.450000,0.133333,0.100000,-0.013333
t10-d1.2-a1.0-compact,10,1.200000,1.000000,6,1238,1440,ga,all,goal-priority,20260929,5,6,true,true,1,2,8,2,1041,0.722917,false,0.000000,0.307758,1.831284,60,40,2440,3135,0.000000,-0.088335,0.000000,1.000000,0.125009,0.500000,0.062505,0.708311,0.300000,0.212493,1.000000,0.200000,0.200000,0.200000,0.500000,-0.100000,0.900000,0.500000,-0.450000,0.133333,0.100000,-0.013333
t10-d1.2-a1.0-sparse,10,1.200000,1.000000,7,944,960,greedy-baseline,curated,goal-priority,20260925,2,2,true,true,2,,8,2,698,0.727083,false,0.000000,0.079265,1.456634,0,0,0,199,0.000000,-0.172215,0.000000,1.000000,0.135526,0.500000,0.067763,0.751027,0.300000,0.225308,1.000000,0.200000,0.200000,0.200000,0.500000,-0.100000,1.000000,0.500000,-0.500000,0.652863,0.100000,-0.065286
t10-d1.2-a1.0-sparse,10,1.200000,1.000000,7,944,960,greedy-baseline,curated,goal-priority,20260926,2,2,true,true,2,,8,2,698,0.727083,false,0.000000,0.079265,1.456634,0,0,0,128,0.000000,-0.172215,0.000000,1.000000,0.135526,0.500000,0.067763,0.751027,0.300000,0.225308,1.000000,0.200000,0.200000,0.200000,0.500000,-0.100000,1.000000,0.500000,-0.500000,0.652863,0.100000,-0.065286
t10-d1.2-a1.0-sparse,10,1.200000,1.000000,7,944,960,greedy-baseline,curated,goal-priority,20260927,2,2,true,true,2,,8,2,698,0.727083,false,0.000000,0.079265,1.456634,0,0,0,132,0.000000,-0.172215,0.000000,1.000000,0.135526,0.500000,0.067763,0.751027,0.300000,0.225308,1.000000,0.200000,0.200000,0.200000,0.500000,-0.100000,1.000000,0.500000,-0.500000,0.652863,0.100000,-0.065286
t10-d1.2-a1.0-sparse,10,1.200000,1.000000,7,944,960,greedy-baseline,curated,goal-priority,20260928,2,2,true,true,2,,8,2,698,0.727083,false,0.000000,0.079265,1.456634,0,0,0,136,0.000000,-0.172215,0.000000,1.000000,0.135526,0.500000,0.067763,0.751027,0.300000,0.225308,1.000000,0.200000,0.200000,0.200000,0.500000,-0.100000,1.000000,0.500000,-0.500000,0.652863,0.100000,-0.065286
t10-d1.2-a1.0-sparse,10,1.200000,1.000000,7,944,960,greedy-baseline,curated,goal-priority,20260929,2,2,true,true,2,,8,2,698,0.727083,false,0.000000,0.079265,1.456634,0,0,0,131,0.000000,-0.172215,0.000000,1.000000,0.135526,0.500000,0.067763,0.751027,0.300000,0.225308,1.000000,0.200000,0.200000,0.200000,0.500000,-0.100000,1.000000,0.500000,-0.500000,0.652863,0.100000,-0.065286
t10-d1.2-a1.0-sparse,10,1.200000,1.000000,7,944,960,greedy-baseline,curated-textbook,goal-priority,20260925,4,4,true,true,3,,8,2,698,0.727083,false,0.000000,0.079265,1.456634,0,0,0,210,0.000000,-0.155999,0.000000,1.000000,0.135526,0.500000,0.067763,0.751027,0.300000,0.225308,1.000000,0.200000,0.200000,0.200000,0.500000,-0.100000,1.000000,0.500000,-0.500000,0.490703,0.100000,-0.049070
t10-d1.2-a1.0-sparse,10,1.200000,1.000000,7,944,960,greedy-baseline,curated-textbook,goal-priority,20260926,4,4,true,true,3,,8,2,698,0.727083,false,0.000000,0.079265,1.456634,0,0,0,145,0.000000,-0.155999,0.000000,1.000000,0.135526,0.500000,0.067763,0.751027,0.300000,0.225308,1.000000,0.200000,0.200000,0.200000,0.500000,-0.100000,1.000000,0.500000,-0.500000,0.490703,0.100000,-0.049070
t10-d1.2-a1.0-sparse,10,1.200000,1.000000,7,944,960,greedy-baseline,curated-textbook,goal-priority,20260927,4,4,true,true,3,,8,2,698,0.727083,false,0.000000,0.079265,1.456634,0,0,0,125,0.000000,-0.155999,0.000000,1.000000,0.135526,0.500000,0.067763,0.751027,0.300000,0.225308,1.000000,0.200000,0.200000,0.200000,0.500000,-0.100000,1.000000,0.500000,-0.500000,0.490703,0.100000,-0.049070
t10-d1.2-a1.0-sparse,10,1.200000,1.000000,7,944,960,greedy-baseline,curated-textbook,goal-priority,20260928,4,4,true,true,3,,8,2,698,0.727083,false,0.000000,0.079265,1.456634,0,0,0,309,0.000000,-0.155999,0.000000,1.000000,0.135526,0.500000,0.067763,0.751027,0.300000,0.225308,1.000000,0.200000,0.200000,0.200000,0.500000,-0.100000,1.000000,0.500000,-0.500000,0.490703,0.100000,-0.049070
t10-d1.2-a1.0-sparse,10,1.200000,1.000000,7,944,960,greedy-baseline,curated-textbook,goal-priority,20260929,4,4,true,true,3,,8,2,698,0.727083,false,0.000000,0.079265,1.456634,0,0,0,164,0.000000,-0.155999,0.000000,1.000000,0.135526,0.500000,0.067763,0.751027,0.300000,0.225308,1.000000,0.200000,0.200000,0.200000,0.500000,-0.100000,1.000000,0.500000,-0.500000,0.490703,0.100000,-0.049070
t10-d1.2-a1.0-sparse,10,1.200000,1.000000,7,944,960,greedy-baseline,all,goal-priority,20260925,6,6,true,true,2,,8,2,698,0.727083,false,0.000000,0.079265,1.259047,0,0,0,242,0.000000,-0.128819,0.000000,1.000000,0.135526,0.500000,0.067763,0.751027,0.300000,0.225308,1.000000,0.200000,0.200000,0.200000,0.500000,-0.100000,1.000000,0.500000,-0.500000,0.218905,0.100000,-0.021890
t10-d1.2-a1.0-sparse,10,1.200000,1.000000,7,944,960,greedy-baseline,all,goal-priority,20260926,6,6,true,true,2,,8,2,698,0.727083,false,0.000000,0.079265,1.259047,0,0,0,148,0.000000,-0.128819,0.000000,1.000000,0.135526,0.500000,0.067763,0.751027,0.300000,0.225308,1.000000,0.200000,0.200000,0.200000,0.500000,-0.100000,1.000000,0.500000,-0.500000,0.218905,0.100000,-0.021890
t10-d1.2-a1.0-sparse,10,1.200000,1.000000,7,944,960,greedy-baseline,all,goal-priority,20260927,6,6,true,true,2,,8,2,698,0.727083,false,0.000000,0.079265,1.259047,0,0,0,228,0.000000,-0.128819,0.000000,1.000000,0.135526,0.500000,0.067763,0.751027,0.300000,0.225308,1.000000,0.200000,0.200000,0.200000,0.500000,-0.100000,1.000000,0.500000,-0.500000,0.218905,0.100000,-0.021890
t10-d1.2-a1.0-sparse,10,1.200000,1.000000,7,944,960,greedy-baseline,all,goal-priority,20260928,6,6,true,true,2,,8,2,698,0.727083,false,0.000000,0.079265,1.259047,0,0,0,142,0.000000,-0.128819,0.000000,1.000000,0.135526,0.500000,0.067763,0.751027,0.300000,0.225308,1.000000,0.200000,0.200000,0.200000,0.500000,-0.100000,1.000000,0.500000,-0.500000,0.218905,0.100000,-0.021890
t10-d1.2-a1.0-sparse,10,1.200000,1.000000,7,944,960,greedy-baseline,all,goal-priority,20260929,6,6,true,true,2,,8,2,698,0.727083,false,0.000000,0.079265,1.259047,0,0,0,140,0.000000,-0.128819,0.000000,1.000000,0.135526,0.500000,0.067763,0.751027,0.300000,0.225308,1.000000,0.200000,0.200000,0.200000,0.500000,-0.100000,1.000000,0.500000,-0.500000,0.218905,0.100000,-0.021890
t10-d1.2-a1.0-sparse,10,1.200000,1.000000,7,944,960,ga,curated,goal-priority,20260925,2,2,true,true,0,1,8,2,779,0.811458,false,0.000000,0.200210,1.507094,60,40,2440,3161,0.000000,-0.136239,0.000000,1.000000,0.118114,0.500000,0.059057,0.682347,0.300000,0.204704,1.000000,0.200000,0.200000,0.200000,0.500000,-0.100000,1.000000,0.500000,-0.500000,0.000000,0.100000,-0.000000
t10-d1.2-a1.0-sparse,10,1.200000,1.000000,7,944,960,ga,curated,goal-priority,20260926,2,2,true,true,0,1,8,2,779,0.811458,false,0.000000,0.200210,1.507094,60,40,2440,2979,0.000000,-0.136239,0.000000,1.000000,0.118114,0.500000,0.059057,0.682347,0.300000,0.204704,1.000000,0.200000,0.200000,0.200000,0.500000,-0.100000,1.000000,0.500000,-0.500000,0.000000,0.100000,-0.000000
t10-d1.2-a1.0-sparse,10,1.200000,1.000000,7,944,960,ga,curated,goal-priority,20260927,2,2,true,true,0,1,8,2,779,0.811458,false,0.000000,0.200210,1.507094,60,40,2440,3083,0.000000,-0.136239,0.000000,1.000000,0.118114,0.500000,0.059057,0.682347,0.300000,0.204704,1.000000,0.200000,0.200000,0.200000,0.500000,-0.100000,1.000000,0.500000,-0.500000,0.000000,0.100000,-0.000000
t10-d1.2-a1.0-sparse,10,1.200000,1.000000,7,944,960,ga,curated,goal-priority,20260928,2,2,true,true,0,1,8,2,779,0.811458,false,0.000000,0.200210,1.507094,60,40,2440,3001,0.000000,-0.136239,0.000000,1.000000,0.118114,0.500000,0.059057,0.682347,0.300000,0.204704,1.000000,0.200000,0.200000,0.200000,0.500000,-0.100000,1.000000,0.500000,-0.500000,0.000000,0.100000,-0.000000
t10-d1.2-a1.0-sparse,10,1.200000,1.000000,7,944,960,ga,curated,goal-priority,20260929,2,2,true,true,0,1,8,2,779,0.811458,false,0.000000,0.200210,1.507094,60,40,2440,3235,0.000000,-0.136239,0.000000,1.000000,0.118114,0.500000,0.059057,0.682347,0.300000,0.204704,1.000000,0.200000,0.200000,0.200000,0.500000,-0.100000,1.000000,0.500000,-0.500000,0.000000,0.100000,-0.000000
t10-d1.2-a1.0-sparse,10,1.200000,1.000000,7,944,960,ga,curated-textbook,goal-priority,20260925,4,4,true,true,1,1,8,2,779,0.811458,false,0.000000,0.200210,1.507094,60,40,2440,3068,0.000000,-0.160731,0.000000,1.000000,0.118114,0.500000,0.059057,0.682347,0.300000,0.204704,1.000000,0.200000,0.200000,0.200000,0.500000,-0.100000,1.000000,0.500000,-0.500000,0.244926,0.100000,-0.024493
t10-d1.2-a1.0-sparse,10,1.200000,1.000000,7,944,960,ga,curated-textbook,goal-priority,20260926,4,4,true,true,1,1,8,2,779,0.811458,false,0.000000,0.200210,1.507094,60,40,2440,2940,0.000000,-0.160731,0.000000,1.000000,0.118114,0.500000,0.059057,0.682347,0.300000,0.204704,1.000000,0.200000,0.200000,0.200000,0.500000,-0.100000,1.000000,0.500000,-0.500000,0.244926,0.100000,-0.024493
t10-d1.2-a1.0-sparse,10,1.200000,1.000000,7,944,960,ga,curated-textbook,goal-priority,20260927,4,4,true,true,1,1,8,2,779,0.811458,false,0.000000,0.200210,1.507094,60,40,2440,3584,0.000000,-0.160731,0.000000,1.000000,0.118114,0.500000,0.059057,0.682347,0.300000,0.204704,1.000000,0.200000,0.200000,0.200000,0.500000,-0.100000,1.000000,0.500000,-0.500000,0.244926,0.100000,-0.024493
t10-d1.2-a1.0-sparse,10,1.200000,1.000000,7,944,960,ga,curated-textbook,goal-priority,20260928,4,4,true,true,1,1,8,2,779,0.811458,false,0.000000,0.200210,1.507094,60,40,2440,3028,0.000000,-0.160731,0.000000,1.000000,0.118114,0.500000,0.059057,0.682347,0.300000,0.204704,1.000000,0.200000,0.200000,0.200000,0.500000,-0.100000,1.000000,0.500000,-0.500000,0.244926,0.100000,-0.024493
t10-d1.2-a1.0-sparse,10,1.200000,1.000000,7,944,960,ga,curated-textbook,goal-priority,20260929,4,4,true,true,1,1,8,2,779,0.811458,false,0.000000,0.200210,1.507094,60,40,2440,2953,0.000000,-0.160731,0.000000,1.000000,0.118114,0.500000,0.059057,0.682347,0.300000,0.204704,1.000000,0.200000,0.200000,0.200000,0.500000,-0.100000,1.000000,0.500000,-0.500000,0.244926,0.100000,-0.024493
t10-d1.2-a1.0-sparse,10,1.200000,1.000000,7,944,960,ga,all,goal-priority,20260925,6,6,true,true,1,2,8,2,779,0.811458,false,0.000000,0.200210,1.507094,60,40,2440,3104,0.000000,-0.152567,0.000000,1.000000,0.118114,0.500000,0.059057,0.682347,0.300000,0.204704,1.000000,0.200000,0.200000,0.200000,0.500000,-0.100000,1.000000,0.500000,-0.500000,0.163284,0.100000,-0.016328
t10-d1.2-a1.0-sparse,10,1.200000,1.000000,7,944,960,ga,all,goal-priority,20260926,6,6,true,true,1,2,8,2,779,0.811458,false,0.000000,0.200210,1.507094,60,40,2440,3279,0.000000,-0.152567,0.000000,1.000000,0.118114,0.500000,0.059057,0.682347,0.300000,0.204704,1.000000,0.200000,0.200000,0.200000,0.500000,-0.100000,1.000000,0.500000,-0.500000,0.163284,0.100000,-0.016328
t10-d1.2-a1.0-sparse,10,1.200000,1.000000,7,944,960,ga,all,goal-priority,20260927,6,6,true,true,1,2,8,2,779,0.811458,false,0.000000,0.200210,1.507094,60,40,2440,3499,0.000000,-0.152567,0.000000,1.000000,0.118114,0.500000,0.059057,0.682347,0.300000,0.204704,1.000000,0.200000,0.200000,0.200000,0.500000,-0.100000,1.000000,0.500000,-0.500000,0.163284,0.100000,-0.016328
t10-d1.2-a1.0-sparse,10,1.200000,1.000000,7,944,960,ga,all,goal-priority,20260928,6,6,true,true,1,2,8,2,779,0.811458,false,0.000000,0.200210,1.507094,60,40,2440,3133,0.000000,-0.152567,0.000000,1.000000,0.118114,0.500000,0.059057,0.682347,0.300000,0.204704,1.000000,0.200000,0.200000,0.200000,0.500000,-0.100000,1.000000,0.500000,-0.500000,0.163284,0.100000,-0.016328
t10-d1.2-a1.0-sparse,10,1.200000,1.000000,7,944,960,ga,all,goal-priority,20260929,6,6,true,true,1,2,8,2,779,0.811458,false,0.000000,0.200210,1.507094,60,40,2440,3100,0.000000,-0.152567,0.000000,1.000000,0.118114,0.500000,0.059057,0.682347,0.300000,0.204704,1.000000,0.200000,0.200000,0.200000,0.500000,-0.100000,1.000000,0.500000,-0.500000,0.163284,0.100000,-0.016328
t10-d1.2-a1.5-compact,10,1.200000,1.500000,7,1055,1680,greedy-baseline,curated,goal-priority,20260925,2,2,true,true,1,,10,0,1055,0.627976,false,0.000000,0.353312,1.793375,0,0,0,267,0.015023,0.015023,0.015023,1.000000,0.147978,0.500000,0.073989,0.834373,0.300000,0.250312,1.000000,0.200000,0.200000,0.000000,0.500000,-0.000000,1.000000,0.500000,-0.500000,0.092778,0.100000,-0.009278
t10-d1.2-a1.5-compact,10,1.200000,1.500000,7,1055,1680,greedy-baseline,curated,goal-priority,20260926,2,2,true,true,1,,10,0,1055,0.627976,false,0.000000,0.353312,1.793375,0,0,0,147,0.015023,0.015023,0.015023,1.000000,0.147978,0.500000,0.073989,0.834373,0.300000,0.250312,1.000000,0.200000,0.200000,0.000000,0.500000,-0.000000,1.000000,0.500000,-0.500000,0.092778,0.100000,-0.009278
t10-d1.2-a1.5-compact,10,1.200000,1.500000,7,1055,1680,greedy-baseline,curated,goal-priority,20260927,2,2,true,true,1,,10,0,1055,0.627976,false,0.000000,0.353312,1.793375,0,0,0,140,0.015023,0.015023,0.015023,1.000000,0.147978,0.500000,0.073989,0.834373,0.300000,0.250312,1.000000,0.200000,0.200000,0.000000,0.500000,-0.000000,1.000000,0.500000,-0.500000,0.092778,0.100000,-0.009278
t10-d1.2-a1.5-compact,10,1.200000,1.500000,7,1055,1680,greedy-baseline,curated,goal-priority,20260928,2,2,true,true,1,,10,0,1055,0.627976,false,0.000000,0.353312,1.793375,0,0,0,168,0.015023,0.015023,0.015023,1.000000,0.147978,0.500000,0.073989,0.834373,0.300000,0.250312,1.000000,0.200000,0.200000,0.000000,0.500000,-0.000000,1.000000,0.500000,-0.500000,0.092778,0.100000,-0.009278
t10-d1.2-a1.5-compact,10,1.200000,1.500000,7,1055,1680,greedy-baseline,curated,goal-priority,20260929,2,2,true,true,1,,10,0,1055,0.627976,false,0.000000,0.353312,1.793375,0,0,0,148,0.015023,0.015023,0.015023,1.000000,0.147978,0.500000,0.073989,0.834373,0.300000,0.250312,1.000000,0.200000,0.200000,0.000000,0.500000,-0.000000,1.000000,0.500000,-0.500000,0.092778,0.100000,-0.009278
t10-d1.2-a1.5-compact,10,1.200000,1.500000,7,1055,1680,greedy-baseline,curated-textbook,goal-priority,20260925,4,4,true,true,3,,10,0,1055,0.627976,false,0.000000,0.353312,1.793375,0,0,0,171,0.004894,0.004894,0.004894,1.000000,0.147978,0.500000,0.073989,0.834373,0.300000,0.250312,1.000000,0.200000,0.200000,0.000000,0.500000,-0.000000,1.000000,0.500000,-0.500000,0.194063,0.100000,-0.019406
t10-d1.2-a1.5-compact,10,1.200000,1.500000,7,1055,1680,greedy-baseline,curated-textbook,goal-priority,20260926,4,4,true,true,3,,10,0,1055,0.627976,false,0.000000,0.353312,1.793375,0,0,0,180,0.004894,0.004894,0.004894,1.000000,0.147978,0.500000,0.073989,0.834373,0.300000,0.250312,1.000000,0.200000,0.200000,0.000000,0.500000,-0.000000,1.000000,0.500000,-0.500000,0.194063,0.100000,-0.019406
t10-d1.2-a1.5-compact,10,1.200000,1.500000,7,1055,1680,greedy-baseline,curated-textbook,goal-priority,20260927,4,4,true,true,3,,10,0,1055,0.627976,false,0.000000,0.353312,1.793375,0,0,0,136,0.004894,0.004894,0.004894,1.000000,0.147978,0.500000,0.073989,0.834373,0.300000,0.250312,1.000000,0.200000,0.200000,0.000000,0.500000,-0.000000,1.000000,0.500000,-0.500000,0.194063,0.100000,-0.019406
t10-d1.2-a1.5-compact,10,1.200000,1.500000,7,1055,1680,greedy-baseline,curated-textbook,goal-priority,20260928,4,4,true,true,3,,10,0,1055,0.627976,false,0.000000,0.353312,1.793375,0,0,0,137,0.004894,0.004894,0.004894,1.000000,0.147978,0.500000,0.073989,0.834373,0.300000,0.250312,1.000000,0.200000,0.200000,0.000000,0.500000,-0.000000,1.000000,0.500000,-0.500000,0.194063,0.100000,-0.019406
t10-d1.2-a1.5-compact,10,1.200000,1.500000,7,1055,1680,greedy-baseline,curated-textbook,goal-priority,20260929,4,4,true,true,3,,10,0,1055,0.627976,false,0.000000,0.353312,1.793375,0,0,0,133,0.004894,0.004894,0.004894,1.000000,0.147978,0.500000,0.073989,0.834373,0.300000,0.250312,1.000000,0.200000,0.200000,0.000000,0.500000,-0.000000,1.000000,0.500000,-0.500000,0.194063,0.100000,-0.019406
t10-d1.2-a1.5-compact,10,1.200000,1.500000,7,1055,1680,greedy-baseline,all,goal-priority,20260925,5,6,true,true,4,,10,0,1055,0.627976,false,0.000000,0.353312,1.793375,0,0,0,153,0.004221,0.004221,0.004221,1.000000,0.147978,0.500000,0.073989,0.834373,0.300000,0.250312,1.000000,0.200000,0.200000,0.000000,0.500000,-0.000000,1.000000,0.500000,-0.500000,0.200794,0.100000,-0.020079
t10-d1.2-a1.5-compact,10,1.200000,1.500000,7,1055,1680,greedy-baseline,all,goal-priority,20260926,5,6,true,true,4,,10,0,1055,0.627976,false,0.000000,0.353312,1.793375,0,0,0,213,0.004221,0.004221,0.004221,1.000000,0.147978,0.500000,0.073989,0.834373,0.300000,0.250312,1.000000,0.200000,0.200000,0.000000,0.500000,-0.000000,1.000000,0.500000,-0.500000,0.200794,0.100000,-0.020079
t10-d1.2-a1.5-compact,10,1.200000,1.500000,7,1055,1680,greedy-baseline,all,goal-priority,20260927,5,6,true,true,4,,10,0,1055,0.627976,false,0.000000,0.353312,1.793375,0,0,0,149,0.004221,0.004221,0.004221,1.000000,0.147978,0.500000,0.073989,0.834373,0.300000,0.250312,1.000000,0.200000,0.200000,0.000000,0.500000,-0.000000,1.000000,0.500000,-0.500000,0.200794,0.100000,-0.020079
t10-d1.2-a1.5-compact,10,1.200000,1.500000,7,1055,1680,greedy-baseline,all,goal-priority,20260928,5,6,true,true,4,,10,0,1055,0.627976,false,0.000000,0.353312,1.793375,0,0,0,310,0.004221,0.004221,0.004221,1.000000,0.147978,0.500000,0.073989,0.834373,0.300000,0.250312,1.000000,0.200000,0.200000,0.000000,0.500000,-0.000000,1.000000,0.500000,-0.500000,0.200794,0.100000,-0.020079
t10-d1.2-a1.5-compact,10,1.200000,1.500000,7,1055,1680,greedy-baseline,all,goal-priority,20260929,5,6,true,true,4,,10,0,1055,0.627976,false,0.000000,0.353312,1.793375,0,0,0,187,0.004221,0.004221,0.004221,1.000000,0.147978,0.500000,0.073989,0.834373,0.300000,0.250312,1.000000,0.200000,0.200000,0.000000,0.500000,-0.000000,1.000000,0.500000,-0.500000,0.200794,0.100000,-0.020079
t10-d1.2-a1.5-compact,10,1.200000,1.500000,7,1055,1680,ga,curated,goal-priority,20260925,2,2,true,true,1,0,10,0,1317,0.783929,false,0.000000,0.153355,1.878594,60,40,2440,3340,0.257222,0.257222,0.257222,1.000000,0.177979,0.500000,0.088989,0.896494,0.300000,0.268948,1.000000,0.200000,0.200000,0.000000,0.500000,-0.000000,0.600000,0.500000,-0.300000,0.007162,0.100000,-0.000716
t10-d1.2-a1.5-compact,10,1.200000,1.500000,7,1055,1680,ga,curated,goal-priority,20260926,2,2,true,true,1,0,10,0,1317,0.783929,false,0.000000,0.153355,1.878594,60,40,2440,4376,0.257222,0.257222,0.257222,1.000000,0.177979,0.500000,0.088989,0.896494,0.300000,0.268948,1.000000,0.200000,0.200000,0.000000,0.500000,-0.000000,0.600000,0.500000,-0.300000,0.007162,0.100000,-0.000716
t10-d1.2-a1.5-compact,10,1.200000,1.500000,7,1055,1680,ga,curated,goal-priority,20260927,2,2,true,true,1,0,10,0,1317,0.783929,false,0.000000,0.153355,1.878594,60,40,2440,3129,0.257222,0.257222,0.257222,1.000000,0.177979,0.500000,0.088989,0.896494,0.300000,0.268948,1.000000,0.200000,0.200000,0.000000,0.500000,-0.000000,0.600000,0.500000,-0.300000,0.007162,0.100000,-0.000716
t10-d1.2-a1.5-compact,10,1.200000,1.500000,7,1055,1680,ga,curated,goal-priority,20260928,2,2,true,true,1,0,10,0,1267,0.754167,false,0.000000,0.130294,1.899497,60,40,2440,3129,0.223584,0.223584,0.223584,1.000000,0.147978,0.500000,0.073989,0.834373,0.300000,0.250312,1.000000,0.200000,0.200000,0.000000,0.500000,-0.000000,0.600000,0.500000,-0.300000,0.007162,0.100000,-0.000716
t10-d1.2-a1.5-compact,10,1.200000,1.500000,7,1055,1680,ga,curated,goal-priority,20260929,2,2,true,true,1,0,10,0,1317,0.783929,false,0.000000,0.153355,1.878594,60,40,2440,3381,0.257222,0.257222,0.257222,1.000000,0.177979,0.500000,0.088989,0.896494,0.300000,0.268948,1.000000,0.200000,0.200000,0.000000,0.500000,-0.000000,0.600000,0.500000,-0.300000,0.007162,0.100000,-0.000716
t10-d1.2-a1.5-compact,10,1.200000,1.500000,7,1055,1680,ga,curated-textbook,goal-priority,20260925,4,4,true,true,2,0,10,0,1317,0.783929,false,0.000000,0.154420,1.878594,60,40,2440,3320,0.240765,0.240765,0.240765,1.000000,0.177979,0.500000,0.088989,0.896494,0.300000,0.268948,1.000000,0.200000,0.200000,0.000000,0.500000,-0.000000,0.600000,0.500000,-0.300000,0.171726,0.100000,-0.017173
t10-d1.2-a1.5-compact,10,1.200000,1.500000,7,1055,1680,ga,curated-textbook,goal-priority,20260926,4,4,true,true,2,0,10,0,1317,0.783929,false,0.000000,0.154420,1.878594,60,40,2440,3002,0.240765,0.240765,0.240765,1.000000,0.177979,0.500000,0.088989,0.896494,0.300000,0.268948,1.000000,0.200000,0.200000,0.000000,0.500000,-0.000000,0.600000,0.500000,-0.300000,0.171726,0.100000,-0.017173
t10-d1.2-a1.5-compact,10,1.200000,1.500000,7,1055,1680,ga,curated-textbook,goal-priority,20260927,4,4,true,true,2,0,10,0,1317,0.783929,false,0.000000,0.154420,1.878594,60,40,2440,3176,0.240765,0.240765,0.240765,1.000000,0.177979,0.500000,0.088989,0.896494,0.300000,0.268948,1.000000,0.200000,0.200000,0.000000,0.500000,-0.000000,0.600000,0.500000,-0.300000,0.171726,0.100000,-0.017173
t10-d1.2-a1.5-compact,10,1.200000,1.500000,7,1055,1680,ga,curated-textbook,goal-priority,20260928,4,4,true,true,2,0,10,0,1267,0.754167,false,0.000000,0.131371,1.899497,60,40,2440,3016,0.207128,0.207128,0.207128,1.000000,0.147978,0.500000,0.073989,0.834373,0.300000,0.250312,1.000000,0.200000,0.200000,0.000000,0.500000,-0.000000,0.600000,0.500000,-0.300000,0.171726,0.100000,-0.017173
t10-d1.2-a1.5-compact,10,1.200000,1.500000,7,1055,1680,ga,curated-textbook,goal-priority,20260929,4,4,true,true,2,0,10,0,1317,0.783929,false,0.000000,0.154420,1.878594,60,40,2440,3202,0.240765,0.240765,0.240765,1.000000,0.177979,0.500000,0.088989,0.896494,0.300000,0.268948,1.000000,0.200000,0.200000,0.000000,0.500000,-0.000000,0.600000,0.500000,-0.300000,0.171726,0.100000,-0.017173
t10-d1.2-a1.5-compact,10,1.200000,1.500000,7,1055,1680,ga,all,goal-priority,20260925,5,6,true,true,3,0,10,0,1317,0.783929,false,0.000000,0.154420,1.878594,60,40,2440,3031,0.243444,0.243444,0.243444,1.000000,0.177979,0.500000,0.088989,0.896494,0.300000,0.268948,1.000000,0.200000,0.200000,0.000000,0.500000,-0.000000,0.600000,0.500000,-0.300000,0.144933,0.100000,-0.014493
t10-d1.2-a1.5-compact,10,1.200000,1.500000,7,1055,1680,ga,all,goal-priority,20260926,5,6,true,true,3,0,10,0,1317,0.783929,false,0.000000,0.154420,1.878594,60,40,2440,3120,0.243444,0.243444,0.243444,1.000000,0.177979,0.500000,0.088989,0.896494,0.300000,0.268948,1.000000,0.200000,0.200000,0.000000,0.500000,-0.000000,0.600000,0.500000,-0.300000,0.144933,0.100000,-0.014493
t10-d1.2-a1.5-compact,10,1.200000,1.500000,7,1055,1680,ga,all,goal-priority,20260927,5,6,true,true,3,0,10,0,1317,0.783929,false,0.000000,0.154420,1.878594,60,40,2440,3109,0.243444,0.243444,0.243444,1.000000,0.177979,0.500000,0.088989,0.896494,0.300000,0.268948,1.000000,0.200000,0.200000,0.000000,0.500000,-0.000000,0.600000,0.500000,-0.300000,0.144933,0.100000,-0.014493
t10-d1.2-a1.5-compact,10,1.200000,1.500000,7,1055,1680,ga,all,goal-priority,20260928,5,6,true,true,3,0,10,0,1267,0.754167,false,0.000000,0.131371,1.899497,60,40,2440,3162,0.209807,0.209807,0.209807,1.000000,0.147978,0.500000,0.073989,0.834373,0.300000,0.250312,1.000000,0.200000,0.200000,0.000000,0.500000,-0.000000,0.600000,0.500000,-0.300000,0.144933,0.100000,-0.014493
t10-d1.2-a1.5-compact,10,1.200000,1.500000,7,1055,1680,ga,all,goal-priority,20260929,5,6,true,true,3,0,10,0,1317,0.783929,false,0.000000,0.154420,1.878594,60,40,2440,4543,0.243444,0.243444,0.243444,1.000000,0.177979,0.500000,0.088989,0.896494,0.300000,0.268948,1.000000,0.200000,0.200000,0.000000,0.500000,-0.000000,0.600000,0.500000,-0.300000,0.144933,0.100000,-0.014493
t10-d1.2-a1.5-sparse,10,1.200000,1.500000,15,1184,1920,greedy-baseline,curated,goal-priority,20260925,2,2,true,true,0,,10,0,1184,0.616667,false,0.000000,0.274503,1.897105,0,0,0,224,0.000000,-0.068547,0.000000,1.000000,0.147978,0.500000,0.073989,0.524881,0.300000,0.157464,1.000000,0.200000,0.200000,0.000000,0.500000,-0.000000,1.000000,0.500000,-0.500000,0.000000,0.100000,-0.000000
t10-d1.2-a1.5-sparse,10,1.200000,1.500000,15,1184,1920,greedy-baseline,curated,goal-priority,20260926,2,2,true,true,0,,10,0,1184,0.616667,false,0.000000,0.274503,1.897105,0,0,0,186,0.000000,-0.068547,0.000000,1.000000,0.147978,0.500000,0.073989,0.524881,0.300000,0.157464,1.000000,0.200000,0.200000,0.000000,0.500000,-0.000000,1.000000,0.500000,-0.500000,0.000000,0.100000,-0.000000
t10-d1.2-a1.5-sparse,10,1.200000,1.500000,15,1184,1920,greedy-baseline,curated,goal-priority,20260927,2,2,true,true,0,,10,0,1184,0.616667,false,0.000000,0.274503,1.897105,0,0,0,117,0.000000,-0.068547,0.000000,1.000000,0.147978,0.500000,0.073989,0.524881,0.300000,0.157464,1.000000,0.200000,0.200000,0.000000,0.500000,-0.000000,1.000000,0.500000,-0.500000,0.000000,0.100000,-0.000000
t10-d1.2-a1.5-sparse,10,1.200000,1.500000,15,1184,1920,greedy-baseline,curated,goal-priority,20260928,2,2,true,true,0,,10,0,1184,0.616667,false,0.000000,0.274503,1.897105,0,0,0,101,0.000000,-0.068547,0.000000,1.000000,0.147978,0.500000,0.073989,0.524881,0.300000,0.157464,1.000000,0.200000,0.200000,0.000000,0.500000,-0.000000,1.000000,0.500000,-0.500000,0.000000,0.100000,-0.000000
t10-d1.2-a1.5-sparse,10,1.200000,1.500000,15,1184,1920,greedy-baseline,curated,goal-priority,20260929,2,2,true,true,0,,10,0,1184,0.616667,false,0.000000,0.274503,1.897105,0,0,0,114,0.000000,-0.068547,0.000000,1.000000,0.147978,0.500000,0.073989,0.524881,0.300000,0.157464,1.000000,0.200000,0.200000,0.000000,0.500000,-0.000000,1.000000,0.500000,-0.500000,0.000000,0.100000,-0.000000
t10-d1.2-a1.5-sparse,10,1.200000,1.500000,15,1184,1920,greedy-baseline,curated-textbook,goal-priority,20260925,4,4,true,true,1,,10,0,1184,0.616667,false,0.000000,0.274503,1.897105,0,0,0,117,0.000000,-0.089403,0.000000,1.000000,0.147978,0.500000,0.073989,0.524881,0.300000,0.157464,1.000000,0.200000,0.200000,0.000000,0.500000,-0.000000,1.000000,0.500000,-0.500000,0.208564,0.100000,-0.020856
t10-d1.2-a1.5-sparse,10,1.200000,1.500000,15,1184,1920,greedy-baseline,curated-textbook,goal-priority,20260926,4,4,true,true,1,,10,0,1184,0.616667,false,0.000000,0.274503,1.897105,0,0,0,106,0.000000,-0.089403,0.000000,1.000000,0.147978,0.500000,0.073989,0.524881,0.300000,0.157464,1.000000,0.200000,0.200000,0.000000,0.500000,-0.000000,1.000000,0.500000,-0.500000,0.208564,0.100000,-0.020856
t10-d1.2-a1.5-sparse,10,1.200000,1.500000,15,1184,1920,greedy-baseline,curated-textbook,goal-priority,20260927,4,4,true,true,1,,10,0,1184,0.616667,false,0.000000,0.274503,1.897105,0,0,0,116,0.000000,-0.089403,0.000000,1.000000,0.147978,0.500000,0.073989,0.524881,0.300000,0.157464,1.000000,0.200000,0.200000,0.000000,0.500000,-0.000000,1.000000,0.500000,-0.500000,0.208564,0.100000,-0.020856
t10-d1.2-a1.5-sparse,10,1.200000,1.500000,15,1184,1920,greedy-baseline,curated-textbook,goal-priority,20260928,4,4,true,true,1,,10,0,1184,0.616667,false,0.000000,0.274503,1.897105,0,0,0,123,0.000000,-0.089403,0.000000,1.000000,0.147978,0.500000,0.073989,0.524881,0.300000,0.157464,1.000000,0.200000,0.200000,0.000000,0.500000,-0.000000,1.000000,0.500000,-0.500000,0.208564,0.100000,-0.020856
t10-d1.2-a1.5-sparse,10,1.200000,1.500000,15,1184,1920,greedy-baseline,curated-textbook,goal-priority,20260929,4,4,true,true,1,,10,0,1184,0.616667,false,0.000000,0.274503,1.897105,0,0,0,103,0.000000,-0.089403,0.000000,1.000000,0.147978,0.500000,0.073989,0.524881,0.300000,0.157464,1.000000,0.200000,0.200000,0.000000,0.500000,-0.000000,1.000000,0.500000,-0.500000,0.208564,0.100000,-0.020856
t10-d1.2-a1.5-sparse,10,1.200000,1.500000,15,1184,1920,greedy-baseline,all,goal-priority,20260925,6,5,true,true,2,,10,0,1184,0.616667,false,0.000000,0.274503,1.897105,0,0,0,125,0.000000,-0.088547,0.000000,1.000000,0.147978,0.500000,0.073989,0.524881,0.300000,0.157464,1.000000,0.200000,0.200000,0.000000,0.500000,-0.000000,1.000000,0.500000,-0.500000,0.200000,0.100000,-0.020000
t10-d1.2-a1.5-sparse,10,1.200000,1.500000,15,1184,1920,greedy-baseline,all,goal-priority,20260926,6,5,true,true,2,,10,0,1184,0.616667,false,0.000000,0.274503,1.897105,0,0,0,256,0.000000,-0.088547,0.000000,1.000000,0.147978,0.500000,0.073989,0.524881,0.300000,0.157464,1.000000,0.200000,0.200000,0.000000,0.500000,-0.000000,1.000000,0.500000,-0.500000,0.200000,0.100000,-0.020000
t10-d1.2-a1.5-sparse,10,1.200000,1.500000,15,1184,1920,greedy-baseline,all,goal-priority,20260927,6,5,true,true,2,,10,0,1184,0.616667,false,0.000000,0.274503,1.897105,0,0,0,177,0.000000,-0.088547,0.000000,1.000000,0.147978,0.500000,0.073989,0.524881,0.300000,0.157464,1.000000,0.200000,0.200000,0.000000,0.500000,-0.000000,1.000000,0.500000,-0.500000,0.200000,0.100000,-0.020000
t10-d1.2-a1.5-sparse,10,1.200000,1.500000,15,1184,1920,greedy-baseline,all,goal-priority,20260928,6,5,true,true,2,,10,0,1184,0.616667,false,0.000000,0.274503,1.897105,0,0,0,122,0.000000,-0.088547,0.000000,1.000000,0.147978,0.500000,0.073989,0.524881,0.300000,0.157464,1.000000,0.200000,0.200000,0.000000,0.500000,-0.000000,1.000000,0.500000,-0.500000,0.200000,0.100000,-0.020000
t10-d1.2-a1.5-sparse,10,1.200000,1.500000,15,1184,1920,greedy-baseline,all,goal-priority,20260929,6,5,true,true,2,,10,0,1184,0.616667,false,0.000000,0.274503,1.897105,0,0,0,130,0.000000,-0.088547,0.000000,1.000000,0.147978,0.500000,0.073989,0.524881,0.300000,0.157464,1.000000,0.200000,0.200000,0.000000,0.500000,-0.000000,1.000000,0.500000,-0.500000,0.200000,0.100000,-0.020000
t10-d1.2-a1.5-sparse,10,1.200000,1.500000,15,1184,1920,ga,curated,goal-priority,20260925,2,2,true,true,0,0,8,2,1312,0.683333,false,0.000000,0.139287,1.896362,60,40,2440,3316,0.016878,0.016878,0.016878,1.000000,0.163105,0.500000,0.081553,0.451083,0.300000,0.135325,1.000000,0.200000,0.200000,0.200000,0.500000,-0.100000,0.600000,0.500000,-0.300000,0.000000,0.100000,-0.000000
t10-d1.2-a1.5-sparse,10,1.200000,1.500000,15,1184,1920,ga,curated,goal-priority,20260926,2,2,true,true,0,0,9,1,1419,0.739063,false,0.000000,0.120623,1.637833,60,40,2440,4236,0.123514,0.123514,0.123514,1.000000,0.139878,0.500000,0.069939,0.511916,0.300000,0.153575,1.000000,0.200000,0.200000,0.100000,0.500000,-0.050000,0.500000,0.500000,-0.250000,0.000000,0.100000,-0.000000
t10-d1.2-a1.5-sparse,10,1.200000,1.500000,15,1184,1920,ga,curated,goal-priority,20260927,2,2,true,true,0,0,8,2,1312,0.683333,false,0.000000,0.139287,1.896362,60,40,2440,4636,0.016878,0.016878,0.016878,1.000000,0.163105,0.500000,0.081553,0.451083,0.300000,0.135325,1.000000,0.200000,0.200000,0.200000,0.500000,-0.100000,0.600000,0.500000,-0.300000,0.000000,0.100000,-0.000000
t10-d1.2-a1.5-sparse,10,1.200000,1.500000,15,1184,1920,ga,curated,goal-priority,20260928,2,2,true,true,0,0,8,2,1312,0.683333,false,0.000000,0.139287,1.896362,60,40,2440,4839,0.016878,0.016878,0.016878,1.000000,0.163105,0.500000,0.081553,0.451083,0.300000,0.135325,1.000000,0.200000,0.200000,0.200000,0.500000,-0.100000,0.600000,0.500000,-0.300000,0.000000,0.100000,-0.000000
t10-d1.2-a1.5-sparse,10,1.200000,1.500000,15,1184,1920,ga,curated,goal-priority,20260929,2,2,true,true,0,0,8,2,1312,0.683333,false,0.000000,0.139287,1.896362,60,40,2440,4494,0.016878,0.016878,0.016878,1.000000,0.163105,0.500000,0.081553,0.451083,0.300000,0.135325,1.000000,0.200000,0.200000,0.200000,0.500000,-0.100000,0.600000,0.500000,-0.300000,0.000000,0.100000,-0.000000
t10-d1.2-a1.5-sparse,10,1.200000,1.500000,15,1184,1920,ga,curated-textbook,goal-priority,20260925,4,4,true,true,1,0,8,2,1405,0.731771,false,0.000000,0.116651,1.684211,60,40,2440,3323,0.000000,-0.056065,0.000000,1.000000,0.148115,0.500000,0.074058,0.482926,0.300000,0.144878,1.000000,0.200000,0.200000,0.200000,0.500000,-0.100000,0.700000,0.500000,-0.350000,0.250000,0.100000,-0.025000
t10-d1.2-a1.5-sparse,10,1.200000,1.500000,15,1184,1920,ga,curated-textbook,goal-priority,20260926,4,4,true,true,1,0,10,0,1515,0.789063,false,0.000000,0.117253,1.592086,60,40,2440,3843,0.167117,0.167117,0.167117,1.000000,0.147978,0.500000,0.073989,0.524881,0.300000,0.157464,1.000000,0.200000,0.200000,0.000000,0.500000,-0.000000,0.500000,0.500000,-0.250000,0.143365,0.100000,-0.014336
t10-d1.2-a1.5-sparse,10,1.200000,1.500000,15,1184,1920,ga,curated-textbook,goal-priority,20260927,4,4,true,true,1,0,8,2,1405,0.731771,false,0.000000,0.116651,1.684211,60,40,2440,3202,0.000000,-0.056065,0.000000,1.000000,0.148115,0.500000,0.074058,0.482926,0.300000,0.144878,1.000000,0.200000,0.200000,0.200000,0.500000,-0.100000,0.700000,0.500000,-0.350000,0.250000,0.100000,-0.025000
t10-d1.2-a1.5-sparse,10,1.200000,1.500000,15,1184,1920,ga,curated-textbook,goal-priority,20260928,4,4,true,true,1,0,8,2,1405,0.731771,false,0.000000,0.116651,1.684211,60,40,2440,3384,0.000000,-0.056065,0.000000,1.000000,0.148115,0.500000,0.074058,0.482926,0.300000,0.144878,1.000000,0.200000,0.200000,0.200000,0.500000,-0.100000,0.700000,0.500000,-0.350000,0.250000,0.100000,-0.025000
t10-d1.2-a1.5-sparse,10,1.200000,1.500000,15,1184,1920,ga,curated-textbook,goal-priority,20260929,4,4,true,true,1,0,8,2,1405,0.731771,false,0.000000,0.116651,1.684211,60,40,2440,3356,0.000000,-0.056065,0.000000,1.000000,0.148115,0.500000,0.074058,0.482926,0.300000,0.144878,1.000000,0.200000,0.200000,0.200000,0.500000,-0.100000,0.700000,0.500000,-0.350000,0.250000,0.100000,-0.025000
t10-d1.2-a1.5-sparse,10,1.200000,1.500000,15,1184,1920,ga,all,goal-priority,20260925,6,5,true,true,2,0,8,2,1405,0.731771,false,0.000000,0.116651,1.684211,60,40,2440,3423,0.000000,-0.053922,0.000000,1.000000,0.148115,0.500000,0.074058,0.482926,0.300000,0.144878,1.000000,0.200000,0.200000,0.200000,0.500000,-0.100000,0.700000,0.500000,-0.350000,0.228571,0.100000,-0.022857
t10-d1.2-a1.5-sparse,10,1.200000,1.500000,15,1184,1920,ga,all,goal-priority,20260926,6,5,true,true,2,0,10,0,1515,0.789063,false,0.000000,0.117253,1.592086,60,40,2440,3201,0.167140,0.167140,0.167140,1.000000,0.147978,0.500000,0.073989,0.524881,0.300000,0.157464,1.000000,0.200000,0.200000,0.000000,0.500000,-0.000000,0.500000,0.500000,-0.250000,0.143128,0.100000,-0.014313
t10-d1.2-a1.5-sparse,10,1.200000,1.500000,15,1184,1920,ga,all,goal-priority,20260927,6,5,true,true,2,0,8,2,1405,0.731771,false,0.000000,0.116651,1.684211,60,40,2440,3178,0.000000,-0.053922,0.000000,1.000000,0.148115,0.500000,0.074058,0.482926,0.300000,0.144878,1.000000,0.200000,0.200000,0.200000,0.500000,-0.100000,0.700000,0.500000,-0.350000,0.228571,0.100000,-0.022857
t10-d1.2-a1.5-sparse,10,1.200000,1.500000,15,1184,1920,ga,all,goal-priority,20260928,6,5,true,true,2,0,8,2,1405,0.731771,false,0.000000,0.116651,1.684211,60,40,2440,2977,0.000000,-0.053922,0.000000,1.000000,0.148115,0.500000,0.074058,0.482926,0.300000,0.144878,1.000000,0.200000,0.200000,0.200000,0.500000,-0.100000,0.700000,0.500000,-0.350000,0.228571,0.100000,-0.022857
t10-d1.2-a1.5-sparse,10,1.200000,1.500000,15,1184,1920,ga,all,goal-priority,20260929,6,5,true,true,2,0,8,2,1405,0.731771,false,0.000000,0.116651,1.684211,60,40,2440,3059,0.000000,-0.053922,0.000000,1.000000,0.148115,0.500000,0.074058,0.482926,0.300000,0.144878,1.000000,0.200000,0.200000,0.200000,0.500000,-0.100000,0.700000,0.500000,-0.350000,0.228571,0.100000,-0.022857
t25-d0.4-a0.7-compact,25,0.400000,0.700000,8,2472,1920,greedy-baseline,curated,goal-priority,20260925,2,2,true,true,1,,14,11,1340,0.697917,false,0.000000,0.268133,2.029537,0,0,0,310,0.000000,-0.350038,0.000000,1.000000,0.117797,0.500000,0.058899,0.536878,0.300000,0.161063,1.000000,0.200000,0.200000,0.440000,0.500000,-0.220000,1.000000,0.500000,-0.500000,0.500000,0.100000,-0.050000
t25-d0.4-a0.7-compact,25,0.400000,0.700000,8,2472,1920,greedy-baseline,curated,goal-priority,20260926,2,2,true,true,1,,14,11,1340,0.697917,false,0.000000,0.268133,2.029537,0,0,0,2779,0.000000,-0.350038,0.000000,1.000000,0.117797,0.500000,0.058899,0.536878,0.300000,0.161063,1.000000,0.200000,0.200000,0.440000,0.500000,-0.220000,1.000000,0.500000,-0.500000,0.500000,0.100000,-0.050000
t25-d0.4-a0.7-compact,25,0.400000,0.700000,8,2472,1920,greedy-baseline,curated,goal-priority,20260927,2,2,true,true,1,,14,11,1340,0.697917,false,0.000000,0.268133,2.029537,0,0,0,198,0.000000,-0.350038,0.000000,1.000000,0.117797,0.500000,0.058899,0.536878,0.300000,0.161063,1.000000,0.200000,0.200000,0.440000,0.500000,-0.220000,1.000000,0.500000,-0.500000,0.500000,0.100000,-0.050000
t25-d0.4-a0.7-compact,25,0.400000,0.700000,8,2472,1920,greedy-baseline,curated,goal-priority,20260928,2,2,true,true,1,,14,11,1340,0.697917,false,0.000000,0.268133,2.029537,0,0,0,275,0.000000,-0.350038,0.000000,1.000000,0.117797,0.500000,0.058899,0.536878,0.300000,0.161063,1.000000,0.200000,0.200000,0.440000,0.500000,-0.220000,1.000000,0.500000,-0.500000,0.500000,0.100000,-0.050000
t25-d0.4-a0.7-compact,25,0.400000,0.700000,8,2472,1920,greedy-baseline,curated,goal-priority,20260929,2,2,true,true,1,,14,11,1340,0.697917,false,0.000000,0.268133,2.029537,0,0,0,184,0.000000,-0.350038,0.000000,1.000000,0.117797,0.500000,0.058899,0.536878,0.300000,0.161063,1.000000,0.200000,0.200000,0.440000,0.500000,-0.220000,1.000000,0.500000,-0.500000,0.500000,0.100000,-0.050000
t25-d0.4-a0.7-compact,25,0.400000,0.700000,8,2472,1920,greedy-baseline,curated-textbook,goal-priority,20260925,3,4,true,true,2,,14,11,1340,0.697917,false,0.000000,0.268133,2.029537,0,0,0,262,0.000000,-0.350038,0.000000,1.000000,0.117797,0.500000,0.058899,0.536878,0.300000,0.161063,1.000000,0.200000,0.200000,0.440000,0.500000,-0.220000,1.000000,0.500000,-0.500000,0.500000,0.100000,-0.050000
t25-d0.4-a0.7-compact,25,0.400000,0.700000,8,2472,1920,greedy-baseline,curated-textbook,goal-priority,20260926,3,4,true,true,2,,14,11,1340,0.697917,false,0.000000,0.268133,2.029537,0,0,0,183,0.000000,-0.350038,0.000000,1.000000,0.117797,0.500000,0.058899,0.536878,0.300000,0.161063,1.000000,0.200000,0.200000,0.440000,0.500000,-0.220000,1.000000,0.500000,-0.500000,0.500000,0.100000,-0.050000
t25-d0.4-a0.7-compact,25,0.400000,0.700000,8,2472,1920,greedy-baseline,curated-textbook,goal-priority,20260927,3,4,true,true,2,,14,11,1340,0.697917,false,0.000000,0.268133,2.029537,0,0,0,261,0.000000,-0.350038,0.000000,1.000000,0.117797,0.500000,0.058899,0.536878,0.300000,0.161063,1.000000,0.200000,0.200000,0.440000,0.500000,-0.220000,1.000000,0.500000,-0.500000,0.500000,0.100000,-0.050000
t25-d0.4-a0.7-compact,25,0.400000,0.700000,8,2472,1920,greedy-baseline,curated-textbook,goal-priority,20260928,3,4,true,true,2,,14,11,1340,0.697917,false,0.000000,0.268133,2.029537,0,0,0,229,0.000000,-0.350038,0.000000,1.000000,0.117797,0.500000,0.058899,0.536878,0.300000,0.161063,1.000000,0.200000,0.200000,0.440000,0.500000,-0.220000,1.000000,0.500000,-0.500000,0.500000,0.100000,-0.050000
t25-d0.4-a0.7-compact,25,0.400000,0.700000,8,2472,1920,greedy-baseline,curated-textbook,goal-priority,20260929,3,4,true,true,2,,14,11,1340,0.697917,false,0.000000,0.268133,2.029537,0,0,0,183,0.000000,-0.350038,0.000000,1.000000,0.117797,0.500000,0.058899,0.536878,0.300000,0.161063,1.000000,0.200000,0.200000,0.440000,0.500000,-0.220000,1.000000,0.500000,-0.500000,0.500000,0.100000,-0.050000
t25-d0.4-a0.7-compact,25,0.400000,0.700000,8,2472,1920,greedy-baseline,all,goal-priority,20260925,5,5,true,true,3,,14,11,1432,0.745833,true,0.028571,0.225193,1.704520,0,0,0,182,0.000000,-0.347040,0.000000,1.000000,0.103783,0.500000,0.051891,0.555943,0.300000,0.166783,0.971429,0.200000,0.194286,0.440000,0.500000,-0.220000,1.000000,0.500000,-0.500000,0.400000,0.100000,-0.040000
t25-d0.4-a0.7-compact,25,0.400000,0.700000,8,2472,1920,greedy-baseline,all,goal-priority,20260926,5,5,true,true,3,,14,11,1432,0.745833,true,0.028571,0.225193,1.704520,0,0,0,187,0.000000,-0.347040,0.000000,1.000000,0.103783,0.500000,0.051891,0.555943,0.300000,0.166783,0.971429,0.200000,0.194286,0.440000,0.500000,-0.220000,1.000000,0.500000,-0.500000,0.400000,0.100000,-0.040000
t25-d0.4-a0.7-compact,25,0.400000,0.700000,8,2472,1920,greedy-baseline,all,goal-priority,20260927,5,5,true,true,3,,14,11,1432,0.745833,true,0.028571,0.225193,1.704520,0,0,0,239,0.000000,-0.347040,0.000000,1.000000,0.103783,0.500000,0.051891,0.555943,0.300000,0.166783,0.971429,0.200000,0.194286,0.440000,0.500000,-0.220000,1.000000,0.500000,-0.500000,0.400000,0.100000,-0.040000
t25-d0.4-a0.7-compact,25,0.400000,0.700000,8,2472,1920,greedy-baseline,all,goal-priority,20260928,5,5,true,true,3,,14,11,1432,0.745833,true,0.028571,0.225193,1.704520,0,0,0,260,0.000000,-0.347040,0.000000,1.000000,0.103783,0.500000,0.051891,0.555943,0.300000,0.166783,0.971429,0.200000,0.194286,0.440000,0.500000,-0.220000,1.000000,0.500000,-0.500000,0.400000,0.100000,-0.040000
t25-d0.4-a0.7-compact,25,0.400000,0.700000,8,2472,1920,greedy-baseline,all,goal-priority,20260929,5,5,true,true,3,,14,11,1432,0.745833,true,0.028571,0.225193,1.704520,0,0,0,608,0.000000,-0.347040,0.000000,1.000000,0.103783,0.500000,0.051891,0.555943,0.300000,0.166783,0.971429,0.200000,0.194286,0.440000,0.500000,-0.220000,1.000000,0.500000,-0.500000,0.400000,0.100000,-0.040000
t25-d0.4-a0.7-compact,25,0.400000,0.700000,8,2472,1920,ga,curated,goal-priority,20260925,2,2,true,true,1,0,16,9,1550,0.807292,false,0.000000,0.132194,1.581078,60,40,2440,7451,0.000000,-0.327355,0.000000,1.000000,0.094328,0.500000,0.047164,0.518271,0.300000,0.155481,1.000000,0.200000,0.200000,0.360000,0.500000,-0.180000,1.000000,0.500000,-0.500000,0.500000,0.100000,-0.050000
t25-d0.4-a0.7-compact,25,0.400000,0.700000,8,2472,1920,ga,curated,goal-priority,20260926,2,2,true,true,1,0,16,9,1550,0.807292,false,0.000000,0.132194,1.581078,60,40,2440,6476,0.000000,-0.327355,0.000000,1.000000,0.094328,0.500000,0.047164,0.518271,0.300000,0.155481,1.000000,0.200000,0.200000,0.360000,0.500000,-0.180000,1.000000,0.500000,-0.500000,0.500000,0.100000,-0.050000
t25-d0.4-a0.7-compact,25,0.400000,0.700000,8,2472,1920,ga,curated,goal-priority,20260927,2,2,true,true,1,0,16,9,1550,0.807292,false,0.000000,0.132194,1.581078,60,40,2440,7283,0.000000,-0.327355,0.000000,1.000000,0.094328,0.500000,0.047164,0.518271,0.300000,0.155481,1.000000,0.200000,0.200000,0.360000,0.500000,-0.180000,1.000000,0.500000,-0.500000,0.500000,0.100000,-0.050000
t25-d0.4-a0.7-compact,25,0.400000,0.700000,8,2472,1920,ga,curated,goal-priority,20260928,2,2,true,true,1,0,16,9,1550,0.807292,false,0.000000,0.132194,1.581078,60,40,2440,7685,0.000000,-0.327355,0.000000,1.000000,0.094328,0.500000,0.047164,0.518271,0.300000,0.155481,1.000000,0.200000,0.200000,0.360000,0.500000,-0.180000,1.000000,0.500000,-0.500000,0.500000,0.100000,-0.050000
t25-d0.4-a0.7-compact,25,0.400000,0.700000,8,2472,1920,ga,curated,goal-priority,20260929,2,2,true,true,1,0,16,9,1550,0.807292,false,0.000000,0.132194,1.581078,60,40,2440,8326,0.000000,-0.327355,0.000000,1.000000,0.094328,0.500000,0.047164,0.518271,0.300000,0.155481,1.000000,0.200000,0.200000,0.360000,0.500000,-0.180000,1.000000,0.500000,-0.500000,0.500000,0.100000,-0.050000
t25-d0.4-a0.7-compact,25,0.400000,0.700000,8,2472,1920,ga,curated-textbook,goal-priority,20260925,3,4,true,true,1,1,17,8,1621,0.844271,false,0.000000,0.129773,1.552116,60,40,2440,6382,0.000000,-0.267282,0.000000,1.000000,0.111158,0.500000,0.055579,0.540464,0.300000,0.162139,1.000000,0.200000,0.200000,0.320000,0.500000,-0.160000,1.000000,0.500000,-0.500000,0.250000,0.100000,-0.025000
t25-d0.4-a0.7-compact,25,0.400000,0.700000,8,2472,1920,ga,curated-textbook,goal-priority,20260926,3,4,true,true,1,1,17,8,1621,0.844271,false,0.000000,0.129773,1.552116,60,40,2440,6510,0.000000,-0.267282,0.000000,1.000000,0.111158,0.500000,0.055579,0.540464,0.300000,0.162139,1.000000,0.200000,0.200000,0.320000,0.500000,-0.160000,1.000000,0.500000,-0.500000,0.250000,0.100000,-0.025000
t25-d0.4-a0.7-compact,25,0.400000,0.700000,8,2472,1920,ga,curated-textbook,goal-priority,20260927,3,4,true,true,1,1,17,8,1621,0.844271,false,0.000000,0.129773,1.552116,60,40,2440,7092,0.000000,-0.267282,0.000000,1.000000,0.111158,0.500000,0.055579,0.540464,0.300000,0.162139,1.000000,0.200000,0.200000,0.320000,0.500000,-0.160000,1.000000,0.500000,-0.500000,0.250000,0.100000,-0.025000
t25-d0.4-a0.7-compact,25,0.400000,0.700000,8,2472,1920,ga,curated-textbook,goal-priority,20260928,3,4,true,true,1,1,17,8,1621,0.844271,false,0.000000,0.129773,1.552116,60,40,2440,7217,0.000000,-0.267282,0.000000,1.000000,0.111158,0.500000,0.055579,0.540464,0.300000,0.162139,1.000000,0.200000,0.200000,0.320000,0.500000,-0.160000,1.000000,0.500000,-0.500000,0.250000,0.100000,-0.025000
t25-d0.4-a0.7-compact,25,0.400000,0.700000,8,2472,1920,ga,curated-textbook,goal-priority,20260929,3,4,true,true,1,1,17,8,1621,0.844271,false,0.000000,0.129773,1.552116,60,40,2440,6982,0.000000,-0.267282,0.000000,1.000000,0.111158,0.500000,0.055579,0.540464,0.300000,0.162139,1.000000,0.200000,0.200000,0.320000,0.500000,-0.160000,1.000000,0.500000,-0.500000,0.250000,0.100000,-0.025000
t25-d0.4-a0.7-compact,25,0.400000,0.700000,8,2472,1920,ga,all,goal-priority,20260925,5,5,true,true,2,0,16,9,1550,0.807292,false,0.000000,0.132194,1.581078,60,40,2440,6995,0.000000,-0.317355,0.000000,1.000000,0.094328,0.500000,0.047164,0.518271,0.300000,0.155481,1.000000,0.200000,0.200000,0.360000,0.500000,-0.180000,1.000000,0.500000,-0.500000,0.400000,0.100000,-0.040000
t25-d0.4-a0.7-compact,25,0.400000,0.700000,8,2472,1920,ga,all,goal-priority,20260926,5,5,true,true,2,0,16,9,1550,0.807292,false,0.000000,0.132194,1.581078,60,40,2440,6405,0.000000,-0.317355,0.000000,1.000000,0.094328,0.500000,0.047164,0.518271,0.300000,0.155481,1.000000,0.200000,0.200000,0.360000,0.500000,-0.180000,1.000000,0.500000,-0.500000,0.400000,0.100000,-0.040000
t25-d0.4-a0.7-compact,25,0.400000,0.700000,8,2472,1920,ga,all,goal-priority,20260927,5,5,true,true,2,0,16,9,1550,0.807292,false,0.000000,0.132194,1.581078,60,40,2440,6847,0.000000,-0.317355,0.000000,1.000000,0.094328,0.500000,0.047164,0.518271,0.300000,0.155481,1.000000,0.200000,0.200000,0.360000,0.500000,-0.180000,1.000000,0.500000,-0.500000,0.400000,0.100000,-0.040000
t25-d0.4-a0.7-compact,25,0.400000,0.700000,8,2472,1920,ga,all,goal-priority,20260928,5,5,true,true,2,0,16,9,1550,0.807292,false,0.000000,0.132194,1.581078,60,40,2440,6444,0.000000,-0.317355,0.000000,1.000000,0.094328,0.500000,0.047164,0.518271,0.300000,0.155481,1.000000,0.200000,0.200000,0.360000,0.500000,-0.180000,1.000000,0.500000,-0.500000,0.400000,0.100000,-0.040000
t25-d0.4-a0.7-compact,25,0.400000,0.700000,8,2472,1920,ga,all,goal-priority,20260929,5,5,true,true,2,0,16,9,1550,0.807292,false,0.000000,0.132194,1.581078,60,40,2440,6504,0.000000,-0.317355,0.000000,1.000000,0.094328,0.500000,0.047164,0.518271,0.300000,0.155481,1.000000,0.200000,0.200000,0.360000,0.500000,-0.180000,1.000000,0.500000,-0.500000,0.400000,0.100000,-0.040000
t25-d0.4-a0.7-sparse,25,0.400000,0.700000,13,2286,1680,greedy-baseline,curated,goal-priority,20260925,2,2,true,true,0,,15,10,1302,0.775000,false,0.000000,0.240341,1.326742,0,0,0,361,0.000000,-0.309959,0.000000,1.000000,0.108543,0.500000,0.054272,0.452565,0.300000,0.135769,1.000000,0.200000,0.200000,0.400000,0.500000,-0.200000,1.000000,0.500000,-0.500000,0.000000,0.100000,-0.000000
t25-d0.4-a0.7-sparse,25,0.400000,0.700000,13,2286,1680,greedy-baseline,curated,goal-priority,20260926,2,2,true,true,0,,15,10,1302,0.775000,false,0.000000,0.240341,1.326742,0,0,0,176,0.000000,-0.309959,0.000000,1.000000,0.108543,0.500000,0.054272,0.452565,0.300000,0.135769,1.000000,0.200000,0.200000,0.400000,0.500000,-0.200000,1.000000,0.500000,-0.500000,0.000000,0.100000,-0.000000
t25-d0.4-a0.7-sparse,25,0.400000,0.700000,13,2286,1680,greedy-baseline,curated,goal-priority,20260927,2,2,true,true,0,,15,10,1302,0.775000,false,0.000000,0.240341,1.326742,0,0,0,171,0.000000,-0.309959,0.000000,1.000000,0.108543,0.500000,0.054272,0.452565,0.300000,0.135769,1.000000,0.200000,0.200000,0.400000,0.500000,-0.200000,1.000000,0.500000,-0.500000,0.000000,0.100000,-0.000000
t25-d0.4-a0.7-sparse,25,0.400000,0.700000,13,2286,1680,greedy-baseline,curated,goal-priority,20260928,2,2,true,true,0,,15,10,1302,0.775000,false,0.000000,0.240341,1.326742,0,0,0,183,0.000000,-0.309959,0.000000,1.000000,0.108543,0.500000,0.054272,0.452565,0.300000,0.135769,1.000000,0.200000,0.200000,0.400000,0.500000,-0.200000,1.000000,0.500000,-0.500000,0.000000,0.100000,-0.000000
t25-d0.4-a0.7-sparse,25,0.400000,0.700000,13,2286,1680,greedy-baseline,curated,goal-priority,20260929,2,2,true,true,0,,15,10,1302,0.775000,false,0.000000,0.240341,1.326742,0,0,0,164,0.000000,-0.309959,0.000000,1.000000,0.108543,0.500000,0.054272,0.452565,0.300000,0.135769,1.000000,0.200000,0.200000,0.400000,0.500000,-0.200000,1.000000,0.500000,-0.500000,0.000000,0.100000,-0.000000
t25-d0.4-a0.7-sparse,25,0.400000,0.700000,13,2286,1680,greedy-baseline,curated-textbook,goal-priority,20260925,3,3,true,true,1,,15,10,1302,0.775000,false,0.000000,0.240341,1.326742,0,0,0,231,0.000000,-0.309959,0.000000,1.000000,0.108543,0.500000,0.054272,0.452565,0.300000,0.135769,1.000000,0.200000,0.200000,0.400000,0.500000,-0.200000,1.000000,0.500000,-0.500000,0.000000,0.100000,-0.000000
t25-d0.4-a0.7-sparse,25,0.400000,0.700000,13,2286,1680,greedy-baseline,curated-textbook,goal-priority,20260926,3,3,true,true,1,,15,10,1302,0.775000,false,0.000000,0.240341,1.326742,0,0,0,168,0.000000,-0.309959,0.000000,1.000000,0.108543,0.500000,0.054272,0.452565,0.300000,0.135769,1.000000,0.200000,0.200000,0.400000,0.500000,-0.200000,1.000000,0.500000,-0.500000,0.000000,0.100000,-0.000000
t25-d0.4-a0.7-sparse,25,0.400000,0.700000,13,2286,1680,greedy-baseline,curated-textbook,goal-priority,20260927,3,3,true,true,1,,15,10,1302,0.775000,false,0.000000,0.240341,1.326742,0,0,0,165,0.000000,-0.309959,0.000000,1.000000,0.108543,0.500000,0.054272,0.452565,0.300000,0.135769,1.000000,0.200000,0.200000,0.400000,0.500000,-0.200000,1.000000,0.500000,-0.500000,0.000000,0.100000,-0.000000
t25-d0.4-a0.7-sparse,25,0.400000,0.700000,13,2286,1680,greedy-baseline,curated-textbook,goal-priority,20260928,3,3,true,true,1,,15,10,1302,0.775000,false,0.000000,0.240341,1.326742,0,0,0,164,0.000000,-0.309959,0.000000,1.000000,0.108543,0.500000,0.054272,0.452565,0.300000,0.135769,1.000000,0.200000,0.200000,0.400000,0.500000,-0.200000,1.000000,0.500000,-0.500000,0.000000,0.100000,-0.000000
t25-d0.4-a0.7-sparse,25,0.400000,0.700000,13,2286,1680,greedy-baseline,curated-textbook,goal-priority,20260929,3,3,true,true,1,,15,10,1302,0.775000,false,0.000000,0.240341,1.326742,0,0,0,158,0.000000,-0.309959,0.000000,1.000000,0.108543,0.500000,0.054272,0.452565,0.300000,0.135769,1.000000,0.200000,0.200000,0.400000,0.500000,-0.200000,1.000000,0.500000,-0.500000,0.000000,0.100000,-0.000000
t25-d0.4-a0.7-sparse,25,0.400000,0.700000,13,2286,1680,greedy-baseline,all,goal-priority,20260925,5,4,true,true,2,,15,10,1302,0.775000,false,0.000000,0.240341,1.326742,0,0,0,173,0.000000,-0.318185,0.000000,1.000000,0.108543,0.500000,0.054272,0.452565,0.300000,0.135769,1.000000,0.200000,0.200000,0.400000,0.500000,-0.200000,1.000000,0.500000,-0.500000,0.082263,0.100000,-0.008226
t25-d0.4-a0.7-sparse,25,0.400000,0.700000,13,2286,1680,greedy-baseline,all,goal-priority,20260926,5,4,true,true,2,,15,10,1302,0.775000,false,0.000000,0.240341,1.326742,0,0,0,164,0.000000,-0.318185,0.000000,1.000000,0.108543,0.500000,0.054272,0.452565,0.300000,0.135769,1.000000,0.200000,0.200000,0.400000,0.500000,-0.200000,1.000000,0.500000,-0.500000,0.082263,0.100000,-0.008226
t25-d0.4-a0.7-sparse,25,0.400000,0.700000,13,2286,1680,greedy-baseline,all,goal-priority,20260927,5,4,true,true,2,,15,10,1302,0.775000,false,0.000000,0.240341,1.326742,0,0,0,169,0.000000,-0.318185,0.000000,1.000000,0.108543,0.500000,0.054272,0.452565,0.300000,0.135769,1.000000,0.200000,0.200000,0.400000,0.500000,-0.200000,1.000000,0.500000,-0.500000,0.082263,0.100000,-0.008226
t25-d0.4-a0.7-sparse,25,0.400000,0.700000,13,2286,1680,greedy-baseline,all,goal-priority,20260928,5,4,true,true,2,,15,10,1302,0.775000,false,0.000000,0.240341,1.326742,0,0,0,228,0.000000,-0.318185,0.000000,1.000000,0.108543,0.500000,0.054272,0.452565,0.300000,0.135769,1.000000,0.200000,0.200000,0.400000,0.500000,-0.200000,1.000000,0.500000,-0.500000,0.082263,0.100000,-0.008226
t25-d0.4-a0.7-sparse,25,0.400000,0.700000,13,2286,1680,greedy-baseline,all,goal-priority,20260929,5,4,true,true,2,,15,10,1302,0.775000,false,0.000000,0.240341,1.326742,0,0,0,167,0.000000,-0.318185,0.000000,1.000000,0.108543,0.500000,0.054272,0.452565,0.300000,0.135769,1.000000,0.200000,0.200000,0.400000,0.500000,-0.200000,1.000000,0.500000,-0.500000,0.082263,0.100000,-0.008226
t25-d0.4-a0.7-sparse,25,0.400000,0.700000,13,2286,1680,ga,curated,goal-priority,20260925,2,2,true,true,0,1,15,10,1317,0.783929,false,0.000000,0.257763,1.574314,60,40,2440,6129,0.000000,-0.349118,0.000000,1.000000,0.089636,0.500000,0.044818,0.353545,0.300000,0.106064,1.000000,0.200000,0.200000,0.400000,0.500000,-0.200000,1.000000,0.500000,-0.500000,0.000000,0.100000,-0.000000
t25-d0.4-a0.7-sparse,25,0.400000,0.700000,13,2286,1680,ga,curated,goal-priority,20260926,2,2,true,true,0,1,15,10,1317,0.783929,false,0.000000,0.257763,1.574314,60,40,2440,6355,0.000000,-0.349118,0.000000,1.000000,0.089636,0.500000,0.044818,0.353545,0.300000,0.106064,1.000000,0.200000,0.200000,0.400000,0.500000,-0.200000,1.000000,0.500000,-0.500000,0.000000,0.100000,-0.000000
t25-d0.4-a0.7-sparse,25,0.400000,0.700000,13,2286,1680,ga,curated,goal-priority,20260927,2,2,true,true,0,1,15,10,1317,0.783929,false,0.000000,0.257763,1.574314,60,40,2440,6678,0.000000,-0.349118,0.000000,1.000000,0.089636,0.500000,0.044818,0.353545,0.300000,0.106064,1.000000,0.200000,0.200000,0.400000,0.500000,-0.200000,1.000000,0.500000,-0.500000,0.000000,0.100000,-0.000000
t25-d0.4-a0.7-sparse,25,0.400000,0.700000,13,2286,1680,ga,curated,goal-priority,20260928,2,2,true,true,0,1,15,10,1317,0.783929,false,0.000000,0.257763,1.574314,60,40,2440,6526,0.000000,-0.349118,0.000000,1.000000,0.089636,0.500000,0.044818,0.353545,0.300000,0.106064,1.000000,0.200000,0.200000,0.400000,0.500000,-0.200000,1.000000,0.500000,-0.500000,0.000000,0.100000,-0.000000
t25-d0.4-a0.7-sparse,25,0.400000,0.700000,13,2286,1680,ga,curated,goal-priority,20260929,2,2,true,true,0,1,15,10,1317,0.783929,false,0.000000,0.257763,1.574314,60,40,2440,6277,0.000000,-0.349118,0.000000,1.000000,0.089636,0.500000,0.044818,0.353545,0.300000,0.106064,1.000000,0.200000,0.200000,0.400000,0.500000,-0.200000,1.000000,0.500000,-0.500000,0.000000,0.100000,-0.000000
t25-d0.4-a0.7-sparse,25,0.400000,0.700000,13,2286,1680,ga,curated-textbook,goal-priority,20260925,3,3,true,true,1,0,15,10,1317,0.783929,false,0.000000,0.257763,1.574314,60,40,2440,6479,0.000000,-0.349118,0.000000,1.000000,0.089636,0.500000,0.044818,0.353545,0.300000,0.106064,1.000000,0.200000,0.200000,0.400000,0.500000,-0.200000,1.000000,0.500000,-0.500000,0.000000,0.100000,-0.000000
t25-d0.4-a0.7-sparse,25,0.400000,0.700000,13,2286,1680,ga,curated-textbook,goal-priority,20260926,3,3,true,true,1,0,15,10,1317,0.783929,false,0.000000,0.257763,1.574314,60,40,2440,6604,0.000000,-0.349118,0.000000,1.000000,0.089636,0.500000,0.044818,0.353545,0.300000,0.106064,1.000000,0.200000,0.200000,0.400000,0.500000,-0.200000,1.000000,0.500000,-0.500000,0.000000,0.100000,-0.000000
t25-d0.4-a0.7-sparse,25,0.400000,0.700000,13,2286,1680,ga,curated-textbook,goal-priority,20260927,3,3,true,true,1,0,15,10,1317,0.783929,false,0.000000,0.257763,1.574314,60,40,2440,6843,0.000000,-0.349118,0.000000,1.000000,0.089636,0.500000,0.044818,0.353545,0.300000,0.106064,1.000000,0.200000,0.200000,0.400000,0.500000,-0.200000,1.000000,0.500000,-0.500000,0.000000,0.100000,-0.000000
t25-d0.4-a0.7-sparse,25,0.400000,0.700000,13,2286,1680,ga,curated-textbook,goal-priority,20260928,3,3,true,true,1,0,15,10,1317,0.783929,false,0.000000,0.257763,1.574314,60,40,2440,7370,0.000000,-0.349118,0.000000,1.000000,0.089636,0.500000,0.044818,0.353545,0.300000,0.106064,1.000000,0.200000,0.200000,0.400000,0.500000,-0.200000,1.000000,0.500000,-0.500000,0.000000,0.100000,-0.000000
t25-d0.4-a0.7-sparse,25,0.400000,0.700000,13,2286,1680,ga,curated-textbook,goal-priority,20260929,3,3,true,true,1,0,15,10,1317,0.783929,false,0.000000,0.257763,1.574314,60,40,2440,6843,0.000000,-0.349118,0.000000,1.000000,0.089636,0.500000,0.044818,0.353545,0.300000,0.106064,1.000000,0.200000,0.200000,0.400000,0.500000,-0.200000,1.000000,0.500000,-0.500000,0.000000,0.100000,-0.000000
t25-d0.4-a0.7-sparse,25,0.400000,0.700000,13,2286,1680,ga,all,goal-priority,20260925,5,4,true,true,1,0,15,10,1317,0.783929,false,0.000000,0.257763,1.574314,60,40,2440,6505,0.000000,-0.349118,0.000000,1.000000,0.089636,0.500000,0.044818,0.353545,0.300000,0.106064,1.000000,0.200000,0.200000,0.400000,0.500000,-0.200000,1.000000,0.500000,-0.500000,0.000000,0.100000,-0.000000
t25-d0.4-a0.7-sparse,25,0.400000,0.700000,13,2286,1680,ga,all,goal-priority,20260926,5,4,true,true,1,0,15,10,1317,0.783929,false,0.000000,0.257763,1.574314,60,40,2440,6963,0.000000,-0.349118,0.000000,1.000000,0.089636,0.500000,0.044818,0.353545,0.300000,0.106064,1.000000,0.200000,0.200000,0.400000,0.500000,-0.200000,1.000000,0.500000,-0.500000,0.000000,0.100000,-0.000000
t25-d0.4-a0.7-sparse,25,0.400000,0.700000,13,2286,1680,ga,all,goal-priority,20260927,5,4,true,true,1,0,15,10,1317,0.783929,false,0.000000,0.257763,1.574314,60,40,2440,6863,0.000000,-0.349118,0.000000,1.000000,0.089636,0.500000,0.044818,0.353545,0.300000,0.106064,1.000000,0.200000,0.200000,0.400000,0.500000,-0.200000,1.000000,0.500000,-0.500000,0.000000,0.100000,-0.000000
t25-d0.4-a0.7-sparse,25,0.400000,0.700000,13,2286,1680,ga,all,goal-priority,20260928,5,4,true,true,1,0,15,10,1317,0.783929,false,0.000000,0.257763,1.574314,60,40,2440,6482,0.000000,-0.349118,0.000000,1.000000,0.089636,0.500000,0.044818,0.353545,0.300000,0.106064,1.000000,0.200000,0.200000,0.400000,0.500000,-0.200000,1.000000,0.500000,-0.500000,0.000000,0.100000,-0.000000
t25-d0.4-a0.7-sparse,25,0.400000,0.700000,13,2286,1680,ga,all,goal-priority,20260929,5,4,true,true,1,0,15,10,1317,0.783929,false,0.000000,0.257763,1.574314,60,40,2440,6896,0.000000,-0.349118,0.000000,1.000000,0.089636,0.500000,0.044818,0.353545,0.300000,0.106064,1.000000,0.200000,0.200000,0.400000,0.500000,-0.200000,1.000000,0.500000,-0.500000,0.000000,0.100000,-0.000000
t25-d0.4-a1.0-compact,25,0.400000,1.000000,11,2453,2640,greedy-baseline,curated,goal-priority,20260925,2,2,true,true,1,,18,7,1772,0.671212,false,0.000000,0.281940,1.762008,0,0,0,262,0.000000,-0.268286,0.000000,1.000000,0.120291,0.500000,0.060146,0.538561,0.300000,0.161568,1.000000,0.200000,0.200000,0.280000,0.500000,-0.140000,1.000000,0.500000,-0.500000,0.500000,0.100000,-0.050000
t25-d0.4-a1.0-compact,25,0.400000,1.000000,11,2453,2640,greedy-baseline,curated,goal-priority,20260926,2,2,true,true,1,,18,7,1772,0.671212,false,0.000000,0.281940,1.762008,0,0,0,174,0.000000,-0.268286,0.000000,1.000000,0.120291,0.500000,0.060146,0.538561,0.300000,0.161568,1.000000,0.200000,0.200000,0.280000,0.500000,-0.140000,1.000000,0.500000,-0.500000,0.500000,0.100000,-0.050000
t25-d0.4-a1.0-compact,25,0.400000,1.000000,11,2453,2640,greedy-baseline,curated,goal-priority,20260927,2,2,true,true,1,,18,7,1772,0.671212,false,0.000000,0.281940,1.762008,0,0,0,280,0.000000,-0.268286,0.000000,1.000000,0.120291,0.500000,0.060146,0.538561,0.300000,0.161568,1.000000,0.200000,0.200000,0.280000,0.500000,-0.140000,1.000000,0.500000,-0.500000,0.500000,0.100000,-0.050000
t25-d0.4-a1.0-compact,25,0.400000,1.000000,11,2453,2640,greedy-baseline,curated,goal-priority,20260928,2,2,true,true,1,,18,7,1772,0.671212,false,0.000000,0.281940,1.762008,0,0,0,304,0.000000,-0.268286,0.000000,1.000000,0.120291,0.500000,0.060146,0.538561,0.300000,0.161568,1.000000,0.200000,0.200000,0.280000,0.500000,-0.140000,1.000000,0.500000,-0.500000,0.500000,0.100000,-0.050000
t25-d0.4-a1.0-compact,25,0.400000,1.000000,11,2453,2640,greedy-baseline,curated,goal-priority,20260929,2,2,true,true,1,,18,7,1772,0.671212,false,0.000000,0.281940,1.762008,0,0,0,157,0.000000,-0.268286,0.000000,1.000000,0.120291,0.500000,0.060146,0.538561,0.300000,0.161568,1.000000,0.200000,0.200000,0.280000,0.500000,-0.140000,1.000000,0.500000,-0.500000,0.500000,0.100000,-0.050000
t25-d0.4-a1.0-compact,25,0.400000,1.000000,11,2453,2640,greedy-baseline,curated-textbook,goal-priority,20260925,3,4,true,true,1,,18,7,1772,0.671212,false,0.000000,0.281940,1.762008,0,0,0,197,0.000000,-0.243286,0.000000,1.000000,0.120291,0.500000,0.060146,0.538561,0.300000,0.161568,1.000000,0.200000,0.200000,0.280000,0.500000,-0.140000,1.000000,0.500000,-0.500000,0.250000,0.100000,-0.025000
t25-d0.4-a1.0-compact,25,0.400000,1.000000,11,2453,2640,greedy-baseline,curated-textbook,goal-priority,20260926,3,4,true,true,1,,18,7,1772,0.671212,false,0.000000,0.281940,1.762008,0,0,0,254,0.000000,-0.243286,0.000000,1.000000,0.120291,0.500000,0.060146,0.538561,0.300000,0.161568,1.000000,0.200000,0.200000,0.280000,0.500000,-0.140000,1.000000,0.500000,-0.500000,0.250000,0.100000,-0.025000
t25-d0.4-a1.0-compact,25,0.400000,1.000000,11,2453,2640,greedy-baseline,curated-textbook,goal-priority,20260927,3,4,true,true,1,,18,7,1772,0.671212,false,0.000000,0.281940,1.762008,0,0,0,188,0.000000,-0.243286,0.000000,1.000000,0.120291,0.500000,0.060146,0.538561,0.300000,0.161568,1.000000,0.200000,0.200000,0.280000,0.500000,-0.140000,1.000000,0.500000,-0.500000,0.250000,0.100000,-0.025000
t25-d0.4-a1.0-compact,25,0.400000,1.000000,11,2453,2640,greedy-baseline,curated-textbook,goal-priority,20260928,3,4,true,true,1,,18,7,1772,0.671212,false,0.000000,0.281940,1.762008,0,0,0,308,0.000000,-0.243286,0.000000,1.000000,0.120291,0.500000,0.060146,0.538561,0.300000,0.161568,1.000000,0.200000,0.200000,0.280000,0.500000,-0.140000,1.000000,0.500000,-0.500000,0.250000,0.100000,-0.025000
t25-d0.4-a1.0-compact,25,0.400000,1.000000,11,2453,2640,greedy-baseline,curated-textbook,goal-priority,20260929,3,4,true,true,1,,18,7,1772,0.671212,false,0.000000,0.281940,1.762008,0,0,0,277,0.000000,-0.243286,0.000000,1.000000,0.120291,0.500000,0.060146,0.538561,0.300000,0.161568,1.000000,0.200000,0.200000,0.280000,0.500000,-0.140000,1.000000,0.500000,-0.500000,0.250000,0.100000,-0.025000
t25-d0.4-a1.0-compact,25,0.400000,1.000000,11,2453,2640,greedy-baseline,all,goal-priority,20260925,5,5,true,true,1,,18,7,1772,0.671212,false,0.000000,0.281940,1.762008,0,0,0,445,0.000000,-0.238286,0.000000,1.000000,0.120291,0.500000,0.060146,0.538561,0.300000,0.161568,1.000000,0.200000,0.200000,0.280000,0.500000,-0.140000,1.000000,0.500000,-0.500000,0.200000,0.100000,-0.020000
t25-d0.4-a1.0-compact,25,0.400000,1.000000,11,2453,2640,greedy-baseline,all,goal-priority,20260926,5,5,true,true,1,,18,7,1772,0.671212,false,0.000000,0.281940,1.762008,0,0,0,197,0.000000,-0.238286,0.000000,1.000000,0.120291,0.500000,0.060146,0.538561,0.300000,0.161568,1.000000,0.200000,0.200000,0.280000,0.500000,-0.140000,1.000000,0.500000,-0.500000,0.200000,0.100000,-0.020000
t25-d0.4-a1.0-compact,25,0.400000,1.000000,11,2453,2640,greedy-baseline,all,goal-priority,20260927,5,5,true,true,1,,18,7,1772,0.671212,false,0.000000,0.281940,1.762008,0,0,0,251,0.000000,-0.238286,0.000000,1.000000,0.120291,0.500000,0.060146,0.538561,0.300000,0.161568,1.000000,0.200000,0.200000,0.280000,0.500000,-0.140000,1.000000,0.500000,-0.500000,0.200000,0.100000,-0.020000
t25-d0.4-a1.0-compact,25,0.400000,1.000000,11,2453,2640,greedy-baseline,all,goal-priority,20260928,5,5,true,true,1,,18,7,1772,0.671212,false,0.000000,0.281940,1.762008,0,0,0,293,0.000000,-0.238286,0.000000,1.000000,0.120291,0.500000,0.060146,0.538561,0.300000,0.161568,1.000000,0.200000,0.200000,0.280000,0.500000,-0.140000,1.000000,0.500000,-0.500000,0.200000,0.100000,-0.020000
t25-d0.4-a1.0-compact,25,0.400000,1.000000,11,2453,2640,greedy-baseline,all,goal-priority,20260929,5,5,true,true,1,,18,7,1772,0.671212,false,0.000000,0.281940,1.762008,0,0,0,222,0.000000,-0.238286,0.000000,1.000000,0.120291,0.500000,0.060146,0.538561,0.300000,0.161568,1.000000,0.200000,0.200000,0.280000,0.500000,-0.140000,1.000000,0.500000,-0.500000,0.200000,0.100000,-0.020000
t25-d0.4-a1.0-compact,25,0.400000,1.000000,11,2453,2640,ga,curated,goal-priority,20260925,2,2,true,true,1,0,19,6,1974,0.747727,false,0.000000,0.226243,1.883386,60,40,2440,6834,0.000000,-0.236313,0.000000,1.000000,0.112414,0.500000,0.056207,0.524934,0.300000,0.157480,1.000000,0.200000,0.200000,0.240000,0.500000,-0.120000,0.960000,0.500000,-0.480000,0.500000,0.100000,-0.050000
t25-d0.4-a1.0-compact,25,0.400000,1.000000,11,2453,2640,ga,curated,goal-priority,20260926,2,2,true,true,1,0,21,4,2113,0.800379,false,0.000000,0.267399,1.744560,60,40,2440,6688,0.000000,-0.198679,0.000000,1.000000,0.118596,0.500000,0.059298,0.573410,0.300000,0.172023,1.000000,0.200000,0.200000,0.160000,0.500000,-0.080000,1.000000,0.500000,-0.500000,0.500000,0.100000,-0.050000
t25-d0.4-a1.0-compact,25,0.400000,1.000000,11,2453,2640,ga,curated,goal-priority,20260927,2,2,true,true,1,0,21,4,2192,0.830303,false,0.000000,0.250193,1.717954,60,40,2440,6434,0.000000,-0.178679,0.000000,1.000000,0.118596,0.500000,0.059298,0.573410,0.300000,0.172023,1.000000,0.200000,0.200000,0.160000,0.500000,-0.080000,0.960000,0.500000,-0.480000,0.500000,0.100000,-0.050000
t25-d0.4-a1.0-compact,25,0.400000,1.000000,11,2453,2640,ga,curated,goal-priority,20260928,2,2,true,true,1,0,19,6,1974,0.747727,false,0.000000,0.226243,1.883386,60,40,2440,7075,0.000000,-0.236313,0.000000,1.000000,0.112414,0.500000,0.056207,0.524934,0.300000,0.157480,1.000000,0.200000,0.200000,0.240000,0.500000,-0.120000,0.960000,0.500000,-0.480000,0.500000,0.100000,-0.050000
t25-d0.4-a1.0-compact,25,0.400000,1.000000,11,2453,2640,ga,curated,goal-priority,20260929,2,2,true,true,1,0,21,4,2192,0.830303,false,0.000000,0.250193,1.717954,60,40,2440,16705,0.000000,-0.178679,0.000000,1.000000,0.118596,0.500000,0.059298,0.573410,0.300000,0.172023,1.000000,0.200000,0.200000,0.160000,0.500000,-0.080000,0.960000,0.500000,-0.480000,0.500000,0.100000,-0.050000
t25-d0.4-a1.0-compact,25,0.400000,1.000000,11,2453,2640,ga,curated-textbook,goal-priority,20260925,3,4,true,true,1,1,19,6,1887,0.714773,false,0.000000,0.235307,1.888620,60,40,2440,6285,0.000000,-0.215144,0.000000,1.000000,0.109050,0.500000,0.054525,0.517770,0.300000,0.155331,1.000000,0.200000,0.200000,0.240000,0.500000,-0.120000,0.960000,0.500000,-0.480000,0.250000,0.100000,-0.025000
t25-d0.4-a1.0-compact,25,0.400000,1.000000,11,2453,2640,ga,curated-textbook,goal-priority,20260926,3,4,true,true,1,1,20,5,2004,0.759091,false,0.000000,0.273237,1.718750,60,40,2440,16503,0.000000,-0.197528,0.000000,1.000000,0.115230,0.500000,0.057615,0.566192,0.300000,0.169858,1.000000,0.200000,0.200000,0.200000,0.500000,-0.100000,1.000000,0.500000,-0.500000,0.250000,0.100000,-0.025000
t25-d0.4-a1.0-compact,25,0.400000,1.000000,11,2453,2640,ga,curated-textbook,goal-priority,20260927,3,4,true,true,1,1,20,5,2083,0.789015,false,0.000000,0.255571,1.691974,60,40,2440,6398,0.000000,-0.177528,0.000000,1.000000,0.115230,0.500000,0.057615,0.566192,0.300000,0.169858,1.000000,0.200000,0.200000,0.200000,0.500000,-0.100000,0.960000,0.500000,-0.480000,0.250000,0.100000,-0.025000
t25-d0.4-a1.0-compact,25,0.400000,1.000000,11,2453,2640,ga,curated-textbook,goal-priority,20260928,3,4,true,true,1,1,19,6,1887,0.714773,false,0.000000,0.235307,1.888620,60,40,2440,6890,0.000000,-0.215144,0.000000,1.000000,0.109050,0.500000,0.054525,0.517770,0.300000,0.155331,1.000000,0.200000,0.200000,0.240000,0.500000,-0.120000,0.960000,0.500000,-0.480000,0.250000,0.100000,-0.025000
t25-d0.4-a1.0-compact,25,0.400000,1.000000,11,2453,2640,ga,curated-textbook,goal-priority,20260929,3,4,true,true,1,1,20,5,2083,0.789015,false,0.000000,0.255571,1.691974,60,40,2440,8253,0.000000,-0.177528,0.000000,1.000000,0.115230,0.500000,0.057615,0.566192,0.300000,0.169858,1.000000,0.200000,0.200000,0.200000,0.500000,-0.100000,0.960000,0.500000,-0.480000,0.250000,0.100000,-0.025000
t25-d0.4-a1.0-compact,25,0.400000,1.000000,11,2453,2640,ga,all,goal-priority,20260925,5,5,true,true,1,1,19,6,1887,0.714773,false,0.000000,0.235307,1.888620,60,40,2440,9555,0.000000,-0.210144,0.000000,1.000000,0.109050,0.500000,0.054525,0.517770,0.300000,0.155331,1.000000,0.200000,0.200000,0.240000,0.500000,-0.120000,0.960000,0.500000,-0.480000,0.200000,0.100000,-0.020000
t25-d0.4-a1.0-compact,25,0.400000,1.000000,11,2453,2640,ga,all,goal-priority,20260926,5,5,true,true,1,1,20,5,2004,0.759091,false,0.000000,0.273237,1.718750,60,40,2440,8719,0.000000,-0.192528,0.000000,1.000000,0.115230,0.500000,0.057615,0.566192,0.300000,0.169858,1.000000,0.200000,0.200000,0.200000,0.500000,-0.100000,1.000000,0.500000,-0.500000,0.200000,0.100000,-0.020000
t25-d0.4-a1.0-compact,25,0.400000,1.000000,11,2453,2640,ga,all,goal-priority,20260927,5,5,true,true,1,1,20,5,2083,0.789015,false,0.000000,0.255571,1.691974,60,40,2440,8266,0.000000,-0.172528,0.000000,1.000000,0.115230,0.500000,0.057615,0.566192,0.300000,0.169858,1.000000,0.200000,0.200000,0.200000,0.500000,-0.100000,0.960000,0.500000,-0.480000,0.200000,0.100000,-0.020000
t25-d0.4-a1.0-compact,25,0.400000,1.000000,11,2453,2640,ga,all,goal-priority,20260928,5,5,true,true,1,1,19,6,1887,0.714773,false,0.000000,0.235307,1.888620,60,40,2440,8991,0.000000,-0.210144,0.000000,1.000000,0.109050,0.500000,0.054525,0.517770,0.300000,0.155331,1.000000,0.200000,0.200000,0.240000,0.500000,-0.120000,0.960000,0.500000,-0.480000,0.200000,0.100000,-0.020000
t25-d0.4-a1.0-compact,25,0.400000,1.000000,11,2453,2640,ga,all,goal-priority,20260929,5,5,true,true,1,1,20,5,2083,0.789015,false,0.000000,0.255571,1.691974,60,40,2440,6558,0.000000,-0.172528,0.000000,1.000000,0.115230,0.500000,0.057615,0.566192,0.300000,0.169858,1.000000,0.200000,0.200000,0.200000,0.500000,-0.100000,0.960000,0.500000,-0.480000,0.200000,0.100000,-0.020000
t25-d0.4-a1.0-sparse,25,0.400000,1.000000,21,2631,2640,greedy-baseline,curated,goal-priority,20260925,2,2,true,true,1,,20,5,2068,0.783333,false,0.000000,0.303714,1.688488,0,0,0,385,0.000000,-0.260219,0.000000,1.000000,0.140829,0.500000,0.070414,0.331210,0.300000,0.099363,1.000000,0.200000,0.200000,0.200000,0.500000,-0.100000,1.000000,0.500000,-0.500000,0.299965,0.100000,-0.029997
t25-d0.4-a1.0-sparse,25,0.400000,1.000000,21,2631,2640,greedy-baseline,curated,goal-priority,20260926,2,2,true,true,1,,20,5,2068,0.783333,false,0.000000,0.303714,1.688488,0,0,0,179,0.000000,-0.260219,0.000000,1.000000,0.140829,0.500000,0.070414,0.331210,0.300000,0.099363,1.000000,0.200000,0.200000,0.200000,0.500000,-0.100000,1.000000,0.500000,-0.500000,0.299965,0.100000,-0.029997
t25-d0.4-a1.0-sparse,25,0.400000,1.000000,21,2631,2640,greedy-baseline,curated,goal-priority,20260927,2,2,true,true,1,,20,5,2068,0.783333,false,0.000000,0.303714,1.688488,0,0,0,245,0.000000,-0.260219,0.000000,1.000000,0.140829,0.500000,0.070414,0.331210,0.300000,0.099363,1.000000,0.200000,0.200000,0.200000,0.500000,-0.100000,1.000000,0.500000,-0.500000,0.299965,0.100000,-0.029997
t25-d0.4-a1.0-sparse,25,0.400000,1.000000,21,2631,2640,greedy-baseline,curated,goal-priority,20260928,2,2,true,true,1,,20,5,2068,0.783333,false,0.000000,0.303714,1.688488,0,0,0,166,0.000000,-0.260219,0.000000,1.000000,0.140829,0.500000,0.070414,0.331210,0.300000,0.099363,1.000000,0.200000,0.200000,0.200000,0.500000,-0.100000,1.000000,0.500000,-0.500000,0.299965,0.100000,-0.029997
t25-d0.4-a1.0-sparse,25,0.400000,1.000000,21,2631,2640,greedy-baseline,curated,goal-priority,20260929,2,2,true,true,1,,20,5,2068,0.783333,false,0.000000,0.303714,1.688488,0,0,0,206,0.000000,-0.260219,0.000000,1.000000,0.140829,0.500000,0.070414,0.331210,0.300000,0.099363,1.000000,0.200000,0.200000,0.200000,0.500000,-0.100000,1.000000,0.500000,-0.500000,0.299965,0.100000,-0.029997
t25-d0.4-a1.0-sparse,25,0.400000,1.000000,21,2631,2640,greedy-baseline,curated-textbook,goal-priority,20260925,3,4,true,true,1,,20,5,2068,0.783333,false,0.000000,0.303714,1.688488,0,0,0,221,0.000000,-0.245221,0.000000,1.000000,0.140829,0.500000,0.070414,0.331210,0.300000,0.099363,1.000000,0.200000,0.200000,0.200000,0.500000,-0.100000,1.000000,0.500000,-0.500000,0.149983,0.100000,-0.014998
t25-d0.4-a1.0-sparse,25,0.400000,1.000000,21,2631,2640,greedy-baseline,curated-textbook,goal-priority,20260926,3,4,true,true,1,,20,5,2068,0.783333,false,0.000000,0.303714,1.688488,0,0,0,357,0.000000,-0.245221,0.000000,1.000000,0.140829,0.500000,0.070414,0.331210,0.300000,0.099363,1.000000,0.200000,0.200000,0.200000,0.500000,-0.100000,1.000000,0.500000,-0.500000,0.149983,0.100000,-0.014998
t25-d0.4-a1.0-sparse,25,0.400000,1.000000,21,2631,2640,greedy-baseline,curated-textbook,goal-priority,20260927,3,4,true,true,1,,20,5,2068,0.783333,false,0.000000,0.303714,1.688488,0,0,0,270,0.000000,-0.245221,0.000000,1.000000,0.140829,0.500000,0.070414,0.331210,0.300000,0.099363,1.000000,0.200000,0.200000,0.200000,0.500000,-0.100000,1.000000,0.500000,-0.500000,0.149983,0.100000,-0.014998
t25-d0.4-a1.0-sparse,25,0.400000,1.000000,21,2631,2640,greedy-baseline,curated-textbook,goal-priority,20260928,3,4,true,true,1,,20,5,2068,0.783333,false,0.000000,0.303714,1.688488,0,0,0,343,0.000000,-0.245221,0.000000,1.000000,0.140829,0.500000,0.070414,0.331210,0.300000,0.099363,1.000000,0.200000,0.200000,0.200000,0.500000,-0.100000,1.000000,0.500000,-0.500000,0.149983,0.100000,-0.014998
t25-d0.4-a1.0-sparse,25,0.400000,1.000000,21,2631,2640,greedy-baseline,curated-textbook,goal-priority,20260929,3,4,true,true,1,,20,5,2068,0.783333,false,0.000000,0.303714,1.688488,0,0,0,163,0.000000,-0.245221,0.000000,1.000000,0.140829,0.500000,0.070414,0.331210,0.300000,0.099363,1.000000,0.200000,0.200000,0.200000,0.500000,-0.100000,1.000000,0.500000,-0.500000,0.149983,0.100000,-0.014998
t25-d0.4-a1.0-sparse,25,0.400000,1.000000,21,2631,2640,greedy-baseline,all,goal-priority,20260925,5,5,true,true,1,,20,5,2068,0.783333,false,0.000000,0.303714,1.688488,0,0,0,173,0.000000,-0.242221,0.000000,1.000000,0.140829,0.500000,0.070414,0.331210,0.300000,0.099363,1.000000,0.200000,0.200000,0.200000,0.500000,-0.100000,1.000000,0.500000,-0.500000,0.119986,0.100000,-0.011999
t25-d0.4-a1.0-sparse,25,0.400000,1.000000,21,2631,2640,greedy-baseline,all,goal-priority,20260926,5,5,true,true,1,,20,5,2068,0.783333,false,0.000000,0.303714,1.688488,0,0,0,170,0.000000,-0.242221,0.000000,1.000000,0.140829,0.500000,0.070414,0.331210,0.300000,0.099363,1.000000,0.200000,0.200000,0.200000,0.500000,-0.100000,1.000000,0.500000,-0.500000,0.119986,0.100000,-0.011999
t25-d0.4-a1.0-sparse,25,0.400000,1.000000,21,2631,2640,greedy-baseline,all,goal-priority,20260927,5,5,true,true,1,,20,5,2068,0.783333,false,0.000000,0.303714,1.688488,0,0,0,172,0.000000,-0.242221,0.000000,1.000000,0.140829,0.500000,0.070414,0.331210,0.300000,0.099363,1.000000,0.200000,0.200000,0.200000,0.500000,-0.100000,1.000000,0.500000,-0.500000,0.119986,0.100000,-0.011999
t25-d0.4-a1.0-sparse,25,0.400000,1.000000,21,2631,2640,greedy-baseline,all,goal-priority,20260928,5,5,true,true,1,,20,5,2068,0.783333,false,0.000000,0.303714,1.688488,0,0,0,222,0.000000,-0.242221,0.000000,1.000000,0.140829,0.500000,0.070414,0.331210,0.300000,0.099363,1.000000,0.200000,0.200000,0.200000,0.500000,-0.100000,1.000000,0.500000,-0.500000,0.119986,0.100000,-0.011999
t25-d0.4-a1.0-sparse,25,0.400000,1.000000,21,2631,2640,greedy-baseline,all,goal-priority,20260929,5,5,true,true,1,,20,5,2068,0.783333,false,0.000000,0.303714,1.688488,0,0,0,165,0.000000,-0.242221,0.000000,1.000000,0.140829,0.500000,0.070414,0.331210,0.300000,0.099363,1.000000,0.200000,0.200000,0.200000,0.500000,-0.100000,1.000000,0.500000,-0.500000,0.119986,0.100000,-0.011999
t25-d0.4-a1.0-sparse,25,0.400000,1.000000,21,2631,2640,ga,curated,goal-priority,20260925,2,2,true,true,1,0,19,6,1973,0.747348,false,0.000000,0.275478,1.973944,60,40,2440,6258,0.000000,-0.305548,0.000000,1.000000,0.112414,0.500000,0.056207,0.294033,0.300000,0.088210,1.000000,0.200000,0.200000,0.240000,0.500000,-0.120000,1.000000,0.500000,-0.500000,0.299653,0.100000,-0.029965
t25-d0.4-a1.0-sparse,25,0.400000,1.000000,21,2631,2640,ga,curated,goal-priority,20260926,2,2,true,true,1,0,19,6,1973,0.747348,false,0.000000,0.275478,1.973944,60,40,2440,6492,0.000000,-0.305548,0.000000,1.000000,0.112414,0.500000,0.056207,0.294033,0.300000,0.088210,1.000000,0.200000,0.200000,0.240000,0.500000,-0.120000,1.000000,0.500000,-0.500000,0.299653,0.100000,-0.029965
t25-d0.4-a1.0-sparse,25,0.400000,1.000000,21,2631,2640,ga,curated,goal-priority,20260927,2,2,true,true,1,0,19,6,1973,0.747348,false,0.000000,0.275478,1.973944,60,40,2440,7408,0.000000,-0.305548,0.000000,1.000000,0.112414,0.500000,0.056207,0.294033,0.300000,0.088210,1.000000,0.200000,0.200000,0.240000,0.500000,-0.120000,1.000000,0.500000,-0.500000,0.299653,0.100000,-0.029965
t25-d0.4-a1.0-sparse,25,0.400000,1.000000,21,2631,2640,ga,curated,goal-priority,20260928,2,2,true,true,1,0,19,6,1973,0.747348,false,0.000000,0.275478,1.973944,60,40,2440,6417,0.000000,-0.305548,0.000000,1.000000,0.112414,0.500000,0.056207,0.294033,0.300000,0.088210,1.000000,0.200000,0.200000,0.240000,0.500000,-0.120000,1.000000,0.500000,-0.500000,0.299653,0.100000,-0.029965
t25-d0.4-a1.0-sparse,25,0.400000,1.000000,21,2631,2640,ga,curated,goal-priority,20260929,2,2,true,true,1,0,19,6,1973,0.747348,false,0.000000,0.275478,1.973944,60,40,2440,9013,0.000000,-0.305548,0.000000,1.000000,0.112414,0.500000,0.056207,0.294033,0.300000,0.088210,1.000000,0.200000,0.200000,0.240000,0.500000,-0.120000,1.000000,0.500000,-0.500000,0.299653,0.100000,-0.029965
t25-d0.4-a1.0-sparse,25,0.400000,1.000000,21,2631,2640,ga,curated-textbook,goal-priority,20260925,3,4,true,true,1,1,19,6,1973,0.747348,false,0.000000,0.275478,1.973944,60,40,2440,8523,0.000000,-0.290566,0.000000,1.000000,0.112414,0.500000,0.056207,0.294033,0.300000,0.088210,1.000000,0.200000,0.200000,0.240000,0.500000,-0.120000,1.000000,0.500000,-0.500000,0.149826,0.100000,-0.014983
t25-d0.4-a1.0-sparse,25,0.400000,1.000000,21,2631,2640,ga,curated-textbook,goal-priority,20260926,3,4,true,true,1,1,19,6,1973,0.747348,false,0.000000,0.275478,1.973944,60,40,2440,7638,0.000000,-0.290566,0.000000,1.000000,0.112414,0.500000,0.056207,0.294033,0.300000,0.088210,1.000000,0.200000,0.200000,0.240000,0.500000,-0.120000,1.000000,0.500000,-0.500000,0.149826,0.100000,-0.014983
t25-d0.4-a1.0-sparse,25,0.400000,1.000000,21,2631,2640,ga,curated-textbook,goal-priority,20260927,3,4,true,true,1,1,19,6,1973,0.747348,false,0.000000,0.275478,1.973944,60,40,2440,7410,0.000000,-0.290566,0.000000,1.000000,0.112414,0.500000,0.056207,0.294033,0.300000,0.088210,1.000000,0.200000,0.200000,0.240000,0.500000,-0.120000,1.000000,0.500000,-0.500000,0.149826,0.100000,-0.014983
t25-d0.4-a1.0-sparse,25,0.400000,1.000000,21,2631,2640,ga,curated-textbook,goal-priority,20260928,3,4,true,true,1,1,19,6,1973,0.747348,false,0.000000,0.275478,1.973944,60,40,2440,6307,0.000000,-0.290566,0.000000,1.000000,0.112414,0.500000,0.056207,0.294033,0.300000,0.088210,1.000000,0.200000,0.200000,0.240000,0.500000,-0.120000,1.000000,0.500000,-0.500000,0.149826,0.100000,-0.014983
t25-d0.4-a1.0-sparse,25,0.400000,1.000000,21,2631,2640,ga,curated-textbook,goal-priority,20260929,3,4,true,true,1,1,19,6,1973,0.747348,false,0.000000,0.275478,1.973944,60,40,2440,7371,0.000000,-0.290566,0.000000,1.000000,0.112414,0.500000,0.056207,0.294033,0.300000,0.088210,1.000000,0.200000,0.200000,0.240000,0.500000,-0.120000,1.000000,0.500000,-0.500000,0.149826,0.100000,-0.014983
t25-d0.4-a1.0-sparse,25,0.400000,1.000000,21,2631,2640,ga,all,goal-priority,20260925,5,5,true,true,1,1,19,6,1973,0.747348,false,0.000000,0.275478,1.973944,60,40,2440,14859,0.000000,-0.287569,0.000000,1.000000,0.112414,0.500000,0.056207,0.294033,0.300000,0.088210,1.000000,0.200000,0.200000,0.240000,0.500000,-0.120000,1.000000,0.500000,-0.500000,0.119861,0.100000,-0.011986
t25-d0.4-a1.0-sparse,25,0.400000,1.000000,21,2631,2640,ga,all,goal-priority,20260926,5,5,true,true,1,1,19,6,1973,0.747348,false,0.000000,0.275478,1.973944,60,40,2440,7427,0.000000,-0.287569,0.000000,1.000000,0.112414,0.500000,0.056207,0.294033,0.300000,0.088210,1.000000,0.200000,0.200000,0.240000,0.500000,-0.120000,1.000000,0.500000,-0.500000,0.119861,0.100000,-0.011986
t25-d0.4-a1.0-sparse,25,0.400000,1.000000,21,2631,2640,ga,all,goal-priority,20260927,5,5,true,true,1,1,19,6,1973,0.747348,false,0.000000,0.275478,1.973944,60,40,2440,7400,0.000000,-0.287569,0.000000,1.000000,0.112414,0.500000,0.056207,0.294033,0.300000,0.088210,1.000000,0.200000,0.200000,0.240000,0.500000,-0.120000,1.000000,0.500000,-0.500000,0.119861,0.100000,-0.011986
t25-d0.4-a1.0-sparse,25,0.400000,1.000000,21,2631,2640,ga,all,goal-priority,20260928,5,5,true,true,1,1,19,6,1973,0.747348,false,0.000000,0.275478,1.973944,60,40,2440,7272,0.000000,-0.287569,0.000000,1.000000,0.112414,0.500000,0.056207,0.294033,0.300000,0.088210,1.000000,0.200000,0.200000,0.240000,0.500000,-0.120000,1.000000,0.500000,-0.500000,0.119861,0.100000,-0.011986
t25-d0.4-a1.0-sparse,25,0.400000,1.000000,21,2631,2640,ga,all,goal-priority,20260929,5,5,true,true,1,1,19,6,1973,0.747348,false,0.000000,0.275478,1.973944,60,40,2440,6905,0.000000,-0.287569,0.000000,1.000000,0.112414,0.500000,0.056207,0.294033,0.300000,0.088210,1.000000,0.200000,0.200000,0.240000,0.500000,-0.120000,1.000000,0.500000,-0.500000,0.119861,0.100000,-0.011986
t25-d0.4-a1.5-compact,25,0.400000,1.500000,17,2658,4080,greedy-baseline,curated,goal-priority,20260925,2,2,true,true,0,,25,0,2658,0.651471,false,0.000000,0.343429,1.751763,0,0,0,323,0.000000,-0.083083,0.000000,1.000000,0.149117,0.500000,0.074558,0.474530,0.300000,0.142359,1.000000,0.200000,0.200000,0.000000,0.500000,-0.000000,1.000000,0.500000,-0.500000,0.000000,0.100000,-0.000000
t25-d0.4-a1.5-compact,25,0.400000,1.500000,17,2658,4080,greedy-baseline,curated,goal-priority,20260926,2,2,true,true,0,,25,0,2658,0.651471,false,0.000000,0.343429,1.751763,0,0,0,300,0.000000,-0.083083,0.000000,1.000000,0.149117,0.500000,0.074558,0.474530,0.300000,0.142359,1.000000,0.200000,0.200000,0.000000,0.500000,-0.000000,1.000000,0.500000,-0.500000,0.000000,0.100000,-0.000000
t25-d0.4-a1.5-compact,25,0.400000,1.500000,17,2658,4080,greedy-baseline,curated,goal-priority,20260927,2,2,true,true,0,,25,0,2658,0.651471,false,0.000000,0.343429,1.751763,0,0,0,254,0.000000,-0.083083,0.000000,1.000000,0.149117,0.500000,0.074558,0.474530,0.300000,0.142359,1.000000,0.200000,0.200000,0.000000,0.500000,-0.000000,1.000000,0.500000,-0.500000,0.000000,0.100000,-0.000000
t25-d0.4-a1.5-compact,25,0.400000,1.500000,17,2658,4080,greedy-baseline,curated,goal-priority,20260928,2,2,true,true,0,,25,0,2658,0.651471,false,0.000000,0.343429,1.751763,0,0,0,193,0.000000,-0.083083,0.000000,1.000000,0.149117,0.500000,0.074558,0.474530,0.300000,0.142359,1.000000,0.200000,0.200000,0.000000,0.500000,-0.000000,1.000000,0.500000,-0.500000,0.000000,0.100000,-0.000000
t25-d0.4-a1.5-compact,25,0.400000,1.500000,17,2658,4080,greedy-baseline,curated,goal-priority,20260929,2,2,true,true,0,,25,0,2658,0.651471,false,0.000000,0.343429,1.751763,0,0,0,198,0.000000,-0.083083,0.000000,1.000000,0.149117,0.500000,0.074558,0.474530,0.300000,0.142359,1.000000,0.200000,0.200000,0.000000,0.500000,-0.000000,1.000000,0.500000,-0.500000,0.000000,0.100000,-0.000000
t25-d0.4-a1.5-compact,25,0.400000,1.500000,17,2658,4080,greedy-baseline,curated-textbook,goal-priority,20260925,3,3,true,true,1,,25,0,2658,0.651471,false,0.000000,0.343429,1.751763,0,0,0,229,0.000000,-0.099502,0.000000,1.000000,0.149117,0.500000,0.074558,0.474530,0.300000,0.142359,1.000000,0.200000,0.200000,0.000000,0.500000,-0.000000,1.000000,0.500000,-0.500000,0.164193,0.100000,-0.016419
t25-d0.4-a1.5-compact,25,0.400000,1.500000,17,2658,4080,greedy-baseline,curated-textbook,goal-priority,20260926,3,3,true,true,1,,25,0,2658,0.651471,false,0.000000,0.343429,1.751763,0,0,0,173,0.000000,-0.099502,0.000000,1.000000,0.149117,0.500000,0.074558,0.474530,0.300000,0.142359,1.000000,0.200000,0.200000,0.000000,0.500000,-0.000000,1.000000,0.500000,-0.500000,0.164193,0.100000,-0.016419
t25-d0.4-a1.5-compact,25,0.400000,1.500000,17,2658,4080,greedy-baseline,curated-textbook,goal-priority,20260927,3,3,true,true,1,,25,0,2658,0.651471,false,0.000000,0.343429,1.751763,0,0,0,222,0.000000,-0.099502,0.000000,1.000000,0.149117,0.500000,0.074558,0.474530,0.300000,0.142359,1.000000,0.200000,0.200000,0.000000,0.500000,-0.000000,1.000000,0.500000,-0.500000,0.164193,0.100000,-0.016419
t25-d0.4-a1.5-compact,25,0.400000,1.500000,17,2658,4080,greedy-baseline,curated-textbook,goal-priority,20260928,3,3,true,true,1,,25,0,2658,0.651471,false,0.000000,0.343429,1.751763,0,0,0,159,0.000000,-0.099502,0.000000,1.000000,0.149117,0.500000,0.074558,0.474530,0.300000,0.142359,1.000000,0.200000,0.200000,0.000000,0.500000,-0.000000,1.000000,0.500000,-0.500000,0.164193,0.100000,-0.016419
t25-d0.4-a1.5-compact,25,0.400000,1.500000,17,2658,4080,greedy-baseline,curated-textbook,goal-priority,20260929,3,3,true,true,1,,25,0,2658,0.651471,false,0.000000,0.343429,1.751763,0,0,0,202,0.000000,-0.099502,0.000000,1.000000,0.149117,0.500000,0.074558,0.474530,0.300000,0.142359,1.000000,0.200000,0.200000,0.000000,0.500000,-0.000000,1.000000,0.500000,-0.500000,0.164193,0.100000,-0.016419
t25-d0.4-a1.5-compact,25,0.400000,1.500000,17,2658,4080,greedy-baseline,all,goal-priority,20260925,5,4,true,true,1,,25,0,2658,0.651471,false,0.000000,0.343429,1.751763,0,0,0,186,0.000000,-0.095397,0.000000,1.000000,0.149117,0.500000,0.074558,0.474530,0.300000,0.142359,1.000000,0.200000,0.200000,0.000000,0.500000,-0.000000,1.000000,0.500000,-0.500000,0.123145,0.100000,-0.012314
t25-d0.4-a1.5-compact,25,0.400000,1.500000,17,2658,4080,greedy-baseline,all,goal-priority,20260926,5,4,true,true,1,,25,0,2658,0.651471,false,0.000000,0.343429,1.751763,0,0,0,210,0.000000,-0.095397,0.000000,1.000000,0.149117,0.500000,0.074558,0.474530,0.300000,0.142359,1.000000,0.200000,0.200000,0.000000,0.500000,-0.000000,1.000000,0.500000,-0.500000,0.123145,0.100000,-0.012314
t25-d0.4-a1.5-compact,25,0.400000,1.500000,17,2658,4080,greedy-baseline,all,goal-priority,20260927,5,4,true,true,1,,25,0,2658,0.651471,false,0.000000,0.343429,1.751763,0,0,0,179,0.000000,-0.095397,0.000000,1.000000,0.149117,0.500000,0.074558,0.474530,0.300000,0.142359,1.000000,0.200000,0.200000,0.000000,0.500000,-0.000000,1.000000,0.500000,-0.500000,0.123145,0.100000,-0.012314
t25-d0.4-a1.5-compact,25,0.400000,1.500000,17,2658,4080,greedy-baseline,all,goal-priority,20260928,5,4,true,true,1,,25,0,2658,0.651471,false,0.000000,0.343429,1.751763,0,0,0,175,0.000000,-0.095397,0.000000,1.000000,0.149117,0.500000,0.074558,0.474530,0.300000,0.142359,1.000000,0.200000,0.200000,0.000000,0.500000,-0.000000,1.000000,0.500000,-0.500000,0.123145,0.100000,-0.012314
t25-d0.4-a1.5-compact,25,0.400000,1.500000,17,2658,4080,greedy-baseline,all,goal-priority,20260929,5,4,true,true,1,,25,0,2658,0.651471,false,0.000000,0.343429,1.751763,0,0,0,175,0.000000,-0.095397,0.000000,1.000000,0.149117,0.500000,0.074558,0.474530,0.300000,0.142359,1.000000,0.200000,0.200000,0.000000,0.500000,-0.000000,1.000000,0.500000,-0.500000,0.123145,0.100000,-0.012314
t25-d0.4-a1.5-compact,25,0.400000,1.500000,17,2658,4080,ga,curated,goal-priority,20260925,2,2,true,true,0,1,23,2,3027,0.741912,false,0.000000,0.311959,1.704728,60,40,2440,6721,0.078035,0.078035,0.078035,1.000000,0.159736,0.500000,0.079868,0.460556,0.300000,0.138167,1.000000,0.200000,0.200000,0.080000,0.500000,-0.040000,0.600000,0.500000,-0.300000,0.000000,0.100000,-0.000000
t25-d0.4-a1.5-compact,25,0.400000,1.500000,17,2658,4080,ga,curated,goal-priority,20260926,2,2,true,true,0,1,23,2,3032,0.743137,false,0.000000,0.293734,1.573358,60,40,2440,6324,0.123007,0.123007,0.123007,1.000000,0.178023,0.500000,0.089011,0.513319,0.300000,0.153996,1.000000,0.200000,0.200000,0.080000,0.500000,-0.040000,0.560000,0.500000,-0.280000,0.000000,0.100000,-0.000000
t25-d0.4-a1.5-compact,25,0.400000,1.500000,17,2658,4080,ga,curated,goal-priority,20260927,2,2,true,true,0,0,22,3,2989,0.732598,false,0.000000,0.236521,1.918520,60,40,2440,6363,0.098705,0.098705,0.098705,1.000000,0.171304,0.500000,0.085652,0.510177,0.300000,0.153053,1.000000,0.200000,0.200000,0.120000,0.500000,-0.060000,0.560000,0.500000,-0.280000,0.000000,0.100000,-0.000000
t25-d0.4-a1.5-compact,25,0.400000,1.500000,17,2658,4080,ga,curated,goal-priority,20260928,2,2,true,true,0,1,23,2,3156,0.773529,false,0.000000,0.293977,1.821701,60,40,2440,6523,0.087175,0.087175,0.087175,1.000000,0.180577,0.500000,0.090289,0.522954,0.300000,0.156886,1.000000,0.200000,0.200000,0.080000,0.500000,-0.040000,0.640000,0.500000,-0.320000,0.000000,0.100000,-0.000000
t25-d0.4-a1.5-compact,25,0.400000,1.500000,17,2658,4080,ga,curated,goal-priority,20260929,2,2,true,true,0,0,23,2,3115,0.763480,false,0.000000,0.257069,1.625090,60,40,2440,6338,0.121249,0.121249,0.121249,1.000000,0.173091,0.500000,0.086546,0.515677,0.300000,0.154703,1.000000,0.200000,0.200000,0.080000,0.500000,-0.040000,0.560000,0.500000,-0.280000,0.000000,0.100000,-0.000000
t25-d0.4-a1.5-compact,25,0.400000,1.500000,17,2658,4080,ga,curated-textbook,goal-priority,20260925,3,3,true,true,0,2,23,2,3029,0.742402,false,0.000000,0.267947,1.629690,60,40,2440,6445,0.084085,0.084085,0.084085,1.000000,0.160078,0.500000,0.080039,0.480155,0.300000,0.144046,1.000000,0.200000,0.200000,0.080000,0.500000,-0.040000,0.600000,0.500000,-0.300000,0.000000,0.100000,-0.000000
t25-d0.4-a1.5-compact,25,0.400000,1.500000,17,2658,4080,ga,curated-textbook,goal-priority,20260926,3,3,true,true,0,2,23,2,3034,0.743627,false,0.000000,0.296124,1.539846,60,40,2440,6309,0.130624,0.130624,0.130624,1.000000,0.178682,0.500000,0.089341,0.537609,0.300000,0.161283,1.000000,0.200000,0.200000,0.080000,0.500000,-0.040000,0.560000,0.500000,-0.280000,0.000000,0.100000,-0.000000
t25-d0.4-a1.5-compact,25,0.400000,1.500000,17,2658,4080,ga,curated-textbook,goal-priority,20260927,3,3,true,true,0,1,22,3,2986,0.731863,false,0.000000,0.242429,1.671870,60,40,2440,6276,0.096724,0.096724,0.096724,1.000000,0.172196,0.500000,0.086098,0.502087,0.300000,0.150626,1.000000,0.200000,0.200000,0.120000,0.500000,-0.060000,0.560000,0.500000,-0.280000,0.000000,0.100000,-0.000000
t25-d0.4-a1.5-compact,25,0.400000,1.500000,17,2658,4080,ga,curated-textbook,goal-priority,20260928,3,3,true,true,0,2,23,2,3158,0.774020,false,0.000000,0.281442,1.744026,60,40,2440,6597,0.093225,0.093225,0.093225,1.000000,0.180919,0.500000,0.090459,0.542553,0.300000,0.162766,1.000000,0.200000,0.200000,0.080000,0.500000,-0.040000,0.640000,0.500000,-0.320000,0.000000,0.100000,-0.000000
t25-d0.4-a1.5-compact,25,0.400000,1.500000,17,2658,4080,ga,curated-textbook,goal-priority,20260929,3,3,true,true,0,1,22,3,2964,0.726471,false,0.000000,0.281471,1.779349,60,40,2440,6463,0.090133,0.090133,0.090133,1.000000,0.170276,0.500000,0.085138,0.483318,0.300000,0.144995,1.000000,0.200000,0.200000,0.120000,0.500000,-0.060000,0.560000,0.500000,-0.280000,0.000000,0.100000,-0.000000
t25-d0.4-a1.5-compact,25,0.400000,1.500000,17,2658,4080,ga,all,goal-priority,20260925,5,4,true,true,1,2,23,2,3027,0.741912,false,0.000000,0.311959,1.922744,60,40,2440,6345,0.062410,0.062410,0.062410,1.000000,0.165328,0.500000,0.082664,0.482488,0.300000,0.144746,1.000000,0.200000,0.200000,0.080000,0.500000,-0.040000,0.600000,0.500000,-0.300000,0.250000,0.100000,-0.025000
t25-d0.4-a1.5-compact,25,0.400000,1.500000,17,2658,4080,ga,all,goal-priority,20260926,5,4,true,true,1,1,23,2,3032,0.743137,false,0.000000,0.293734,1.573358,60,40,2440,6759,0.098007,0.098007,0.098007,1.000000,0.178023,0.500000,0.089011,0.513319,0.300000,0.153996,1.000000,0.200000,0.200000,0.080000,0.500000,-0.040000,0.560000,0.500000,-0.280000,0.250000,0.100000,-0.025000
t25-d0.4-a1.5-compact,25,0.400000,1.500000,17,2658,4080,ga,all,goal-priority,20260927,5,4,true,true,1,1,22,3,2989,0.732598,false,0.000000,0.236521,1.693268,60,40,2440,6811,0.064330,0.064330,0.064330,1.000000,0.165712,0.500000,0.082856,0.488244,0.300000,0.146473,1.000000,0.200000,0.200000,0.120000,0.500000,-0.060000,0.560000,0.500000,-0.280000,0.250000,0.100000,-0.025000
t25-d0.4-a1.5-compact,25,0.400000,1.500000,17,2658,4080,ga,all,goal-priority,20260928,5,4,true,true,1,2,23,2,3156,0.773529,false,0.000000,0.293977,1.821701,60,40,2440,6449,0.052799,0.052799,0.052799,1.000000,0.174986,0.500000,0.087493,0.501022,0.300000,0.150307,1.000000,0.200000,0.200000,0.080000,0.500000,-0.040000,0.640000,0.500000,-0.320000,0.250000,0.100000,-0.025000
t25-d0.4-a1.5-compact,25,0.400000,1.500000,17,2658,4080,ga,all,goal-priority,20260929,5,4,true,true,1,1,22,3,2964,0.726471,false,0.000000,0.281471,1.955681,60,40,2440,6539,0.098013,0.098013,0.098013,1.000000,0.175867,0.500000,0.087934,0.505250,0.300000,0.151575,1.000000,0.200000,0.200000,0.120000,0.500000,-0.060000,0.560000,0.500000,-0.280000,0.014952,0.100000,-0.001495
t25-d0.4-a1.5-sparse,25,0.400000,1.500000,31,2545,3840,greedy-baseline,curated,goal-priority,20260925,2,2,true,true,2,,25,0,2545,0.662760,false,0.000000,0.321060,1.727377,0,0,0,458,0.000000,-0.201399,0.000000,1.000000,0.149117,0.500000,0.074558,0.260226,0.300000,0.078068,1.000000,0.200000,0.200000,0.000000,0.500000,-0.000000,1.000000,0.500000,-0.500000,0.540251,0.100000,-0.054025
t25-d0.4-a1.5-sparse,25,0.400000,1.500000,31,2545,3840,greedy-baseline,curated,goal-priority,20260926,2,2,true,true,2,,25,0,2545,0.662760,false,0.000000,0.321060,1.727377,0,0,0,276,0.000000,-0.201399,0.000000,1.000000,0.149117,0.500000,0.074558,0.260226,0.300000,0.078068,1.000000,0.200000,0.200000,0.000000,0.500000,-0.000000,1.000000,0.500000,-0.500000,0.540251,0.100000,-0.054025
t25-d0.4-a1.5-sparse,25,0.400000,1.500000,31,2545,3840,greedy-baseline,curated,goal-priority,20260927,2,2,true,true,2,,25,0,2545,0.662760,false,0.000000,0.321060,1.727377,0,0,0,186,0.000000,-0.201399,0.000000,1.000000,0.149117,0.500000,0.074558,0.260226,0.300000,0.078068,1.000000,0.200000,0.200000,0.000000,0.500000,-0.000000,1.000000,0.500000,-0.500000,0.540251,0.100000,-0.054025
t25-d0.4-a1.5-sparse,25,0.400000,1.500000,31,2545,3840,greedy-baseline,curated,goal-priority,20260928,2,2,true,true,2,,25,0,2545,0.662760,false,0.000000,0.321060,1.727377,0,0,0,194,0.000000,-0.201399,0.000000,1.000000,0.149117,0.500000,0.074558,0.260226,0.300000,0.078068,1.000000,0.200000,0.200000,0.000000,0.500000,-0.000000,1.000000,0.500000,-0.500000,0.540251,0.100000,-0.054025
t25-d0.4-a1.5-sparse,25,0.400000,1.500000,31,2545,3840,greedy-baseline,curated,goal-priority,20260929,2,2,true,true,2,,25,0,2545,0.662760,false,0.000000,0.321060,1.727377,0,0,0,176,0.000000,-0.201399,0.000000,1.000000,0.149117,0.500000,0.074558,0.260226,0.300000,0.078068,1.000000,0.200000,0.200000,0.000000,0.500000,-0.000000,1.000000,0.500000,-0.500000,0.540251,0.100000,-0.054025
t25-d0.4-a1.5-sparse,25,0.400000,1.500000,31,2545,3840,greedy-baseline,curated-textbook,goal-priority,20260925,3,4,true,true,4,,25,0,2545,0.662760,false,0.000000,0.321060,1.727377,0,0,0,174,0.000000,-0.178104,0.000000,1.000000,0.149117,0.500000,0.074558,0.260226,0.300000,0.078068,1.000000,0.200000,0.200000,0.000000,0.500000,-0.000000,1.000000,0.500000,-0.500000,0.307298,0.100000,-0.030730
t25-d0.4-a1.5-sparse,25,0.400000,1.500000,31,2545,3840,greedy-baseline,curated-textbook,goal-priority,20260926,3,4,true,true,4,,25,0,2545,0.662760,false,0.000000,0.321060,1.727377,0,0,0,212,0.000000,-0.178104,0.000000,1.000000,0.149117,0.500000,0.074558,0.260226,0.300000,0.078068,1.000000,0.200000,0.200000,0.000000,0.500000,-0.000000,1.000000,0.500000,-0.500000,0.307298,0.100000,-0.030730
t25-d0.4-a1.5-sparse,25,0.400000,1.500000,31,2545,3840,greedy-baseline,curated-textbook,goal-priority,20260927,3,4,true,true,4,,25,0,2545,0.662760,false,0.000000,0.321060,1.727377,0,0,0,177,0.000000,-0.178104,0.000000,1.000000,0.149117,0.500000,0.074558,0.260226,0.300000,0.078068,1.000000,0.200000,0.200000,0.000000,0.500000,-0.000000,1.000000,0.500000,-0.500000,0.307298,0.100000,-0.030730
t25-d0.4-a1.5-sparse,25,0.400000,1.500000,31,2545,3840,greedy-baseline,curated-textbook,goal-priority,20260928,3,4,true,true,4,,25,0,2545,0.662760,false,0.000000,0.321060,1.727377,0,0,0,158,0.000000,-0.178104,0.000000,1.000000,0.149117,0.500000,0.074558,0.260226,0.300000,0.078068,1.000000,0.200000,0.200000,0.000000,0.500000,-0.000000,1.000000,0.500000,-0.500000,0.307298,0.100000,-0.030730
t25-d0.4-a1.5-sparse,25,0.400000,1.500000,31,2545,3840,greedy-baseline,curated-textbook,goal-priority,20260929,3,4,true,true,4,,25,0,2545,0.662760,false,0.000000,0.321060,1.727377,0,0,0,225,0.000000,-0.178104,0.000000,1.000000,0.149117,0.500000,0.074558,0.260226,0.300000,0.078068,1.000000,0.200000,0.200000,0.000000,0.500000,-0.000000,1.000000,0.500000,-0.500000,0.307298,0.100000,-0.030730
t25-d0.4-a1.5-sparse,25,0.400000,1.500000,31,2545,3840,greedy-baseline,all,goal-priority,20260925,5,5,true,true,4,,25,0,2545,0.662760,false,0.000000,0.321060,1.727377,0,0,0,185,0.000000,-0.171958,0.000000,1.000000,0.149117,0.500000,0.074558,0.260226,0.300000,0.078068,1.000000,0.200000,0.200000,0.000000,0.500000,-0.000000,1.000000,0.500000,-0.500000,0.245839,0.100000,-0.024584
t25-d0.4-a1.5-sparse,25,0.400000,1.500000,31,2545,3840,greedy-baseline,all,goal-priority,20260926,5,5,true,true,4,,25,0,2545,0.662760,false,0.000000,0.321060,1.727377,0,0,0,181,0.000000,-0.171958,0.000000,1.000000,0.149117,0.500000,0.074558,0.260226,0.300000,0.078068,1.000000,0.200000,0.200000,0.000000,0.500000,-0.000000,1.000000,0.500000,-0.500000,0.245839,0.100000,-0.024584
t25-d0.4-a1.5-sparse,25,0.400000,1.500000,31,2545,3840,greedy-baseline,all,goal-priority,20260927,5,5,true,true,4,,25,0,2545,0.662760,false,0.000000,0.321060,1.727377,0,0,0,174,0.000000,-0.171958,0.000000,1.000000,0.149117,0.500000,0.074558,0.260226,0.300000,0.078068,1.000000,0.200000,0.200000,0.000000,0.500000,-0.000000,1.000000,0.500000,-0.500000,0.245839,0.100000,-0.024584
t25-d0.4-a1.5-sparse,25,0.400000,1.500000,31,2545,3840,greedy-baseline,all,goal-priority,20260928,5,5,true,true,4,,25,0,2545,0.662760,false,0.000000,0.321060,1.727377,0,0,0,162,0.000000,-0.171958,0.000000,1.000000,0.149117,0.500000,0.074558,0.260226,0.300000,0.078068,1.000000,0.200000,0.200000,0.000000,0.500000,-0.000000,1.000000,0.500000,-0.500000,0.245839,0.100000,-0.024584
t25-d0.4-a1.5-sparse,25,0.400000,1.500000,31,2545,3840,greedy-baseline,all,goal-priority,20260929,5,5,true,true,4,,25,0,2545,0.662760,false,0.000000,0.321060,1.727377,0,0,0,223,0.000000,-0.171958,0.000000,1.000000,0.149117,0.500000,0.074558,0.260226,0.300000,0.078068,1.000000,0.200000,0.200000,0.000000,0.500000,-0.000000,1.000000,0.500000,-0.500000,0.245839,0.100000,-0.024584
t25-d0.4-a1.5-sparse,25,0.400000,1.500000,31,2545,3840,ga,curated,goal-priority,20260925,2,2,true,true,0,2,21,4,2916,0.759375,true,0.005000,0.214257,1.742083,60,40,2440,6812,0.000000,-0.033916,0.000000,1.000000,0.147916,0.500000,0.073958,0.310420,0.300000,0.093126,0.995000,0.200000,0.199000,0.160000,0.500000,-0.080000,0.640000,0.500000,-0.320000,0.000000,0.100000,-0.000000
t25-d0.4-a1.5-sparse,25,0.400000,1.500000,31,2545,3840,ga,curated,goal-priority,20260926,2,2,true,true,0,2,22,3,2928,0.762500,false,0.000000,0.260425,2.031341,60,40,2440,6859,0.017252,0.017252,0.017252,1.000000,0.144659,0.500000,0.072329,0.283074,0.300000,0.084922,1.000000,0.200000,0.200000,0.120000,0.500000,-0.060000,0.560000,0.500000,-0.280000,0.000000,0.100000,-0.000000
t25-d0.4-a1.5-sparse,25,0.400000,1.500000,31,2545,3840,ga,curated,goal-priority,20260927,2,2,true,true,0,2,21,4,2907,0.757031,false,0.000000,0.248589,1.843359,60,40,2440,6314,0.000000,-0.050315,0.000000,1.000000,0.144383,0.500000,0.072192,0.258311,0.300000,0.077493,1.000000,0.200000,0.200000,0.160000,0.500000,-0.080000,0.640000,0.500000,-0.320000,0.000000,0.100000,-0.000000
t25-d0.4-a1.5-sparse,25,0.400000,1.500000,31,2545,3840,ga,curated,goal-priority,20260928,2,2,true,true,0,1,23,2,2963,0.771615,false,0.000000,0.224377,1.763989,60,40,2440,6529,0.042024,0.042024,0.042024,1.000000,0.161864,0.500000,0.080932,0.270308,0.300000,0.081092,1.000000,0.200000,0.200000,0.080000,0.500000,-0.040000,0.560000,0.500000,-0.280000,0.000000,0.100000,-0.000000
t25-d0.4-a1.5-sparse,25,0.400000,1.500000,31,2545,3840,ga,curated,goal-priority,20260929,2,2,true,true,0,2,22,3,2989,0.778385,false,0.000000,0.252333,1.821381,60,40,2440,6679,0.000000,-0.015223,0.000000,1.000000,0.152499,0.500000,0.076249,0.295092,0.300000,0.088528,1.000000,0.200000,0.200000,0.120000,0.500000,-0.060000,0.640000,0.500000,-0.320000,0.000000,0.100000,-0.000000
t25-d0.4-a1.5-sparse,25,0.400000,1.500000,31,2545,3840,ga,curated-textbook,goal-priority,20260925,3,4,true,true,1,2,22,3,3050,0.794271,false,0.000000,0.228723,1.711185,60,40,2440,6849,0.000000,-0.028213,0.000000,1.000000,0.158014,0.500000,0.079007,0.314856,0.300000,0.094457,1.000000,0.200000,0.200000,0.120000,0.500000,-0.060000,0.640000,0.500000,-0.320000,0.216770,0.100000,-0.021677
t25-d0.4-a1.5-sparse,25,0.400000,1.500000,31,2545,3840,ga,curated-textbook,goal-priority,20260926,3,4,true,true,1,2,23,2,3062,0.797396,false,0.000000,0.268528,1.995825,60,40,2440,6355,0.018631,0.018631,0.018631,1.000000,0.154757,0.500000,0.077378,0.287511,0.300000,0.086253,1.000000,0.200000,0.200000,0.080000,0.500000,-0.040000,0.560000,0.500000,-0.280000,0.250000,0.100000,-0.025000
t25-d0.4-a1.5-sparse,25,0.400000,1.500000,31,2545,3840,ga,curated-textbook,goal-priority,20260927,3,4,true,true,1,2,22,3,3041,0.791927,false,0.000000,0.257738,1.699689,60,40,2440,7524,0.000000,-0.030272,0.000000,1.000000,0.171302,0.500000,0.085651,0.291384,0.300000,0.087415,1.000000,0.200000,0.200000,0.120000,0.500000,-0.060000,0.640000,0.500000,-0.320000,0.233385,0.100000,-0.023338
t25-d0.4-a1.5-sparse,25,0.400000,1.500000,31,2545,3840,ga,curated-textbook,goal-priority,20260928,3,4,true,true,1,2,24,1,2999,0.780990,false,0.000000,0.219989,1.681695,60,40,2440,6472,0.062506,0.062506,0.062506,1.000000,0.152946,0.500000,0.076473,0.292572,0.300000,0.087771,1.000000,0.200000,0.200000,0.040000,0.500000,-0.020000,0.560000,0.500000,-0.280000,0.017381,0.100000,-0.001738
t25-d0.4-a1.5-sparse,25,0.400000,1.500000,31,2545,3840,ga,curated-textbook,goal-priority,20260929,3,4,true,true,1,2,24,1,3158,0.822396,false,0.000000,0.218409,1.756524,60,40,2440,6336,0.009045,0.009045,0.009045,1.000000,0.156803,0.500000,0.078401,0.307899,0.300000,0.092370,1.000000,0.200000,0.200000,0.040000,0.500000,-0.020000,0.640000,0.500000,-0.320000,0.217261,0.100000,-0.021726
t25-d0.4-a1.5-sparse,25,0.400000,1.500000,31,2545,3840,ga,all,goal-priority,20260925,5,5,true,true,2,1,23,2,3086,0.803646,false,0.000000,0.224445,1.679179,60,40,2440,6269,0.000000,-0.002304,0.000000,1.000000,0.166737,0.500000,0.083369,0.336556,0.300000,0.100967,1.000000,0.200000,0.200000,0.080000,0.500000,-0.040000,0.640000,0.500000,-0.320000,0.266394,0.100000,-0.026639
t25-d0.4-a1.5-sparse,25,0.400000,1.500000,31,2545,3840,ga,all,goal-priority,20260926,5,5,true,true,2,1,24,1,3098,0.806771,false,0.000000,0.263576,1.959016,60,40,2440,6398,0.039176,0.039176,0.039176,1.000000,0.155695,0.500000,0.077847,0.297756,0.300000,0.089327,1.000000,0.200000,0.200000,0.040000,0.500000,-0.020000,0.560000,0.500000,-0.280000,0.279979,0.100000,-0.027998
t25-d0.4-a1.5-sparse,25,0.400000,1.500000,31,2545,3840,ga,all,goal-priority,20260927,5,5,true,true,2,1,23,2,3077,0.801302,false,0.000000,0.252817,1.667241,60,40,2440,6506,0.000000,-0.014050,0.000000,1.000000,0.172240,0.500000,0.086120,0.301629,0.300000,0.090489,1.000000,0.200000,0.200000,0.080000,0.500000,-0.040000,0.640000,0.500000,-0.320000,0.306584,0.100000,-0.030658
t25-d0.4-a1.5-sparse,25,0.400000,1.500000,31,2545,3840,ga,all,goal-priority,20260928,5,5,true,true,1,2,24,1,2999,0.780990,false,0.000000,0.219989,1.681695,60,40,2440,6337,0.062854,0.062854,0.062854,1.000000,0.152946,0.500000,0.076473,0.292572,0.300000,0.087771,1.000000,0.200000,0.200000,0.040000,0.500000,-0.020000,0.560000,0.500000,-0.280000,0.013905,0.100000,-0.001391
t25-d0.4-a1.5-sparse,25,0.400000,1.500000,31,2545,3840,ga,all,goal-priority,20260929,5,5,true,true,2,1,25,0,3230,0.841146,false,0.000000,0.250796,1.740415,60,40,2440,7216,0.030270,0.030270,0.030270,1.000000,0.173633,0.500000,0.086816,0.313626,0.300000,0.094088,1.000000,0.200000,0.200000,0.000000,0.500000,-0.000000,0.640000,0.500000,-0.320000,0.306344,0.100000,-0.030634
t25-d1.2-a0.7-compact,25,1.200000,0.700000,7,2239,1680,greedy-baseline,curated,goal-priority,20260925,5,5,true,true,4,,15,10,1259,0.749405,false,0.000000,0.261538,1.588462,0,0,0,286,0.000000,-0.314031,0.000000,1.000000,0.113881,0.500000,0.056940,0.606891,0.300000,0.182067,1.000000,0.200000,0.200000,0.400000,0.500000,-0.200000,1.000000,0.500000,-0.500000,0.530381,0.100000,-0.053038
t25-d1.2-a0.7-compact,25,1.200000,0.700000,7,2239,1680,greedy-baseline,curated,goal-priority,20260926,5,5,true,true,4,,15,10,1259,0.749405,false,0.000000,0.261538,1.588462,0,0,0,177,0.000000,-0.314031,0.000000,1.000000,0.113881,0.500000,0.056940,0.606891,0.300000,0.182067,1.000000,0.200000,0.200000,0.400000,0.500000,-0.200000,1.000000,0.500000,-0.500000,0.530381,0.100000,-0.053038
t25-d1.2-a0.7-compact,25,1.200000,0.700000,7,2239,1680,greedy-baseline,curated,goal-priority,20260927,5,5,true,true,4,,15,10,1259,0.749405,false,0.000000,0.261538,1.588462,0,0,0,256,0.000000,-0.314031,0.000000,1.000000,0.113881,0.500000,0.056940,0.606891,0.300000,0.182067,1.000000,0.200000,0.200000,0.400000,0.500000,-0.200000,1.000000,0.500000,-0.500000,0.530381,0.100000,-0.053038
t25-d1.2-a0.7-compact,25,1.200000,0.700000,7,2239,1680,greedy-baseline,curated,goal-priority,20260928,5,5,true,true,4,,15,10,1259,0.749405,false,0.000000,0.261538,1.588462,0,0,0,172,0.000000,-0.314031,0.000000,1.000000,0.113881,0.500000,0.056940,0.606891,0.300000,0.182067,1.000000,0.200000,0.200000,0.400000,0.500000,-0.200000,1.000000,0.500000,-0.500000,0.530381,0.100000,-0.053038
t25-d1.2-a0.7-compact,25,1.200000,0.700000,7,2239,1680,greedy-baseline,curated,goal-priority,20260929,5,5,true,true,4,,15,10,1259,0.749405,false,0.000000,0.261538,1.588462,0,0,0,206,0.000000,-0.314031,0.000000,1.000000,0.113881,0.500000,0.056940,0.606891,0.300000,0.182067,1.000000,0.200000,0.200000,0.400000,0.500000,-0.200000,1.000000,0.500000,-0.500000,0.530381,0.100000,-0.053038
t25-d1.2-a0.7-compact,25,1.200000,0.700000,7,2239,1680,greedy-baseline,curated-textbook,goal-priority,20260925,10,10,true,true,7,,15,10,1323,0.787500,false,0.000000,0.245340,1.788936,0,0,0,295,0.000000,-0.320479,0.000000,1.000000,0.123704,0.500000,0.061852,0.575524,0.300000,0.172657,1.000000,0.200000,0.200000,0.400000,0.500000,-0.200000,1.000000,0.500000,-0.500000,0.549887,0.100000,-0.054989
t25-d1.2-a0.7-compact,25,1.200000,0.700000,7,2239,1680,greedy-baseline,curated-textbook,goal-priority,20260926,10,10,true,true,7,,15,10,1323,0.787500,false,0.000000,0.245340,1.788936,0,0,0,192,0.000000,-0.320479,0.000000,1.000000,0.123704,0.500000,0.061852,0.575524,0.300000,0.172657,1.000000,0.200000,0.200000,0.400000,0.500000,-0.200000,1.000000,0.500000,-0.500000,0.549887,0.100000,-0.054989
t25-d1.2-a0.7-compact,25,1.200000,0.700000,7,2239,1680,greedy-baseline,curated-textbook,goal-priority,20260927,10,10,true,true,7,,15,10,1323,0.787500,false,0.000000,0.245340,1.788936,0,0,0,401,0.000000,-0.320479,0.000000,1.000000,0.123704,0.500000,0.061852,0.575524,0.300000,0.172657,1.000000,0.200000,0.200000,0.400000,0.500000,-0.200000,1.000000,0.500000,-0.500000,0.549887,0.100000,-0.054989
t25-d1.2-a0.7-compact,25,1.200000,0.700000,7,2239,1680,greedy-baseline,curated-textbook,goal-priority,20260928,10,10,true,true,7,,15,10,1323,0.787500,false,0.000000,0.245340,1.788936,0,0,0,682,0.000000,-0.320479,0.000000,1.000000,0.123704,0.500000,0.061852,0.575524,0.300000,0.172657,1.000000,0.200000,0.200000,0.400000,0.500000,-0.200000,1.000000,0.500000,-0.500000,0.549887,0.100000,-0.054989
t25-d1.2-a0.7-compact,25,1.200000,0.700000,7,2239,1680,greedy-baseline,curated-textbook,goal-priority,20260929,10,10,true,true,7,,15,10,1323,0.787500,false,0.000000,0.245340,1.788936,0,0,0,692,0.000000,-0.320479,0.000000,1.000000,0.123704,0.500000,0.061852,0.575524,0.300000,0.172657,1.000000,0.200000,0.200000,0.400000,0.500000,-0.200000,1.000000,0.500000,-0.500000,0.549887,0.100000,-0.054989
t25-d1.2-a0.7-compact,25,1.200000,0.700000,7,2239,1680,greedy-baseline,all,goal-priority,20260925,15,15,true,true,9,,15,10,1323,0.787500,false,0.000000,0.245340,1.788936,0,0,0,748,0.000000,-0.315483,0.000000,1.000000,0.123704,0.500000,0.061852,0.575524,0.300000,0.172657,1.000000,0.200000,0.200000,0.400000,0.500000,-0.200000,1.000000,0.500000,-0.500000,0.499924,0.100000,-0.049992
t25-d1.2-a0.7-compact,25,1.200000,0.700000,7,2239,1680,greedy-baseline,all,goal-priority,20260926,15,15,true,true,9,,15,10,1323,0.787500,false,0.000000,0.245340,1.788936,0,0,0,384,0.000000,-0.315483,0.000000,1.000000,0.123704,0.500000,0.061852,0.575524,0.300000,0.172657,1.000000,0.200000,0.200000,0.400000,0.500000,-0.200000,1.000000,0.500000,-0.500000,0.499924,0.100000,-0.049992
t25-d1.2-a0.7-compact,25,1.200000,0.700000,7,2239,1680,greedy-baseline,all,goal-priority,20260927,15,15,true,true,9,,15,10,1323,0.787500,false,0.000000,0.245340,1.788936,0,0,0,440,0.000000,-0.315483,0.000000,1.000000,0.123704,0.500000,0.061852,0.575524,0.300000,0.172657,1.000000,0.200000,0.200000,0.400000,0.500000,-0.200000,1.000000,0.500000,-0.500000,0.499924,0.100000,-0.049992
t25-d1.2-a0.7-compact,25,1.200000,0.700000,7,2239,1680,greedy-baseline,all,goal-priority,20260928,15,15,true,true,9,,15,10,1323,0.787500,false,0.000000,0.245340,1.788936,0,0,0,334,0.000000,-0.315483,0.000000,1.000000,0.123704,0.500000,0.061852,0.575524,0.300000,0.172657,1.000000,0.200000,0.200000,0.400000,0.500000,-0.200000,1.000000,0.500000,-0.500000,0.499924,0.100000,-0.049992
t25-d1.2-a0.7-compact,25,1.200000,0.700000,7,2239,1680,greedy-baseline,all,goal-priority,20260929,15,15,true,true,9,,15,10,1323,0.787500,false,0.000000,0.245340,1.788936,0,0,0,495,0.000000,-0.315483,0.000000,1.000000,0.123704,0.500000,0.061852,0.575524,0.300000,0.172657,1.000000,0.200000,0.200000,0.400000,0.500000,-0.200000,1.000000,0.500000,-0.500000,0.499924,0.100000,-0.049992
t25-d1.2-a0.7-compact,25,1.200000,0.700000,7,2239,1680,ga,curated,goal-priority,20260925,5,5,true,true,1,2,15,10,1374,0.817857,false,0.000000,0.273507,1.436394,60,40,2440,6825,0.000000,-0.309629,0.000000,1.000000,0.093092,0.500000,0.046546,0.523665,0.300000,0.157099,1.000000,0.200000,0.200000,0.400000,0.500000,-0.200000,1.000000,0.500000,-0.500000,0.132745,0.100000,-0.013274
t25-d1.2-a0.7-compact,25,1.200000,0.700000,7,2239,1680,ga,curated,goal-priority,20260926,5,5,true,true,1,2,15,10,1374,0.817857,false,0.000000,0.273507,1.436394,60,40,2440,11258,0.000000,-0.309629,0.000000,1.000000,0.093092,0.500000,0.046546,0.523665,0.300000,0.157099,1.000000,0.200000,0.200000,0.400000,0.500000,-0.200000,1.000000,0.500000,-0.500000,0.132745,0.100000,-0.013274
t25-d1.2-a0.7-compact,25,1.200000,0.700000,7,2239,1680,ga,curated,goal-priority,20260927,5,5,true,true,1,2,15,10,1374,0.817857,false,0.000000,0.273507,1.436394,60,40,2440,9624,0.000000,-0.309629,0.000000,1.000000,0.093092,0.500000,0.046546,0.523665,0.300000,0.157099,1.000000,0.200000,0.200000,0.400000,0.500000,-0.200000,1.000000,0.500000,-0.500000,0.132745,0.100000,-0.013274
t25-d1.2-a0.7-compact,25,1.200000,0.700000,7,2239,1680,ga,curated,goal-priority,20260928,5,5,true,true,1,2,15,10,1374,0.817857,false,0.000000,0.273507,1.436394,60,40,2440,9061,0.000000,-0.309629,0.000000,1.000000,0.093092,0.500000,0.046546,0.523665,0.300000,0.157099,1.000000,0.200000,0.200000,0.400000,0.500000,-0.200000,1.000000,0.500000,-0.500000,0.132745,0.100000,-0.013274
t25-d1.2-a0.7-compact,25,1.200000,0.700000,7,2239,1680,ga,curated,goal-priority,20260929,5,5,true,true,1,2,15,10,1374,0.817857,false,0.000000,0.273507,1.436394,60,40,2440,9563,0.000000,-0.309629,0.000000,1.000000,0.093092,0.500000,0.046546,0.523665,0.300000,0.157099,1.000000,0.200000,0.200000,0.400000,0.500000,-0.200000,1.000000,0.500000,-0.500000,0.132745,0.100000,-0.013274
t25-d1.2-a0.7-compact,25,1.200000,0.700000,7,2239,1680,ga,curated-textbook,goal-priority,20260925,10,10,true,true,2,3,15,10,1327,0.789881,true,0.013333,0.275949,1.449219,60,40,2440,7063,0.000000,-0.301049,0.000000,1.000000,0.093845,0.500000,0.046922,0.537635,0.300000,0.161291,0.986667,0.200000,0.197333,0.400000,0.500000,-0.200000,1.000000,0.500000,-0.500000,0.065949,0.100000,-0.006595
t25-d1.2-a0.7-compact,25,1.200000,0.700000,7,2239,1680,ga,curated-textbook,goal-priority,20260926,10,10,true,true,2,3,15,10,1327,0.789881,true,0.013333,0.275949,1.449219,60,40,2440,6439,0.000000,-0.301049,0.000000,1.000000,0.093845,0.500000,0.046922,0.537635,0.300000,0.161291,0.986667,0.200000,0.197333,0.400000,0.500000,-0.200000,1.000000,0.500000,-0.500000,0.065949,0.100000,-0.006595
t25-d1.2-a0.7-compact,25,1.200000,0.700000,7,2239,1680,ga,curated-textbook,goal-priority,20260927,10,10,true,true,2,3,15,10,1327,0.789881,true,0.013333,0.275949,1.449219,60,40,2440,6394,0.000000,-0.301049,0.000000,1.000000,0.093845,0.500000,0.046922,0.537635,0.300000,0.161291,0.986667,0.200000,0.197333,0.400000,0.500000,-0.200000,1.000000,0.500000,-0.500000,0.065949,0.100000,-0.006595
t25-d1.2-a0.7-compact,25,1.200000,0.700000,7,2239,1680,ga,curated-textbook,goal-priority,20260928,10,10,true,true,2,3,15,10,1327,0.789881,true,0.013333,0.275949,1.449219,60,40,2440,6395,0.000000,-0.301049,0.000000,1.000000,0.093845,0.500000,0.046922,0.537635,0.300000,0.161291,0.986667,0.200000,0.197333,0.400000,0.500000,-0.200000,1.000000,0.500000,-0.500000,0.065949,0.100000,-0.006595
t25-d1.2-a0.7-compact,25,1.200000,0.700000,7,2239,1680,ga,curated-textbook,goal-priority,20260929,10,10,true,true,2,3,15,10,1327,0.789881,true,0.013333,0.275949,1.449219,60,40,2440,6565,0.000000,-0.301049,0.000000,1.000000,0.093845,0.500000,0.046922,0.537635,0.300000,0.161291,0.986667,0.200000,0.197333,0.400000,0.500000,-0.200000,1.000000,0.500000,-0.500000,0.065949,0.100000,-0.006595
t25-d1.2-a0.7-compact,25,1.200000,0.700000,7,2239,1680,ga,all,goal-priority,20260925,15,15,true,true,3,4,15,10,1336,0.795238,false,0.000000,0.290711,1.526749,60,40,2440,6376,0.000000,-0.306687,0.000000,1.000000,0.094580,0.500000,0.047290,0.523665,0.300000,0.157099,1.000000,0.200000,0.200000,0.400000,0.500000,-0.200000,1.000000,0.500000,-0.500000,0.110758,0.100000,-0.011076
t25-d1.2-a0.7-compact,25,1.200000,0.700000,7,2239,1680,ga,all,goal-priority,20260926,15,15,true,true,3,4,15,10,1336,0.795238,false,0.000000,0.290711,1.526749,60,40,2440,6405,0.000000,-0.306687,0.000000,1.000000,0.094580,0.500000,0.047290,0.523665,0.300000,0.157099,1.000000,0.200000,0.200000,0.400000,0.500000,-0.200000,1.000000,0.500000,-0.500000,0.110758,0.100000,-0.011076
t25-d1.2-a0.7-compact,25,1.200000,0.700000,7,2239,1680,ga,all,goal-priority,20260927,15,15,true,true,3,4,15,10,1336,0.795238,false,0.000000,0.290711,1.526749,60,40,2440,6559,0.000000,-0.306687,0.000000,1.000000,0.094580,0.500000,0.047290,0.523665,0.300000,0.157099,1.000000,0.200000,0.200000,0.400000,0.500000,-0.200000,1.000000,0.500000,-0.500000,0.110758,0.100000,-0.011076
t25-d1.2-a0.7-compact,25,1.200000,0.700000,7,2239,1680,ga,all,goal-priority,20260928,15,15,true,true,3,4,15,10,1336,0.795238,false,0.000000,0.290711,1.526749,60,40,2440,6580,0.000000,-0.306687,0.000000,1.000000,0.094580,0.500000,0.047290,0.523665,0.300000,0.157099,1.000000,0.200000,0.200000,0.400000,0.500000,-0.200000,1.000000,0.500000,-0.500000,0.110758,0.100000,-0.011076
t25-d1.2-a0.7-compact,25,1.200000,0.700000,7,2239,1680,ga,all,goal-priority,20260929,15,15,true,true,3,4,15,10,1336,0.795238,false,0.000000,0.290711,1.526749,60,40,2440,6325,0.000000,-0.306687,0.000000,1.000000,0.094580,0.500000,0.047290,0.523665,0.300000,0.157099,1.000000,0.200000,0.200000,0.400000,0.500000,-0.200000,1.000000,0.500000,-0.500000,0.110758,0.100000,-0.011076
t25-d1.2-a0.7-sparse,25,1.200000,0.700000,15,2589,1920,greedy-baseline,curated,goal-priority,20260925,5,5,true,true,4,,17,8,1525,0.794271,false,0.000000,0.229478,1.654584,0,0,0,275,0.000000,-0.314013,0.000000,1.000000,0.115206,0.500000,0.057603,0.428227,0.300000,0.128468,1.000000,0.200000,0.200000,0.320000,0.500000,-0.160000,1.000000,0.500000,-0.500000,0.400843,0.100000,-0.040084
t25-d1.2-a0.7-sparse,25,1.200000,0.700000,15,2589,1920,greedy-baseline,curated,goal-priority,20260926,5,5,true,true,4,,17,8,1525,0.794271,false,0.000000,0.229478,1.654584,0,0,0,167,0.000000,-0.314013,0.000000,1.000000,0.115206,0.500000,0.057603,0.428227,0.300000,0.128468,1.000000,0.200000,0.200000,0.320000,0.500000,-0.160000,1.000000,0.500000,-0.500000,0.400843,0.100000,-0.040084
t25-d1.2-a0.7-sparse,25,1.200000,0.700000,15,2589,1920,greedy-baseline,curated,goal-priority,20260927,5,5,true,true,4,,17,8,1525,0.794271,false,0.000000,0.229478,1.654584,0,0,0,183,0.000000,-0.314013,0.000000,1.000000,0.115206,0.500000,0.057603,0.428227,0.300000,0.128468,1.000000,0.200000,0.200000,0.320000,0.500000,-0.160000,1.000000,0.500000,-0.500000,0.400843,0.100000,-0.040084
t25-d1.2-a0.7-sparse,25,1.200000,0.700000,15,2589,1920,greedy-baseline,curated,goal-priority,20260928,5,5,true,true,4,,17,8,1525,0.794271,false,0.000000,0.229478,1.654584,0,0,0,224,0.000000,-0.314013,0.000000,1.000000,0.115206,0.500000,0.057603,0.428227,0.300000,0.128468,1.000000,0.200000,0.200000,0.320000,0.500000,-0.160000,1.000000,0.500000,-0.500000,0.400843,0.100000,-0.040084
t25-d1.2-a0.7-sparse,25,1.200000,0.700000,15,2589,1920,greedy-baseline,curated,goal-priority,20260929,5,5,true,true,4,,17,8,1525,0.794271,false,0.000000,0.229478,1.654584,0,0,0,170,0.000000,-0.314013,0.000000,1.000000,0.115206,0.500000,0.057603,0.428227,0.300000,0.128468,1.000000,0.200000,0.200000,0.320000,0.500000,-0.160000,1.000000,0.500000,-0.500000,0.400843,0.100000,-0.040084
t25-d1.2-a0.7-sparse,25,1.200000,0.700000,15,2589,1920,greedy-baseline,curated-textbook,goal-priority,20260925,9,10,true,true,6,,17,8,1525,0.794271,false,0.000000,0.229478,1.654584,0,0,0,172,0.000000,-0.313971,0.000000,1.000000,0.115206,0.500000,0.057603,0.428227,0.300000,0.128468,1.000000,0.200000,0.200000,0.320000,0.500000,-0.160000,1.000000,0.500000,-0.500000,0.400422,0.100000,-0.040042
t25-d1.2-a0.7-sparse,25,1.200000,0.700000,15,2589,1920,greedy-baseline,curated-textbook,goal-priority,20260926,9,10,true,true,6,,17,8,1525,0.794271,false,0.000000,0.229478,1.654584,0,0,0,168,0.000000,-0.313971,0.000000,1.000000,0.115206,0.500000,0.057603,0.428227,0.300000,0.128468,1.000000,0.200000,0.200000,0.320000,0.500000,-0.160000,1.000000,0.500000,-0.500000,0.400422,0.100000,-0.040042
t25-d1.2-a0.7-sparse,25,1.200000,0.700000,15,2589,1920,greedy-baseline,curated-textbook,goal-priority,20260927,9,10,true,true,6,,17,8,1525,0.794271,false,0.000000,0.229478,1.654584,0,0,0,243,0.000000,-0.313971,0.000000,1.000000,0.115206,0.500000,0.057603,0.428227,0.300000,0.128468,1.000000,0.200000,0.200000,0.320000,0.500000,-0.160000,1.000000,0.500000,-0.500000,0.400422,0.100000,-0.040042
t25-d1.2-a0.7-sparse,25,1.200000,0.700000,15,2589,1920,greedy-baseline,curated-textbook,goal-priority,20260928,9,10,true,true,6,,17,8,1525,0.794271,false,0.000000,0.229478,1.654584,0,0,0,375,0.000000,-0.313971,0.000000,1.000000,0.115206,0.500000,0.057603,0.428227,0.300000,0.128468,1.000000,0.200000,0.200000,0.320000,0.500000,-0.160000,1.000000,0.500000,-0.500000,0.400422,0.100000,-0.040042
t25-d1.2-a0.7-sparse,25,1.200000,0.700000,15,2589,1920,greedy-baseline,curated-textbook,goal-priority,20260929,9,10,true,true,6,,17,8,1525,0.794271,false,0.000000,0.229478,1.654584,0,0,0,219,0.000000,-0.313971,0.000000,1.000000,0.115206,0.500000,0.057603,0.428227,0.300000,0.128468,1.000000,0.200000,0.200000,0.320000,0.500000,-0.160000,1.000000,0.500000,-0.500000,0.400422,0.100000,-0.040042
t25-d1.2-a0.7-sparse,25,1.200000,0.700000,15,2589,1920,greedy-baseline,all,goal-priority,20260925,13,15,true,true,9,,16,9,1446,0.753125,false,0.000000,0.250582,1.806752,0,0,0,196,0.000000,-0.338652,0.000000,1.000000,0.112391,0.500000,0.056195,0.391553,0.300000,0.117466,1.000000,0.200000,0.200000,0.360000,0.500000,-0.180000,1.000000,0.500000,-0.500000,0.323132,0.100000,-0.032313
t25-d1.2-a0.7-sparse,25,1.200000,0.700000,15,2589,1920,greedy-baseline,all,goal-priority,20260926,13,15,true,true,9,,16,9,1446,0.753125,false,0.000000,0.250582,1.806752,0,0,0,175,0.000000,-0.338652,0.000000,1.000000,0.112391,0.500000,0.056195,0.391553,0.300000,0.117466,1.000000,0.200000,0.200000,0.360000,0.500000,-0.180000,1.000000,0.500000,-0.500000,0.323132,0.100000,-0.032313
t25-d1.2-a0.7-sparse,25,1.200000,0.700000,15,2589,1920,greedy-baseline,all,goal-priority,20260927,13,15,true,true,9,,16,9,1446,0.753125,false,0.000000,0.250582,1.806752,0,0,0,175,0.000000,-0.338652,0.000000,1.000000,0.112391,0.500000,0.056195,0.391553,0.300000,0.117466,1.000000,0.200000,0.200000,0.360000,0.500000,-0.180000,1.000000,0.500000,-0.500000,0.323132,0.100000,-0.032313
t25-d1.2-a0.7-sparse,25,1.200000,0.700000,15,2589,1920,greedy-baseline,all,goal-priority,20260928,13,15,true,true,9,,16,9,1446,0.753125,false,0.000000,0.250582,1.806752,0,0,0,207,0.000000,-0.338652,0.000000,1.000000,0.112391,0.500000,0.056195,0.391553,0.300000,0.117466,1.000000,0.200000,0.200000,0.360000,0.500000,-0.180000,1.000000,0.500000,-0.500000,0.323132,0.100000,-0.032313
t25-d1.2-a0.7-sparse,25,1.200000,0.700000,15,2589,1920,greedy-baseline,all,goal-priority,20260929,13,15,true,true,9,,16,9,1446,0.753125,false,0.000000,0.250582,1.806752,0,0,0,179,0.000000,-0.338652,0.000000,1.000000,0.112391,0.500000,0.056195,0.391553,0.300000,0.117466,1.000000,0.200000,0.200000,0.360000,0.500000,-0.180000,1.000000,0.500000,-0.500000,0.323132,0.100000,-0.032313
t25-d1.2-a0.7-sparse,25,1.200000,0.700000,15,2589,1920,ga,curated,goal-priority,20260925,5,5,true,true,0,3,15,10,1611,0.839063,false,0.000000,0.263692,1.461929,60,40,2440,7102,0.000000,-0.357748,0.000000,1.000000,0.092108,0.500000,0.046054,0.320661,0.300000,0.096198,1.000000,0.200000,0.200000,0.400000,0.500000,-0.200000,1.000000,0.500000,-0.500000,0.000000,0.100000,-0.000000
t25-d1.2-a0.7-sparse,25,1.200000,0.700000,15,2589,1920,ga,curated,goal-priority,20260926,5,5,true,true,0,3,15,10,1611,0.839063,false,0.000000,0.263692,1.461929,60,40,2440,6755,0.000000,-0.357748,0.000000,1.000000,0.092108,0.500000,0.046054,0.320661,0.300000,0.096198,1.000000,0.200000,0.200000,0.400000,0.500000,-0.200000,1.000000,0.500000,-0.500000,0.000000,0.100000,-0.000000
t25-d1.2-a0.7-sparse,25,1.200000,0.700000,15,2589,1920,ga,curated,goal-priority,20260927,5,5,true,true,0,3,15,10,1611,0.839063,false,0.000000,0.263692,1.461929,60,40,2440,6532,0.000000,-0.357748,0.000000,1.000000,0.092108,0.500000,0.046054,0.320661,0.300000,0.096198,1.000000,0.200000,0.200000,0.400000,0.500000,-0.200000,1.000000,0.500000,-0.500000,0.000000,0.100000,-0.000000
t25-d1.2-a0.7-sparse,25,1.200000,0.700000,15,2589,1920,ga,curated,goal-priority,20260928,5,5,true,true,0,3,15,10,1611,0.839063,false,0.000000,0.263692,1.461929,60,40,2440,6275,0.000000,-0.357748,0.000000,1.000000,0.092108,0.500000,0.046054,0.320661,0.300000,0.096198,1.000000,0.200000,0.200000,0.400000,0.500000,-0.200000,1.000000,0.500000,-0.500000,0.000000,0.100000,-0.000000
t25-d1.2-a0.7-sparse,25,1.200000,0.700000,15,2589,1920,ga,curated,goal-priority,20260929,5,5,true,true,0,3,15,10,1611,0.839063,false,0.000000,0.263692,1.461929,60,40,2440,6651,0.000000,-0.357748,0.000000,1.000000,0.092108,0.500000,0.046054,0.320661,0.300000,0.096198,1.000000,0.200000,0.200000,0.400000,0.500000,-0.200000,1.000000,0.500000,-0.500000,0.000000,0.100000,-0.000000
t25-d1.2-a0.7-sparse,25,1.200000,0.700000,15,2589,1920,ga,curated-textbook,goal-priority,20260925,9,10,true,true,2,3,15,10,1611,0.839063,false,0.000000,0.263692,1.461929,60,40,2440,6338,0.000000,-0.367748,0.000000,1.000000,0.092108,0.500000,0.046054,0.320661,0.300000,0.096198,1.000000,0.200000,0.200000,0.400000,0.500000,-0.200000,1.000000,0.500000,-0.500000,0.100000,0.100000,-0.010000
t25-d1.2-a0.7-sparse,25,1.200000,0.700000,15,2589,1920,ga,curated-textbook,goal-priority,20260926,9,10,true,true,2,3,15,10,1611,0.839063,false,0.000000,0.263692,1.461929,60,40,2440,6435,0.000000,-0.367748,0.000000,1.000000,0.092108,0.500000,0.046054,0.320661,0.300000,0.096198,1.000000,0.200000,0.200000,0.400000,0.500000,-0.200000,1.000000,0.500000,-0.500000,0.100000,0.100000,-0.010000
t25-d1.2-a0.7-sparse,25,1.200000,0.700000,15,2589,1920,ga,curated-textbook,goal-priority,20260927,9,10,true,true,2,3,15,10,1611,0.839063,false,0.000000,0.263692,1.461929,60,40,2440,6325,0.000000,-0.367748,0.000000,1.000000,0.092108,0.500000,0.046054,0.320661,0.300000,0.096198,1.000000,0.200000,0.200000,0.400000,0.500000,-0.200000,1.000000,0.500000,-0.500000,0.100000,0.100000,-0.010000
t25-d1.2-a0.7-sparse,25,1.200000,0.700000,15,2589,1920,ga,curated-textbook,goal-priority,20260928,9,10,true,true,2,3,15,10,1611,0.839063,false,0.000000,0.263692,1.461929,60,40,2440,6260,0.000000,-0.367748,0.000000,1.000000,0.092108,0.500000,0.046054,0.320661,0.300000,0.096198,1.000000,0.200000,0.200000,0.400000,0.500000,-0.200000,1.000000,0.500000,-0.500000,0.100000,0.100000,-0.010000
t25-d1.2-a0.7-sparse,25,1.200000,0.700000,15,2589,1920,ga,curated-textbook,goal-priority,20260929,9,10,true,true,2,3,15,10,1611,0.839063,false,0.000000,0.263692,1.461929,60,40,2440,6478,0.000000,-0.367748,0.000000,1.000000,0.092108,0.500000,0.046054,0.320661,0.300000,0.096198,1.000000,0.200000,0.200000,0.400000,0.500000,-0.200000,1.000000,0.500000,-0.500000,0.100000,0.100000,-0.010000
t25-d1.2-a0.7-sparse,25,1.200000,0.700000,15,2589,1920,ga,all,goal-priority,20260925,13,15,true,true,3,4,16,9,1670,0.869792,false,0.000000,0.259600,1.439243,60,40,2440,6345,0.000000,-0.340418,0.000000,1.000000,0.102206,0.500000,0.051103,0.329829,0.300000,0.098949,1.000000,0.200000,0.200000,0.360000,0.500000,-0.180000,1.000000,0.500000,-0.500000,0.104695,0.100000,-0.010469
t25-d1.2-a0.7-sparse,25,1.200000,0.700000,15,2589,1920,ga,all,goal-priority,20260926,13,15,true,true,3,4,16,9,1670,0.869792,false,0.000000,0.259600,1.439243,60,40,2440,6804,0.000000,-0.340418,0.000000,1.000000,0.102206,0.500000,0.051103,0.329829,0.300000,0.098949,1.000000,0.200000,0.200000,0.360000,0.500000,-0.180000,1.000000,0.500000,-0.500000,0.104695,0.100000,-0.010469
t25-d1.2-a0.7-sparse,25,1.200000,0.700000,15,2589,1920,ga,all,goal-priority,20260927,13,15,true,true,3,4,16,9,1670,0.869792,false,0.000000,0.259600,1.439243,60,40,2440,7655,0.000000,-0.340418,0.000000,1.000000,0.102206,0.500000,0.051103,0.329829,0.300000,0.098949,1.000000,0.200000,0.200000,0.360000,0.500000,-0.180000,1.000000,0.500000,-0.500000,0.104695,0.100000,-0.010469
t25-d1.2-a0.7-sparse,25,1.200000,0.700000,15,2589,1920,ga,all,goal-priority,20260928,13,15,true,true,3,4,16,9,1670,0.869792,false,0.000000,0.259600,1.439243,60,40,2440,6943,0.000000,-0.340418,0.000000,1.000000,0.102206,0.500000,0.051103,0.329829,0.300000,0.098949,1.000000,0.200000,0.200000,0.360000,0.500000,-0.180000,1.000000,0.500000,-0.500000,0.104695,0.100000,-0.010469
t25-d1.2-a0.7-sparse,25,1.200000,0.700000,15,2589,1920,ga,all,goal-priority,20260929,13,15,true,true,3,4,16,9,1670,0.869792,false,0.000000,0.259600,1.439243,60,40,2440,14538,0.000000,-0.340418,0.000000,1.000000,0.102206,0.500000,0.051103,0.329829,0.300000,0.098949,1.000000,0.200000,0.200000,0.360000,0.500000,-0.180000,1.000000,0.500000,-0.500000,0.104695,0.100000,-0.010469
t25-d1.2-a1.0-compact,25,1.200000,1.000000,11,2530,2640,greedy-baseline,curated,goal-priority,20260925,5,5,true,true,3,,17,8,1851,0.701136,false,0.000000,0.299932,1.427921,0,0,0,443,0.000000,-0.253921,0.000000,1.000000,0.134418,0.500000,0.067209,0.548899,0.300000,0.164670,1.000000,0.200000,0.200000,0.320000,0.500000,-0.160000,1.000000,0.500000,-0.500000,0.258000,0.100000,-0.025800
t25-d1.2-a1.0-compact,25,1.200000,1.000000,11,2530,2640,greedy-baseline,curated,goal-priority,20260926,5,5,true,true,3,,17,8,1851,0.701136,false,0.000000,0.299932,1.427921,0,0,0,174,0.000000,-0.253921,0.000000,1.000000,0.134418,0.500000,0.067209,0.548899,0.300000,0.164670,1.000000,0.200000,0.200000,0.320000,0.500000,-0.160000,1.000000,0.500000,-0.500000,0.258000,0.100000,-0.025800
t25-d1.2-a1.0-compact,25,1.200000,1.000000,11,2530,2640,greedy-baseline,curated,goal-priority,20260927,5,5,true,true,3,,17,8,1851,0.701136,false,0.000000,0.299932,1.427921,0,0,0,181,0.000000,-0.253921,0.000000,1.000000,0.134418,0.500000,0.067209,0.548899,0.300000,0.164670,1.000000,0.200000,0.200000,0.320000,0.500000,-0.160000,1.000000,0.500000,-0.500000,0.258000,0.100000,-0.025800
t25-d1.2-a1.0-compact,25,1.200000,1.000000,11,2530,2640,greedy-baseline,curated,goal-priority,20260928,5,5,true,true,3,,17,8,1851,0.701136,false,0.000000,0.299932,1.427921,0,0,0,158,0.000000,-0.253921,0.000000,1.000000,0.134418,0.500000,0.067209,0.548899,0.300000,0.164670,1.000000,0.200000,0.200000,0.320000,0.500000,-0.160000,1.000000,0.500000,-0.500000,0.258000,0.100000,-0.025800
t25-d1.2-a1.0-compact,25,1.200000,1.000000,11,2530,2640,greedy-baseline,curated,goal-priority,20260929,5,5,true,true,3,,17,8,1851,0.701136,false,0.000000,0.299932,1.427921,0,0,0,171,0.000000,-0.253921,0.000000,1.000000,0.134418,0.500000,0.067209,0.548899,0.300000,0.164670,1.000000,0.200000,0.200000,0.320000,0.500000,-0.160000,1.000000,0.500000,-0.500000,0.258000,0.100000,-0.025800
t25-d1.2-a1.0-compact,25,1.200000,1.000000,11,2530,2640,greedy-baseline,curated-textbook,goal-priority,20260925,10,10,true,true,7,,16,9,1808,0.684848,true,0.050000,0.286304,1.843696,0,0,0,170,0.000000,-0.308064,0.000000,1.000000,0.108726,0.500000,0.054363,0.541911,0.300000,0.162573,0.950000,0.200000,0.190000,0.360000,0.500000,-0.180000,1.000000,0.500000,-0.500000,0.350000,0.100000,-0.035000
t25-d1.2-a1.0-compact,25,1.200000,1.000000,11,2530,2640,greedy-baseline,curated-textbook,goal-priority,20260926,10,10,true,true,7,,16,9,1808,0.684848,true,0.050000,0.286304,1.843696,0,0,0,193,0.000000,-0.308064,0.000000,1.000000,0.108726,0.500000,0.054363,0.541911,0.300000,0.162573,0.950000,0.200000,0.190000,0.360000,0.500000,-0.180000,1.000000,0.500000,-0.500000,0.350000,0.100000,-0.035000
t25-d1.2-a1.0-compact,25,1.200000,1.000000,11,2530,2640,greedy-baseline,curated-textbook,goal-priority,20260927,10,10,true,true,7,,16,9,1808,0.684848,true,0.050000,0.286304,1.843696,0,0,0,242,0.000000,-0.308064,0.000000,1.000000,0.108726,0.500000,0.054363,0.541911,0.300000,0.162573,0.950000,0.200000,0.190000,0.360000,0.500000,-0.180000,1.000000,0.500000,-0.500000,0.350000,0.100000,-0.035000
t25-d1.2-a1.0-compact,25,1.200000,1.000000,11,2530,2640,greedy-baseline,curated-textbook,goal-priority,20260928,10,10,true,true,7,,16,9,1808,0.684848,true,0.050000,0.286304,1.843696,0,0,0,182,0.000000,-0.308064,0.000000,1.000000,0.108726,0.500000,0.054363,0.541911,0.300000,0.162573,0.950000,0.200000,0.190000,0.360000,0.500000,-0.180000,1.000000,0.500000,-0.500000,0.350000,0.100000,-0.035000
t25-d1.2-a1.0-compact,25,1.200000,1.000000,11,2530,2640,greedy-baseline,curated-textbook,goal-priority,20260929,10,10,true,true,7,,16,9,1808,0.684848,true,0.050000,0.286304,1.843696,0,0,0,241,0.000000,-0.308064,0.000000,1.000000,0.108726,0.500000,0.054363,0.541911,0.300000,0.162573,0.950000,0.200000,0.190000,0.360000,0.500000,-0.180000,1.000000,0.500000,-0.500000,0.350000,0.100000,-0.035000
t25-d1.2-a1.0-compact,25,1.200000,1.000000,11,2530,2640,greedy-baseline,all,goal-priority,20260925,15,15,true,true,10,,16,9,1808,0.684848,true,0.050000,0.286304,1.843696,0,0,0,186,0.000000,-0.316397,0.000000,1.000000,0.108726,0.500000,0.054363,0.541911,0.300000,0.162573,0.950000,0.200000,0.190000,0.360000,0.500000,-0.180000,1.000000,0.500000,-0.500000,0.433333,0.100000,-0.043333
t25-d1.2-a1.0-compact,25,1.200000,1.000000,11,2530,2640,greedy-baseline,all,goal-priority,20260926,15,15,true,true,10,,16,9,1808,0.684848,true,0.050000,0.286304,1.843696,0,0,0,180,0.000000,-0.316397,0.000000,1.000000,0.108726,0.500000,0.054363,0.541911,0.300000,0.162573,0.950000,0.200000,0.190000,0.360000,0.500000,-0.180000,1.000000,0.500000,-0.500000,0.433333,0.100000,-0.043333
t25-d1.2-a1.0-compact,25,1.200000,1.000000,11,2530,2640,greedy-baseline,all,goal-priority,20260927,15,15,true,true,10,,16,9,1808,0.684848,true,0.050000,0.286304,1.843696,0,0,0,168,0.000000,-0.316397,0.000000,1.000000,0.108726,0.500000,0.054363,0.541911,0.300000,0.162573,0.950000,0.200000,0.190000,0.360000,0.500000,-0.180000,1.000000,0.500000,-0.500000,0.433333,0.100000,-0.043333
t25-d1.2-a1.0-compact,25,1.200000,1.000000,11,2530,2640,greedy-baseline,all,goal-priority,20260928,15,15,true,true,10,,16,9,1808,0.684848,true,0.050000,0.286304,1.843696,0,0,0,193,0.000000,-0.316397,0.000000,1.000000,0.108726,0.500000,0.054363,0.541911,0.300000,0.162573,0.950000,0.200000,0.190000,0.360000,0.500000,-0.180000,1.000000,0.500000,-0.500000,0.433333,0.100000,-0.043333
t25-d1.2-a1.0-compact,25,1.200000,1.000000,11,2530,2640,greedy-baseline,all,goal-priority,20260929,15,15,true,true,10,,16,9,1808,0.684848,true,0.050000,0.286304,1.843696,0,0,0,299,0.000000,-0.316397,0.000000,1.000000,0.108726,0.500000,0.054363,0.541911,0.300000,0.162573,0.950000,0.200000,0.190000,0.360000,0.500000,-0.180000,1.000000,0.500000,-0.500000,0.433333,0.100000,-0.043333
t25-d1.2-a1.0-compact,25,1.200000,1.000000,11,2530,2640,ga,curated,goal-priority,20260925,5,5,true,true,2,1,19,6,2013,0.762500,false,0.000000,0.283902,1.910324,60,40,2440,6669,0.000000,-0.208418,0.000000,1.000000,0.112414,0.500000,0.056207,0.524934,0.300000,0.157480,1.000000,0.200000,0.200000,0.240000,0.500000,-0.120000,0.960000,0.500000,-0.480000,0.221056,0.100000,-0.022106
t25-d1.2-a1.0-compact,25,1.200000,1.000000,11,2530,2640,ga,curated,goal-priority,20260926,5,5,true,true,2,1,21,4,2154,0.815909,false,0.000000,0.266786,1.740187,60,40,2440,6694,0.000000,-0.116604,0.000000,1.000000,0.144528,0.500000,0.072264,0.598473,0.300000,0.179542,1.000000,0.200000,0.200000,0.160000,0.500000,-0.080000,0.960000,0.500000,-0.480000,0.084097,0.100000,-0.008410
t25-d1.2-a1.0-compact,25,1.200000,1.000000,11,2530,2640,ga,curated,goal-priority,20260927,5,5,true,true,2,1,19,6,2010,0.761364,false,0.000000,0.252353,1.820092,60,40,2440,9605,0.000000,-0.208418,0.000000,1.000000,0.112414,0.500000,0.056207,0.524934,0.300000,0.157480,1.000000,0.200000,0.200000,0.240000,0.500000,-0.120000,0.960000,0.500000,-0.480000,0.221056,0.100000,-0.022106
t25-d1.2-a1.0-compact,25,1.200000,1.000000,11,2530,2640,ga,curated,goal-priority,20260928,5,5,true,true,2,1,19,6,2013,0.762500,false,0.000000,0.283902,1.910324,60,40,2440,10292,0.000000,-0.208418,0.000000,1.000000,0.112414,0.500000,0.056207,0.524934,0.300000,0.157480,1.000000,0.200000,0.200000,0.240000,0.500000,-0.120000,0.960000,0.500000,-0.480000,0.221056,0.100000,-0.022106
t25-d1.2-a1.0-compact,25,1.200000,1.000000,11,2530,2640,ga,curated,goal-priority,20260929,5,5,true,true,2,1,19,6,2010,0.761364,false,0.000000,0.252353,1.820092,60,40,2440,6948,0.000000,-0.208418,0.000000,1.000000,0.112414,0.500000,0.056207,0.524934,0.300000,0.157480,1.000000,0.200000,0.200000,0.240000,0.500000,-0.120000,0.960000,0.500000,-0.480000,0.221056,0.100000,-0.022106
t25-d1.2-a1.0-compact,25,1.200000,1.000000,11,2530,2640,ga,curated-textbook,goal-priority,20260925,10,10,true,true,5,0,20,5,2115,0.801136,false,0.000000,0.260643,1.753815,60,40,2440,9034,0.000000,-0.185580,0.000000,1.000000,0.115230,0.500000,0.057615,0.566192,0.300000,0.169858,1.000000,0.200000,0.200000,0.200000,0.500000,-0.100000,0.960000,0.500000,-0.480000,0.330528,0.100000,-0.033053
t25-d1.2-a1.0-compact,25,1.200000,1.000000,11,2530,2640,ga,curated-textbook,goal-priority,20260926,10,10,true,true,5,0,20,5,2044,0.774242,false,0.000000,0.272764,1.779181,60,40,2440,6971,0.000000,-0.205580,0.000000,1.000000,0.115230,0.500000,0.057615,0.566192,0.300000,0.169858,1.000000,0.200000,0.200000,0.200000,0.500000,-0.100000,1.000000,0.500000,-0.500000,0.330528,0.100000,-0.033053
t25-d1.2-a1.0-compact,25,1.200000,1.000000,11,2530,2640,ga,curated-textbook,goal-priority,20260927,10,10,true,true,5,0,19,6,2010,0.761364,false,0.000000,0.252353,1.820092,60,40,2440,6537,0.000000,-0.219349,0.000000,1.000000,0.112414,0.500000,0.056207,0.524934,0.300000,0.157480,1.000000,0.200000,0.200000,0.240000,0.500000,-0.120000,0.960000,0.500000,-0.480000,0.330365,0.100000,-0.033037
t25-d1.2-a1.0-compact,25,1.200000,1.000000,11,2530,2640,ga,curated-textbook,goal-priority,20260928,10,10,true,true,5,0,20,5,2115,0.801136,false,0.000000,0.260643,1.753815,60,40,2440,8580,0.000000,-0.185580,0.000000,1.000000,0.115230,0.500000,0.057615,0.566192,0.300000,0.169858,1.000000,0.200000,0.200000,0.200000,0.500000,-0.100000,0.960000,0.500000,-0.480000,0.330528,0.100000,-0.033053
t25-d1.2-a1.0-compact,25,1.200000,1.000000,11,2530,2640,ga,curated-textbook,goal-priority,20260929,10,10,true,true,5,0,19,6,2010,0.761364,false,0.000000,0.252353,1.820092,60,40,2440,7682,0.000000,-0.219349,0.000000,1.000000,0.112414,0.500000,0.056207,0.524934,0.300000,0.157480,1.000000,0.200000,0.200000,0.240000,0.500000,-0.120000,0.960000,0.500000,-0.480000,0.330365,0.100000,-0.033037
t25-d1.2-a1.0-compact,25,1.200000,1.000000,11,2530,2640,ga,all,goal-priority,20260925,15,15,true,true,7,0,20,5,2115,0.801136,false,0.000000,0.260643,1.753815,60,40,2440,8954,0.000000,-0.179896,0.000000,1.000000,0.115230,0.500000,0.057615,0.566192,0.300000,0.169858,1.000000,0.200000,0.200000,0.200000,0.500000,-0.100000,0.960000,0.500000,-0.480000,0.273685,0.100000,-0.027369
t25-d1.2-a1.0-compact,25,1.200000,1.000000,11,2530,2640,ga,all,goal-priority,20260926,15,15,true,true,7,0,20,5,2044,0.774242,false,0.000000,0.272764,1.779181,60,40,2440,7172,0.000000,-0.200563,0.000000,1.000000,0.115230,0.500000,0.057615,0.566192,0.300000,0.169858,1.000000,0.200000,0.200000,0.200000,0.500000,-0.100000,1.000000,0.500000,-0.500000,0.280352,0.100000,-0.028035
t25-d1.2-a1.0-compact,25,1.200000,1.000000,11,2530,2640,ga,all,goal-priority,20260927,15,15,true,true,7,0,19,6,2010,0.761364,false,0.000000,0.252353,1.820092,60,40,2440,6878,0.000000,-0.214968,0.000000,1.000000,0.112414,0.500000,0.056207,0.524934,0.300000,0.157480,1.000000,0.200000,0.200000,0.240000,0.500000,-0.120000,0.960000,0.500000,-0.480000,0.286556,0.100000,-0.028656
t25-d1.2-a1.0-compact,25,1.200000,1.000000,11,2530,2640,ga,all,goal-priority,20260928,15,15,true,true,7,0,20,5,2115,0.801136,false,0.000000,0.260643,1.753815,60,40,2440,8567,0.000000,-0.179896,0.000000,1.000000,0.115230,0.500000,0.057615,0.566192,0.300000,0.169858,1.000000,0.200000,0.200000,0.200000,0.500000,-0.100000,0.960000,0.500000,-0.480000,0.273685,0.100000,-0.027369
t25-d1.2-a1.0-compact,25,1.200000,1.000000,11,2530,2640,ga,all,goal-priority,20260929,15,15,true,true,7,0,19,6,2010,0.761364,false,0.000000,0.252353,1.820092,60,40,2440,7130,0.000000,-0.214968,0.000000,1.000000,0.112414,0.500000,0.056207,0.524934,0.300000,0.157480,1.000000,0.200000,0.200000,0.240000,0.500000,-0.120000,0.960000,0.500000,-0.480000,0.286556,0.100000,-0.028656
t25-d1.2-a1.0-sparse,25,1.200000,1.000000,23,2794,2880,greedy-baseline,curated,goal-priority,20260925,5,5,true,true,3,,19,6,2120,0.736111,false,0.000000,0.200457,1.902913,0,0,0,302,0.000000,-0.276925,0.000000,1.000000,0.123999,0.500000,0.061999,0.294689,0.300000,0.088407,1.000000,0.200000,0.200000,0.240000,0.500000,-0.120000,1.000000,0.500000,-0.500000,0.073313,0.100000,-0.007331
t25-d1.2-a1.0-sparse,25,1.200000,1.000000,23,2794,2880,greedy-baseline,curated,goal-priority,20260926,5,5,true,true,3,,19,6,2120,0.736111,false,0.000000,0.200457,1.902913,0,0,0,199,0.000000,-0.276925,0.000000,1.000000,0.123999,0.500000,0.061999,0.294689,0.300000,0.088407,1.000000,0.200000,0.200000,0.240000,0.500000,-0.120000,1.000000,0.500000,-0.500000,0.073313,0.100000,-0.007331
t25-d1.2-a1.0-sparse,25,1.200000,1.000000,23,2794,2880,greedy-baseline,curated,goal-priority,20260927,5,5,true,true,3,,19,6,2120,0.736111,false,0.000000,0.200457,1.902913,0,0,0,186,0.000000,-0.276925,0.000000,1.000000,0.123999,0.500000,0.061999,0.294689,0.300000,0.088407,1.000000,0.200000,0.200000,0.240000,0.500000,-0.120000,1.000000,0.500000,-0.500000,0.073313,0.100000,-0.007331
t25-d1.2-a1.0-sparse,25,1.200000,1.000000,23,2794,2880,greedy-baseline,curated,goal-priority,20260928,5,5,true,true,3,,19,6,2120,0.736111,false,0.000000,0.200457,1.902913,0,0,0,185,0.000000,-0.276925,0.000000,1.000000,0.123999,0.500000,0.061999,0.294689,0.300000,0.088407,1.000000,0.200000,0.200000,0.240000,0.500000,-0.120000,1.000000,0.500000,-0.500000,0.073313,0.100000,-0.007331
t25-d1.2-a1.0-sparse,25,1.200000,1.000000,23,2794,2880,greedy-baseline,curated,goal-priority,20260929,5,5,true,true,3,,19,6,2120,0.736111,false,0.000000,0.200457,1.902913,0,0,0,207,0.000000,-0.276925,0.000000,1.000000,0.123999,0.500000,0.061999,0.294689,0.300000,0.088407,1.000000,0.200000,0.200000,0.240000,0.500000,-0.120000,1.000000,0.500000,-0.500000,0.073313,0.100000,-0.007331
t25-d1.2-a1.0-sparse,25,1.200000,1.000000,23,2794,2880,greedy-baseline,curated-textbook,goal-priority,20260925,10,10,true,true,5,,20,5,2144,0.744444,false,0.000000,0.201338,1.911281,0,0,0,195,0.000000,-0.272604,0.000000,1.000000,0.123358,0.500000,0.061679,0.294937,0.300000,0.088481,1.000000,0.200000,0.200000,0.200000,0.500000,-0.100000,1.000000,0.500000,-0.500000,0.227642,0.100000,-0.022764
t25-d1.2-a1.0-sparse,25,1.200000,1.000000,23,2794,2880,greedy-baseline,curated-textbook,goal-priority,20260926,10,10,true,true,5,,20,5,2144,0.744444,false,0.000000,0.201338,1.911281,0,0,0,201,0.000000,-0.272604,0.000000,1.000000,0.123358,0.500000,0.061679,0.294937,0.300000,0.088481,1.000000,0.200000,0.200000,0.200000,0.500000,-0.100000,1.000000,0.500000,-0.500000,0.227642,0.100000,-0.022764
t25-d1.2-a1.0-sparse,25,1.200000,1.000000,23,2794,2880,greedy-baseline,curated-textbook,goal-priority,20260927,10,10,true,true,5,,20,5,2144,0.744444,false,0.000000,0.201338,1.911281,0,0,0,190,0.000000,-0.272604,0.000000,1.000000,0.123358,0.500000,0.061679,0.294937,0.300000,0.088481,1.000000,0.200000,0.200000,0.200000,0.500000,-0.100000,1.000000,0.500000,-0.500000,0.227642,0.100000,-0.022764
t25-d1.2-a1.0-sparse,25,1.200000,1.000000,23,2794,2880,greedy-baseline,curated-textbook,goal-priority,20260928,10,10,true,true,5,,20,5,2144,0.744444,false,0.000000,0.201338,1.911281,0,0,0,202,0.000000,-0.272604,0.000000,1.000000,0.123358,0.500000,0.061679,0.294937,0.300000,0.088481,1.000000,0.200000,0.200000,0.200000,0.500000,-0.100000,1.000000,0.500000,-0.500000,0.227642,0.100000,-0.022764
t25-d1.2-a1.0-sparse,25,1.200000,1.000000,23,2794,2880,greedy-baseline,curated-textbook,goal-priority,20260929,10,10,true,true,5,,20,5,2144,0.744444,false,0.000000,0.201338,1.911281,0,0,0,207,0.000000,-0.272604,0.000000,1.000000,0.123358,0.500000,0.061679,0.294937,0.300000,0.088481,1.000000,0.200000,0.200000,0.200000,0.500000,-0.100000,1.000000,0.500000,-0.500000,0.227642,0.100000,-0.022764
t25-d1.2-a1.0-sparse,25,1.200000,1.000000,23,2794,2880,greedy-baseline,all,goal-priority,20260925,14,14,true,true,6,,21,4,2216,0.769444,false,0.000000,0.195943,1.860067,0,0,0,264,0.000000,-0.251559,0.000000,1.000000,0.125167,0.500000,0.062584,0.301842,0.300000,0.090552,1.000000,0.200000,0.200000,0.160000,0.500000,-0.080000,1.000000,0.500000,-0.500000,0.246946,0.100000,-0.024695
t25-d1.2-a1.0-sparse,25,1.200000,1.000000,23,2794,2880,greedy-baseline,all,goal-priority,20260926,14,14,true,true,6,,21,4,2216,0.769444,false,0.000000,0.195943,1.860067,0,0,0,204,0.000000,-0.251559,0.000000,1.000000,0.125167,0.500000,0.062584,0.301842,0.300000,0.090552,1.000000,0.200000,0.200000,0.160000,0.500000,-0.080000,1.000000,0.500000,-0.500000,0.246946,0.100000,-0.024695
t25-d1.2-a1.0-sparse,25,1.200000,1.000000,23,2794,2880,greedy-baseline,all,goal-priority,20260927,14,14,true,true,6,,21,4,2216,0.769444,false,0.000000,0.195943,1.860067,0,0,0,190,0.000000,-0.251559,0.000000,1.000000,0.125167,0.500000,0.062584,0.301842,0.300000,0.090552,1.000000,0.200000,0.200000,0.160000,0.500000,-0.080000,1.000000,0.500000,-0.500000,0.246946,0.100000,-0.024695
t25-d1.2-a1.0-sparse,25,1.200000,1.000000,23,2794,2880,greedy-baseline,all,goal-priority,20260928,14,14,true,true,6,,21,4,2216,0.769444,false,0.000000,0.195943,1.860067,0,0,0,251,0.000000,-0.251559,0.000000,1.000000,0.125167,0.500000,0.062584,0.301842,0.300000,0.090552,1.000000,0.200000,0.200000,0.160000,0.500000,-0.080000,1.000000,0.500000,-0.500000,0.246946,0.100000,-0.024695
t25-d1.2-a1.0-sparse,25,1.200000,1.000000,23,2794,2880,greedy-baseline,all,goal-priority,20260929,14,14,true,true,6,,21,4,2216,0.769444,false,0.000000,0.195943,1.860067,0,0,0,192,0.000000,-0.251559,0.000000,1.000000,0.125167,0.500000,0.062584,0.301842,0.300000,0.090552,1.000000,0.200000,0.200000,0.160000,0.500000,-0.080000,1.000000,0.500000,-0.500000,0.246946,0.100000,-0.024695
t25-d1.2-a1.0-sparse,25,1.200000,1.000000,23,2794,2880,ga,curated,goal-priority,20260925,5,5,true,true,2,1,19,6,1926,0.668750,false,0.000000,0.215141,1.739949,60,40,2440,6810,0.000000,-0.303253,0.000000,1.000000,0.112414,0.500000,0.056207,0.268465,0.300000,0.080539,1.000000,0.200000,0.200000,0.240000,0.500000,-0.120000,1.000000,0.500000,-0.500000,0.200000,0.100000,-0.020000
t25-d1.2-a1.0-sparse,25,1.200000,1.000000,23,2794,2880,ga,curated,goal-priority,20260926,5,5,true,true,2,1,19,6,1926,0.668750,false,0.000000,0.215141,1.739949,60,40,2440,6622,0.000000,-0.303253,0.000000,1.000000,0.112414,0.500000,0.056207,0.268465,0.300000,0.080539,1.000000,0.200000,0.200000,0.240000,0.500000,-0.120000,1.000000,0.500000,-0.500000,0.200000,0.100000,-0.020000
t25-d1.2-a1.0-sparse,25,1.200000,1.000000,23,2794,2880,ga,curated,goal-priority,20260927,5,5,true,true,2,1,19,6,1926,0.668750,false,0.000000,0.215141,1.739949,60,40,2440,6532,0.000000,-0.303253,0.000000,1.000000,0.112414,0.500000,0.056207,0.268465,0.300000,0.080539,1.000000,0.200000,0.200000,0.240000,0.500000,-0.120000,1.000000,0.500000,-0.500000,0.200000,0.100000,-0.020000
t25-d1.2-a1.0-sparse,25,1.200000,1.000000,23,2794,2880,ga,curated,goal-priority,20260928,5,5,true,true,2,1,19,6,1926,0.668750,false,0.000000,0.215141,1.739949,60,40,2440,6594,0.000000,-0.303253,0.000000,1.000000,0.112414,0.500000,0.056207,0.268465,0.300000,0.080539,1.000000,0.200000,0.200000,0.240000,0.500000,-0.120000,1.000000,0.500000,-0.500000,0.200000,0.100000,-0.020000
t25-d1.2-a1.0-sparse,25,1.200000,1.000000,23,2794,2880,ga,curated,goal-priority,20260929,5,5,true,true,2,1,19,6,1926,0.668750,false,0.000000,0.215141,1.739949,60,40,2440,6589,0.000000,-0.303253,0.000000,1.000000,0.112414,0.500000,0.056207,0.268465,0.300000,0.080539,1.000000,0.200000,0.200000,0.240000,0.500000,-0.120000,1.000000,0.500000,-0.500000,0.200000,0.100000,-0.020000
t25-d1.2-a1.0-sparse,25,1.200000,1.000000,23,2794,2880,ga,curated-textbook,goal-priority,20260925,10,10,true,true,2,3,19,6,1990,0.690972,false,0.000000,0.215510,1.742931,60,40,2440,6765,0.000000,-0.303511,0.000000,1.000000,0.113972,0.500000,0.056986,0.265012,0.300000,0.079504,1.000000,0.200000,0.200000,0.240000,0.500000,-0.120000,1.000000,0.500000,-0.500000,0.200000,0.100000,-0.020000
t25-d1.2-a1.0-sparse,25,1.200000,1.000000,23,2794,2880,ga,curated-textbook,goal-priority,20260926,10,10,true,true,2,3,19,6,1990,0.690972,false,0.000000,0.215510,1.742931,60,40,2440,6754,0.000000,-0.303511,0.000000,1.000000,0.113972,0.500000,0.056986,0.265012,0.300000,0.079504,1.000000,0.200000,0.200000,0.240000,0.500000,-0.120000,1.000000,0.500000,-0.500000,0.200000,0.100000,-0.020000
t25-d1.2-a1.0-sparse,25,1.200000,1.000000,23,2794,2880,ga,curated-textbook,goal-priority,20260927,10,10,true,true,2,3,19,6,1990,0.690972,false,0.000000,0.215510,1.742931,60,40,2440,6493,0.000000,-0.303511,0.000000,1.000000,0.113972,0.500000,0.056986,0.265012,0.300000,0.079504,1.000000,0.200000,0.200000,0.240000,0.500000,-0.120000,1.000000,0.500000,-0.500000,0.200000,0.100000,-0.020000
t25-d1.2-a1.0-sparse,25,1.200000,1.000000,23,2794,2880,ga,curated-textbook,goal-priority,20260928,10,10,true,true,2,3,19,6,1990,0.690972,false,0.000000,0.215510,1.742931,60,40,2440,6442,0.000000,-0.303511,0.000000,1.000000,0.113972,0.500000,0.056986,0.265012,0.300000,0.079504,1.000000,0.200000,0.200000,0.240000,0.500000,-0.120000,1.000000,0.500000,-0.500000,0.200000,0.100000,-0.020000
t25-d1.2-a1.0-sparse,25,1.200000,1.000000,23,2794,2880,ga,curated-textbook,goal-priority,20260929,10,10,true,true,2,3,19,6,1990,0.690972,false,0.000000,0.215510,1.742931,60,40,2440,6622,0.000000,-0.303511,0.000000,1.000000,0.113972,0.500000,0.056986,0.265012,0.300000,0.079504,1.000000,0.200000,0.200000,0.240000,0.500000,-0.120000,1.000000,0.500000,-0.500000,0.200000,0.100000,-0.020000
t25-d1.2-a1.0-sparse,25,1.200000,1.000000,23,2794,2880,ga,all,goal-priority,20260925,14,14,true,true,3,4,18,7,1953,0.678125,false,0.000000,0.229523,1.856263,60,40,2440,6437,0.000000,-0.334237,0.000000,1.000000,0.108226,0.500000,0.054113,0.243594,0.300000,0.073078,1.000000,0.200000,0.200000,0.280000,0.500000,-0.140000,1.000000,0.500000,-0.500000,0.214286,0.100000,-0.021429
t25-d1.2-a1.0-sparse,25,1.200000,1.000000,23,2794,2880,ga,all,goal-priority,20260926,14,14,true,true,3,4,18,7,1953,0.678125,false,0.000000,0.229523,1.856263,60,40,2440,6719,0.000000,-0.334237,0.000000,1.000000,0.108226,0.500000,0.054113,0.243594,0.300000,0.073078,1.000000,0.200000,0.200000,0.280000,0.500000,-0.140000,1.000000,0.500000,-0.500000,0.214286,0.100000,-0.021429
t25-d1.2-a1.0-sparse,25,1.200000,1.000000,23,2794,2880,ga,all,goal-priority,20260927,14,14,true,true,3,4,18,7,1953,0.678125,false,0.000000,0.229523,1.856263,60,40,2440,6892,0.000000,-0.334237,0.000000,1.000000,0.108226,0.500000,0.054113,0.243594,0.300000,0.073078,1.000000,0.200000,0.200000,0.280000,0.500000,-0.140000,1.000000,0.500000,-0.500000,0.214286,0.100000,-0.021429
t25-d1.2-a1.0-sparse,25,1.200000,1.000000,23,2794,2880,ga,all,goal-priority,20260928,14,14,true,true,3,4,18,7,1953,0.678125,false,0.000000,0.229523,1.856263,60,40,2440,7120,0.000000,-0.334237,0.000000,1.000000,0.108226,0.500000,0.054113,0.243594,0.300000,0.073078,1.000000,0.200000,0.200000,0.280000,0.500000,-0.140000,1.000000,0.500000,-0.500000,0.214286,0.100000,-0.021429
t25-d1.2-a1.0-sparse,25,1.200000,1.000000,23,2794,2880,ga,all,goal-priority,20260929,14,14,true,true,3,4,18,7,1953,0.678125,false,0.000000,0.229523,1.856263,60,40,2440,6480,0.000000,-0.334237,0.000000,1.000000,0.108226,0.500000,0.054113,0.243594,0.300000,0.073078,1.000000,0.200000,0.200000,0.280000,0.500000,-0.140000,1.000000,0.500000,-0.500000,0.214286,0.100000,-0.021429
t25-d1.2-a1.5-compact,25,1.200000,1.500000,15,2366,3600,greedy-baseline,curated,goal-priority,20260925,5,5,true,true,4,,25,0,2366,0.657222,false,0.000000,0.285547,1.797575,0,0,0,298,0.000000,-0.086055,0.000000,1.000000,0.149117,0.500000,0.074558,0.537801,0.300000,0.161340,1.000000,0.200000,0.200000,0.000000,0.500000,-0.000000,1.000000,0.500000,-0.500000,0.219537,0.100000,-0.021954
t25-d1.2-a1.5-compact,25,1.200000,1.500000,15,2366,3600,greedy-baseline,curated,goal-priority,20260926,5,5,true,true,4,,25,0,2366,0.657222,false,0.000000,0.285547,1.797575,0,0,0,243,0.000000,-0.086055,0.000000,1.000000,0.149117,0.500000,0.074558,0.537801,0.300000,0.161340,1.000000,0.200000,0.200000,0.000000,0.500000,-0.000000,1.000000,0.500000,-0.500000,0.219537,0.100000,-0.021954
t25-d1.2-a1.5-compact,25,1.200000,1.500000,15,2366,3600,greedy-baseline,curated,goal-priority,20260927,5,5,true,true,4,,25,0,2366,0.657222,false,0.000000,0.285547,1.797575,0,0,0,238,0.000000,-0.086055,0.000000,1.000000,0.149117,0.500000,0.074558,0.537801,0.300000,0.161340,1.000000,0.200000,0.200000,0.000000,0.500000,-0.000000,1.000000,0.500000,-0.500000,0.219537,0.100000,-0.021954
t25-d1.2-a1.5-compact,25,1.200000,1.500000,15,2366,3600,greedy-baseline,curated,goal-priority,20260928,5,5,true,true,4,,25,0,2366,0.657222,false,0.000000,0.285547,1.797575,0,0,0,177,0.000000,-0.086055,0.000000,1.000000,0.149117,0.500000,0.074558,0.537801,0.300000,0.161340,1.000000,0.200000,0.200000,0.000000,0.500000,-0.000000,1.000000,0.500000,-0.500000,0.219537,0.100000,-0.021954
t25-d1.2-a1.5-compact,25,1.200000,1.500000,15,2366,3600,greedy-baseline,curated,goal-priority,20260929,5,5,true,true,4,,25,0,2366,0.657222,false,0.000000,0.285547,1.797575,0,0,0,177,0.000000,-0.086055,0.000000,1.000000,0.149117,0.500000,0.074558,0.537801,0.300000,0.161340,1.000000,0.200000,0.200000,0.000000,0.500000,-0.000000,1.000000,0.500000,-0.500000,0.219537,0.100000,-0.021954
t25-d1.2-a1.5-compact,25,1.200000,1.500000,15,2366,3600,greedy-baseline,curated-textbook,goal-priority,20260925,8,10,true,true,4,,25,0,2366,0.657222,false,0.000000,0.285547,1.797575,0,0,0,214,0.000000,-0.075078,0.000000,1.000000,0.149117,0.500000,0.074558,0.537801,0.300000,0.161340,1.000000,0.200000,0.200000,0.000000,0.500000,-0.000000,1.000000,0.500000,-0.500000,0.109769,0.100000,-0.010977
t25-d1.2-a1.5-compact,25,1.200000,1.500000,15,2366,3600,greedy-baseline,curated-textbook,goal-priority,20260926,8,10,true,true,4,,25,0,2366,0.657222,false,0.000000,0.285547,1.797575,0,0,0,302,0.000000,-0.075078,0.000000,1.000000,0.149117,0.500000,0.074558,0.537801,0.300000,0.161340,1.000000,0.200000,0.200000,0.000000,0.500000,-0.000000,1.000000,0.500000,-0.500000,0.109769,0.100000,-0.010977
t25-d1.2-a1.5-compact,25,1.200000,1.500000,15,2366,3600,greedy-baseline,curated-textbook,goal-priority,20260927,8,10,true,true,4,,25,0,2366,0.657222,false,0.000000,0.285547,1.797575,0,0,0,197,0.000000,-0.075078,0.000000,1.000000,0.149117,0.500000,0.074558,0.537801,0.300000,0.161340,1.000000,0.200000,0.200000,0.000000,0.500000,-0.000000,1.000000,0.500000,-0.500000,0.109769,0.100000,-0.010977
t25-d1.2-a1.5-compact,25,1.200000,1.500000,15,2366,3600,greedy-baseline,curated-textbook,goal-priority,20260928,8,10,true,true,4,,25,0,2366,0.657222,false,0.000000,0.285547,1.797575,0,0,0,188,0.000000,-0.075078,0.000000,1.000000,0.149117,0.500000,0.074558,0.537801,0.300000,0.161340,1.000000,0.200000,0.200000,0.000000,0.500000,-0.000000,1.000000,0.500000,-0.500000,0.109769,0.100000,-0.010977
t25-d1.2-a1.5-compact,25,1.200000,1.500000,15,2366,3600,greedy-baseline,curated-textbook,goal-priority,20260929,8,10,true,true,4,,25,0,2366,0.657222,false,0.000000,0.285547,1.797575,0,0,0,187,0.000000,-0.075078,0.000000,1.000000,0.149117,0.500000,0.074558,0.537801,0.300000,0.161340,1.000000,0.200000,0.200000,0.000000,0.500000,-0.000000,1.000000,0.500000,-0.500000,0.109769,0.100000,-0.010977
t25-d1.2-a1.5-compact,25,1.200000,1.500000,15,2366,3600,greedy-baseline,all,goal-priority,20260925,12,15,true,true,8,,25,0,2366,0.657222,false,0.000000,0.339722,1.863681,0,0,0,191,0.000000,-0.075707,0.000000,1.000000,0.149117,0.500000,0.074558,0.537801,0.300000,0.161340,1.000000,0.200000,0.200000,0.000000,0.500000,-0.000000,1.000000,0.500000,-0.500000,0.116061,0.100000,-0.011606
t25-d1.2-a1.5-compact,25,1.200000,1.500000,15,2366,3600,greedy-baseline,all,goal-priority,20260926,12,15,true,true,8,,25,0,2366,0.657222,false,0.000000,0.339722,1.863681,0,0,0,235,0.000000,-0.075707,0.000000,1.000000,0.149117,0.500000,0.074558,0.537801,0.300000,0.161340,1.000000,0.200000,0.200000,0.000000,0.500000,-0.000000,1.000000,0.500000,-0.500000,0.116061,0.100000,-0.011606
t25-d1.2-a1.5-compact,25,1.200000,1.500000,15,2366,3600,greedy-baseline,all,goal-priority,20260927,12,15,true,true,8,,25,0,2366,0.657222,false,0.000000,0.339722,1.863681,0,0,0,378,0.000000,-0.075707,0.000000,1.000000,0.149117,0.500000,0.074558,0.537801,0.300000,0.161340,1.000000,0.200000,0.200000,0.000000,0.500000,-0.000000,1.000000,0.500000,-0.500000,0.116061,0.100000,-0.011606
t25-d1.2-a1.5-compact,25,1.200000,1.500000,15,2366,3600,greedy-baseline,all,goal-priority,20260928,12,15,true,true,8,,25,0,2366,0.657222,false,0.000000,0.339722,1.863681,0,0,0,201,0.000000,-0.075707,0.000000,1.000000,0.149117,0.500000,0.074558,0.537801,0.300000,0.161340,1.000000,0.200000,0.200000,0.000000,0.500000,-0.000000,1.000000,0.500000,-0.500000,0.116061,0.100000,-0.011606
t25-d1.2-a1.5-compact,25,1.200000,1.500000,15,2366,3600,greedy-baseline,all,goal-priority,20260929,12,15,true,true,8,,25,0,2366,0.657222,false,0.000000,0.339722,1.863681,0,0,0,249,0.000000,-0.075707,0.000000,1.000000,0.149117,0.500000,0.074558,0.537801,0.300000,0.161340,1.000000,0.200000,0.200000,0.000000,0.500000,-0.000000,1.000000,0.500000,-0.500000,0.116061,0.100000,-0.011606
t25-d1.2-a1.5-compact,25,1.200000,1.500000,15,2366,3600,ga,curated,goal-priority,20260925,5,5,true,true,1,3,24,1,2836,0.787778,false,0.000000,0.144721,2.079309,60,40,2440,6345,0.074497,0.074497,0.074497,1.000000,0.165008,0.500000,0.082504,0.573310,0.300000,0.171993,1.000000,0.200000,0.200000,0.040000,0.500000,-0.020000,0.680000,0.500000,-0.340000,0.200000,0.100000,-0.020000
t25-d1.2-a1.5-compact,25,1.200000,1.500000,15,2366,3600,ga,curated,goal-priority,20260926,5,5,true,true,1,3,24,1,2916,0.810000,false,0.000000,0.198115,1.877133,60,40,2440,6568,0.109993,0.109993,0.109993,1.000000,0.164703,0.500000,0.082352,0.558806,0.300000,0.167642,1.000000,0.200000,0.200000,0.040000,0.500000,-0.020000,0.600000,0.500000,-0.300000,0.200000,0.100000,-0.020000
t25-d1.2-a1.5-compact,25,1.200000,1.500000,15,2366,3600,ga,curated,goal-priority,20260927,5,5,true,true,1,3,25,0,3050,0.847222,false,0.000000,0.182809,1.824933,60,40,2440,6730,0.126423,0.126423,0.126423,1.000000,0.181838,0.500000,0.090919,0.585147,0.300000,0.175544,1.000000,0.200000,0.200000,0.000000,0.500000,-0.000000,0.680000,0.500000,-0.340000,0.000396,0.100000,-0.000040
t25-d1.2-a1.5-compact,25,1.200000,1.500000,15,2366,3600,ga,curated,goal-priority,20260928,5,5,true,true,1,3,25,0,2989,0.830278,false,0.000000,0.209917,1.883869,60,40,2440,6371,0.120703,0.120703,0.120703,1.000000,0.181533,0.500000,0.090767,0.570642,0.300000,0.171193,1.000000,0.200000,0.200000,0.000000,0.500000,-0.000000,0.680000,0.500000,-0.340000,0.012560,0.100000,-0.001256
t25-d1.2-a1.5-compact,25,1.200000,1.500000,15,2366,3600,ga,curated,goal-priority,20260929,5,5,true,true,1,3,24,1,2878,0.799444,false,0.000000,0.188073,2.010157,60,40,2440,9564,0.080671,0.080671,0.080671,1.000000,0.162802,0.500000,0.081401,0.597565,0.300000,0.179270,1.000000,0.200000,0.200000,0.040000,0.500000,-0.020000,0.680000,0.500000,-0.340000,0.200000,0.100000,-0.020000
t25-d1.2-a1.5-compact,25,1.200000,1.500000,15,2366,3600,ga,curated-textbook,goal-priority,20260925,8,10,true,true,2,3,24,1,2836,0.787778,false,0.000000,0.144721,2.079309,60,40,2440,9152,0.080920,0.080920,0.080920,1.000000,0.165008,0.500000,0.082504,0.573310,0.300000,0.171993,1.000000,0.200000,0.200000,0.040000,0.500000,-0.020000,0.680000,0.500000,-0.340000,0.135768,0.100000,-0.013577
t25-d1.2-a1.5-compact,25,1.200000,1.500000,15,2366,3600,ga,curated-textbook,goal-priority,20260926,8,10,true,true,1,4,22,3,2749,0.763611,false,0.000000,0.207808,1.968974,60,40,2440,9045,0.079901,0.079901,0.079901,1.000000,0.160399,0.500000,0.080199,0.532339,0.300000,0.159702,1.000000,0.200000,0.200000,0.120000,0.500000,-0.060000,0.600000,0.500000,-0.300000,0.000000,0.100000,-0.000000
t25-d1.2-a1.5-compact,25,1.200000,1.500000,15,2366,3600,ga,curated-textbook,goal-priority,20260927,8,10,true,true,1,4,24,1,2884,0.801111,false,0.000000,0.187733,1.874087,60,40,2440,8072,0.084497,0.084497,0.084497,1.000000,0.165008,0.500000,0.082504,0.573310,0.300000,0.171993,1.000000,0.200000,0.200000,0.040000,0.500000,-0.020000,0.680000,0.500000,-0.340000,0.100000,0.100000,-0.010000
t25-d1.2-a1.5-compact,25,1.200000,1.500000,15,2366,3600,ga,curated-textbook,goal-priority,20260928,8,10,true,true,2,3,25,0,2989,0.830278,false,0.000000,0.209917,1.883869,60,40,2440,6511,0.118453,0.118453,0.118453,1.000000,0.181533,0.500000,0.090767,0.570642,0.300000,0.171193,1.000000,0.200000,0.200000,0.000000,0.500000,-0.000000,0.680000,0.500000,-0.340000,0.035064,0.100000,-0.003506
t25-d1.2-a1.5-compact,25,1.200000,1.500000,15,2366,3600,ga,curated-textbook,goal-priority,20260929,8,10,true,true,1,4,24,1,2878,0.799444,false,0.000000,0.188073,2.010157,60,40,2440,6598,0.090671,0.090671,0.090671,1.000000,0.162802,0.500000,0.081401,0.597565,0.300000,0.179270,1.000000,0.200000,0.200000,0.040000,0.500000,-0.020000,0.680000,0.500000,-0.340000,0.100000,0.100000,-0.010000
t25-d1.2-a1.5-compact,25,1.200000,1.500000,15,2366,3600,ga,all,goal-priority,20260925,12,15,true,true,3,4,20,5,2551,0.708611,false,0.000000,0.166732,1.452558,60,40,2440,6487,0.000000,-0.036581,0.000000,1.000000,0.147952,0.500000,0.073976,0.453698,0.300000,0.136109,1.000000,0.200000,0.200000,0.200000,0.500000,-0.100000,0.680000,0.500000,-0.340000,0.066667,0.100000,-0.006667
t25-d1.2-a1.5-compact,25,1.200000,1.500000,15,2366,3600,ga,all,goal-priority,20260926,12,15,true,true,2,5,24,1,2916,0.810000,false,0.000000,0.198115,1.711360,60,40,2440,6447,0.116660,0.116660,0.116660,1.000000,0.164703,0.500000,0.082352,0.558806,0.300000,0.167642,1.000000,0.200000,0.200000,0.040000,0.500000,-0.020000,0.600000,0.500000,-0.300000,0.133333,0.100000,-0.013333
t25-d1.2-a1.5-compact,25,1.200000,1.500000,15,2366,3600,ga,all,goal-priority,20260927,12,15,true,true,2,5,24,1,2884,0.801111,false,0.000000,0.197793,1.747526,60,40,2440,7756,0.081164,0.081164,0.081164,1.000000,0.165008,0.500000,0.082504,0.573310,0.300000,0.171993,1.000000,0.200000,0.200000,0.040000,0.500000,-0.020000,0.680000,0.500000,-0.340000,0.133333,0.100000,-0.013333
t25-d1.2-a1.5-compact,25,1.200000,1.500000,15,2366,3600,ga,all,goal-priority,20260928,12,15,true,true,3,5,22,3,2736,0.760000,false,0.000000,0.227225,1.644597,60,40,2440,6540,0.030222,0.030222,0.030222,1.000000,0.160057,0.500000,0.080029,0.510127,0.300000,0.153038,1.000000,0.200000,0.200000,0.120000,0.500000,-0.060000,0.680000,0.500000,-0.340000,0.028449,0.100000,-0.002845
t25-d1.2-a1.5-compact,25,1.200000,1.500000,15,2366,3600,ga,all,goal-priority,20260929,12,15,true,true,2,5,24,1,2878,0.799444,false,0.000000,0.188073,1.553080,60,40,2440,6516,0.076343,0.076343,0.076343,1.000000,0.155017,0.500000,0.077508,0.573892,0.300000,0.172168,1.000000,0.200000,0.200000,0.040000,0.500000,-0.020000,0.680000,0.500000,-0.340000,0.133333,0.100000,-0.013333
t25-d1.2-a1.5-sparse,25,1.200000,1.500000,33,2717,4080,greedy-baseline,curated,goal-priority,20260925,5,5,true,true,1,,25,0,2717,0.665931,false,0.000000,0.286383,1.847301,0,0,0,248,0.000000,-0.169200,0.000000,1.000000,0.149117,0.500000,0.074558,0.244455,0.300000,0.073336,1.000000,0.200000,0.200000,0.000000,0.500000,-0.000000,1.000000,0.500000,-0.500000,0.170949,0.100000,-0.017095
t25-d1.2-a1.5-sparse,25,1.200000,1.500000,33,2717,4080,greedy-baseline,curated,goal-priority,20260926,5,5,true,true,1,,25,0,2717,0.665931,false,0.000000,0.286383,1.847301,0,0,0,209,0.000000,-0.169200,0.000000,1.000000,0.149117,0.500000,0.074558,0.244455,0.300000,0.073336,1.000000,0.200000,0.200000,0.000000,0.500000,-0.000000,1.000000,0.500000,-0.500000,0.170949,0.100000,-0.017095
t25-d1.2-a1.5-sparse,25,1.200000,1.500000,33,2717,4080,greedy-baseline,curated,goal-priority,20260927,5,5,true,true,1,,25,0,2717,0.665931,false,0.000000,0.286383,1.847301,0,0,0,251,0.000000,-0.169200,0.000000,1.000000,0.149117,0.500000,0.074558,0.244455,0.300000,0.073336,1.000000,0.200000,0.200000,0.000000,0.500000,-0.000000,1.000000,0.500000,-0.500000,0.170949,0.100000,-0.017095
t25-d1.2-a1.5-sparse,25,1.200000,1.500000,33,2717,4080,greedy-baseline,curated,goal-priority,20260928,5,5,true,true,1,,25,0,2717,0.665931,false,0.000000,0.286383,1.847301,0,0,0,165,0.000000,-0.169200,0.000000,1.000000,0.149117,0.500000,0.074558,0.244455,0.300000,0.073336,1.000000,0.200000,0.200000,0.000000,0.500000,-0.000000,1.000000,0.500000,-0.500000,0.170949,0.100000,-0.017095
t25-d1.2-a1.5-sparse,25,1.200000,1.500000,33,2717,4080,greedy-baseline,curated,goal-priority,20260929,5,5,true,true,1,,25,0,2717,0.665931,false,0.000000,0.286383,1.847301,0,0,0,197,0.000000,-0.169200,0.000000,1.000000,0.149117,0.500000,0.074558,0.244455,0.300000,0.073336,1.000000,0.200000,0.200000,0.000000,0.500000,-0.000000,1.000000,0.500000,-0.500000,0.170949,0.100000,-0.017095
t25-d1.2-a1.5-sparse,25,1.200000,1.500000,33,2717,4080,greedy-baseline,curated-textbook,goal-priority,20260925,10,10,true,true,5,,25,0,2717,0.665931,false,0.000000,0.309492,1.847301,0,0,0,190,0.000000,-0.171372,0.000000,1.000000,0.149117,0.500000,0.074558,0.244455,0.300000,0.073336,1.000000,0.200000,0.200000,0.000000,0.500000,-0.000000,1.000000,0.500000,-0.500000,0.192669,0.100000,-0.019267
t25-d1.2-a1.5-sparse,25,1.200000,1.500000,33,2717,4080,greedy-baseline,curated-textbook,goal-priority,20260926,10,10,true,true,5,,25,0,2717,0.665931,false,0.000000,0.309492,1.847301,0,0,0,186,0.000000,-0.171372,0.000000,1.000000,0.149117,0.500000,0.074558,0.244455,0.300000,0.073336,1.000000,0.200000,0.200000,0.000000,0.500000,-0.000000,1.000000,0.500000,-0.500000,0.192669,0.100000,-0.019267
t25-d1.2-a1.5-sparse,25,1.200000,1.500000,33,2717,4080,greedy-baseline,curated-textbook,goal-priority,20260927,10,10,true,true,5,,25,0,2717,0.665931,false,0.000000,0.309492,1.847301,0,0,0,222,0.000000,-0.171372,0.000000,1.000000,0.149117,0.500000,0.074558,0.244455,0.300000,0.073336,1.000000,0.200000,0.200000,0.000000,0.500000,-0.000000,1.000000,0.500000,-0.500000,0.192669,0.100000,-0.019267
t25-d1.2-a1.5-sparse,25,1.200000,1.500000,33,2717,4080,greedy-baseline,curated-textbook,goal-priority,20260928,10,10,true,true,5,,25,0,2717,0.665931,false,0.000000,0.309492,1.847301,0,0,0,174,0.000000,-0.171372,0.000000,1.000000,0.149117,0.500000,0.074558,0.244455,0.300000,0.073336,1.000000,0.200000,0.200000,0.000000,0.500000,-0.000000,1.000000,0.500000,-0.500000,0.192669,0.100000,-0.019267
t25-d1.2-a1.5-sparse,25,1.200000,1.500000,33,2717,4080,greedy-baseline,curated-textbook,goal-priority,20260929,10,10,true,true,5,,25,0,2717,0.665931,false,0.000000,0.309492,1.847301,0,0,0,169,0.000000,-0.171372,0.000000,1.000000,0.149117,0.500000,0.074558,0.244455,0.300000,0.073336,1.000000,0.200000,0.200000,0.000000,0.500000,-0.000000,1.000000,0.500000,-0.500000,0.192669,0.100000,-0.019267
t25-d1.2-a1.5-sparse,25,1.200000,1.500000,33,2717,4080,greedy-baseline,all,goal-priority,20260925,15,15,true,true,9,,25,0,2717,0.665931,false,0.000000,0.309492,1.553313,0,0,0,191,0.000000,-0.172142,0.000000,1.000000,0.149117,0.500000,0.074558,0.244455,0.300000,0.073336,1.000000,0.200000,0.200000,0.000000,0.500000,-0.000000,1.000000,0.500000,-0.500000,0.200372,0.100000,-0.020037
t25-d1.2-a1.5-sparse,25,1.200000,1.500000,33,2717,4080,greedy-baseline,all,goal-priority,20260926,15,15,true,true,9,,25,0,2717,0.665931,false,0.000000,0.309492,1.553313,0,0,0,177,0.000000,-0.172142,0.000000,1.000000,0.149117,0.500000,0.074558,0.244455,0.300000,0.073336,1.000000,0.200000,0.200000,0.000000,0.500000,-0.000000,1.000000,0.500000,-0.500000,0.200372,0.100000,-0.020037
t25-d1.2-a1.5-sparse,25,1.200000,1.500000,33,2717,4080,greedy-baseline,all,goal-priority,20260927,15,15,true,true,9,,25,0,2717,0.665931,false,0.000000,0.309492,1.553313,0,0,0,180,0.000000,-0.172142,0.000000,1.000000,0.149117,0.500000,0.074558,0.244455,0.300000,0.073336,1.000000,0.200000,0.200000,0.000000,0.500000,-0.000000,1.000000,0.500000,-0.500000,0.200372,0.100000,-0.020037
t25-d1.2-a1.5-sparse,25,1.200000,1.500000,33,2717,4080,greedy-baseline,all,goal-priority,20260928,15,15,true,true,9,,25,0,2717,0.665931,false,0.000000,0.309492,1.553313,0,0,0,218,0.000000,-0.172142,0.000000,1.000000,0.149117,0.500000,0.074558,0.244455,0.300000,0.073336,1.000000,0.200000,0.200000,0.000000,0.500000,-0.000000,1.000000,0.500000,-0.500000,0.200372,0.100000,-0.020037
t25-d1.2-a1.5-sparse,25,1.200000,1.500000,33,2717,4080,greedy-baseline,all,goal-priority,20260929,15,15,true,true,9,,25,0,2717,0.665931,false,0.000000,0.309492,1.553313,0,0,0,187,0.000000,-0.172142,0.000000,1.000000,0.149117,0.500000,0.074558,0.244455,0.300000,0.073336,1.000000,0.200000,0.200000,0.000000,0.500000,-0.000000,1.000000,0.500000,-0.500000,0.200372,0.100000,-0.020037
t25-d1.2-a1.5-sparse,25,1.200000,1.500000,33,2717,4080,ga,curated,goal-priority,20260925,5,5,true,true,1,1,22,3,3106,0.761275,false,0.000000,0.335414,1.833479,60,40,2440,6564,0.000000,-0.010784,0.000000,1.000000,0.169266,0.500000,0.084633,0.281943,0.300000,0.084583,1.000000,0.200000,0.200000,0.120000,0.500000,-0.060000,0.600000,0.500000,-0.300000,0.200000,0.100000,-0.020000
t25-d1.2-a1.5-sparse,25,1.200000,1.500000,33,2717,4080,ga,curated,goal-priority,20260926,5,5,true,true,0,2,25,0,3378,0.827941,false,0.000000,0.334767,1.754210,60,40,2440,8723,0.078320,0.078320,0.078320,1.000000,0.174141,0.500000,0.087070,0.304166,0.300000,0.091250,1.000000,0.200000,0.200000,0.000000,0.500000,-0.000000,0.600000,0.500000,-0.300000,0.000000,0.100000,-0.000000
t25-d1.2-a1.5-sparse,25,1.200000,1.500000,33,2717,4080,ga,curated,goal-priority,20260927,5,5,true,true,1,2,23,2,3206,0.785784,false,0.000000,0.350654,1.766724,60,40,2440,6339,0.018754,0.018754,0.018754,1.000000,0.178682,0.500000,0.089341,0.285543,0.300000,0.085663,1.000000,0.200000,0.200000,0.080000,0.500000,-0.040000,0.600000,0.500000,-0.300000,0.162500,0.100000,-0.016250
t25-d1.2-a1.5-sparse,25,1.200000,1.500000,33,2717,4080,ga,curated,goal-priority,20260928,5,5,true,true,1,1,21,4,2950,0.723039,false,0.000000,0.187050,1.889688,60,40,2440,6499,0.000000,-0.065359,0.000000,1.000000,0.156257,0.500000,0.078128,0.255043,0.300000,0.076513,1.000000,0.200000,0.200000,0.160000,0.500000,-0.080000,0.640000,0.500000,-0.320000,0.200000,0.100000,-0.020000
t25-d1.2-a1.5-sparse,25,1.200000,1.500000,33,2717,4080,ga,curated,goal-priority,20260929,5,5,true,true,1,1,22,3,3073,0.753186,false,0.000000,0.338200,1.848710,60,40,2440,7032,0.000000,-0.008339,0.000000,1.000000,0.174498,0.500000,0.087249,0.281375,0.300000,0.084413,1.000000,0.200000,0.200000,0.120000,0.500000,-0.060000,0.600000,0.500000,-0.300000,0.200000,0.100000,-0.020000
t25-d1.2-a1.5-sparse,25,1.200000,1.500000,33,2717,4080,ga,curated-textbook,goal-priority,20260925,10,10,true,true,3,3,23,2,3159,0.774265,false,0.000000,0.353379,1.791657,60,40,2440,6757,0.000000,-0.018177,0.000000,1.000000,0.158607,0.500000,0.079303,0.281375,0.300000,0.084413,1.000000,0.200000,0.200000,0.080000,0.500000,-0.040000,0.640000,0.500000,-0.320000,0.218934,0.100000,-0.021893
t25-d1.2-a1.5-sparse,25,1.200000,1.500000,33,2717,4080,ga,curated-textbook,goal-priority,20260926,10,10,true,true,2,2,23,2,3153,0.772794,false,0.000000,0.289171,1.880184,60,40,2440,6829,0.016315,0.016315,0.016315,1.000000,0.169836,0.500000,0.084918,0.292136,0.300000,0.087641,1.000000,0.200000,0.200000,0.080000,0.500000,-0.040000,0.600000,0.500000,-0.300000,0.162442,0.100000,-0.016244
t25-d1.2-a1.5-sparse,25,1.200000,1.500000,33,2717,4080,ga,curated-textbook,goal-priority,20260927,10,10,true,true,3,2,23,2,3206,0.785784,false,0.000000,0.304986,1.947174,60,40,2440,6981,0.010889,0.010889,0.010889,1.000000,0.175010,0.500000,0.087505,0.286226,0.300000,0.085868,1.000000,0.200000,0.200000,0.080000,0.500000,-0.040000,0.600000,0.500000,-0.300000,0.224833,0.100000,-0.022483
t25-d1.2-a1.5-sparse,25,1.200000,1.500000,33,2717,4080,ga,curated-textbook,goal-priority,20260928,10,10,true,true,3,2,22,3,3084,0.755882,false,0.000000,0.304608,1.941009,60,40,2440,6417,0.000000,-0.049318,0.000000,1.000000,0.155454,0.500000,0.077727,0.243185,0.300000,0.072955,1.000000,0.200000,0.200000,0.120000,0.500000,-0.060000,0.640000,0.500000,-0.320000,0.200000,0.100000,-0.020000
t25-d1.2-a1.5-sparse,25,1.200000,1.500000,33,2717,4080,ga,curated-textbook,goal-priority,20260929,10,10,true,true,3,3,23,2,3186,0.780882,false,0.000000,0.359518,1.822785,60,40,2440,6374,0.012818,0.012818,0.012818,1.000000,0.177864,0.500000,0.088932,0.283782,0.300000,0.085134,1.000000,0.200000,0.200000,0.080000,0.500000,-0.040000,0.600000,0.500000,-0.300000,0.212487,0.100000,-0.021249
t25-d1.2-a1.5-sparse,25,1.200000,1.500000,33,2717,4080,ga,all,goal-priority,20260925,15,15,true,true,5,2,24,1,3222,0.789706,false,0.000000,0.336978,1.708503,60,40,2440,6320,0.000653,0.000653,0.000653,1.000000,0.146081,0.500000,0.073041,0.288026,0.300000,0.086408,1.000000,0.200000,0.200000,0.040000,0.500000,-0.020000,0.640000,0.500000,-0.320000,0.187950,0.100000,-0.018795
t25-d1.2-a1.5-sparse,25,1.200000,1.500000,33,2717,4080,ga,all,goal-priority,20260926,15,15,true,true,5,4,25,0,3297,0.808088,false,0.000000,0.272431,1.771346,60,40,2440,7032,0.042567,0.042567,0.042567,1.000000,0.165028,0.500000,0.082514,0.311289,0.300000,0.093387,1.000000,0.200000,0.200000,0.000000,0.500000,-0.000000,0.640000,0.500000,-0.320000,0.133329,0.100000,-0.013333
t25-d1.2-a1.5-sparse,25,1.200000,1.500000,33,2717,4080,ga,all,goal-priority,20260927,15,15,true,true,5,4,23,2,3076,0.753922,false,0.000000,0.309960,1.978926,60,40,2440,6294,0.000000,-0.021252,0.000000,1.000000,0.149078,0.500000,0.074539,0.277872,0.300000,0.083362,1.000000,0.200000,0.200000,0.080000,0.500000,-0.040000,0.640000,0.500000,-0.320000,0.191529,0.100000,-0.019153
t25-d1.2-a1.5-sparse,25,1.200000,1.500000,33,2717,4080,ga,all,goal-priority,20260928,15,15,true,true,4,1,24,1,3116,0.763725,false,0.000000,0.280581,1.787905,60,40,2440,6757,0.000000,-0.028524,0.000000,1.000000,0.136640,0.500000,0.068320,0.260596,0.300000,0.078179,1.000000,0.200000,0.200000,0.040000,0.500000,-0.020000,0.680000,0.500000,-0.340000,0.150224,0.100000,-0.015022
t25-d1.2-a1.5-sparse,25,1.200000,1.500000,33,2717,4080,ga,all,goal-priority,20260929,15,15,true,true,5,2,25,0,3344,0.819608,false,0.000000,0.333794,1.692361,60,40,2440,6839,0.038958,0.038958,0.038958,1.000000,0.175379,0.500000,0.087690,0.298786,0.300000,0.089636,1.000000,0.200000,0.200000,0.000000,0.500000,-0.000000,0.640000,0.500000,-0.320000,0.183675,0.100000,-0.018367
