instance_id,topics,density,tightness,horizon_days,demanded_minutes,available_minutes,engine,provenance,precedence_policy,importance,seed,prerequisite_edges_hard,prerequisite_edges_soft,invariants_ok,reproducible,search_vital,search_initial_distinct,soft_inversions,inversions_removed,topics_scheduled,topics_unscheduled,scheduled_minutes,utilisation,load_ceiling_bound,load_excess_ratio,first_quarter_share,peak_over_mean,generations,population_size,evaluations,elapsed_micros,search_improved,ga_objective_aggregate,ga_objective_raw,ga_objective_bounded,ga_objective_penalty_factor,ga_term_syllabusMastery_value,ga_term_syllabusMastery_weight,ga_term_syllabusMastery_weighted,ga_term_retention_value,ga_term_retention_weight,ga_term_retention_weighted,ga_term_dailyLoadBudget_value,ga_term_dailyLoadBudget_weight,ga_term_dailyLoadBudget_weighted,ga_term_MinimumDaysConstraint_value,ga_term_MinimumDaysConstraint_weight,ga_term_MinimumDaysConstraint_weighted,ga_term_MandatoryReviewConstraint_value,ga_term_MandatoryReviewConstraint_weight,ga_term_MandatoryReviewConstraint_weighted,ga_term_SoftPrerequisiteOrderConstraint_value,ga_term_SoftPrerequisiteOrderConstraint_weight,ga_term_SoftPrerequisiteOrderConstraint_weighted
t10-d0.4-a0.7-compact,10,0.400000,0.700000,4,1164,960,ga,curated,lexicographic,goal-priority,20260925,1,1,true,true,true,1,0,1,7,3,803,0.836458,false,0.000000,0.085050,1.698891,60,40,2440,58747,false,0.000000,-0.205729,0.000000,1.000000,0.103245,0.500000,0.051622,0.642162,0.300000,0.192649,1.000000,0.200000,0.200000,0.300000,0.500000,-0.150000,1.000000,0.500000,-0.500000,0.000000,0.100000,-0.000000
t10-d0.4-a0.7-compact,10,0.400000,0.700000,4,1164,960,ga,curated,lexicographic,goal-priority,20260926,1,1,true,true,true,1,0,1,7,3,803,0.836458,false,0.000000,0.085050,1.698891,60,40,2440,7962,false,0.000000,-0.205729,0.000000,1.000000,0.103245,0.500000,0.051622,0.642162,0.300000,0.192649,1.000000,0.200000,0.200000,0.300000,0.500000,-0.150000,1.000000,0.500000,-0.500000,0.000000,0.100000,-0.000000
t10-d0.4-a0.7-compact,10,0.400000,0.700000,4,1164,960,ga,curated,lexicographic,goal-priority,20260927,1,1,true,true,true,1,0,1,7,3,803,0.836458,false,0.000000,0.085050,1.698891,60,40,2440,6140,false,0.000000,-0.205729,0.000000,1.000000,0.103245,0.500000,0.051622,0.642162,0.300000,0.192649,1.000000,0.200000,0.200000,0.300000,0.500000,-0.150000,1.000000,0.500000,-0.500000,0.000000,0.100000,-0.000000
t10-d0.4-a0.7-compact,10,0.400000,0.700000,4,1164,960,ga,curated,lexicographic,goal-priority,20260928,1,1,true,true,true,1,0,1,7,3,803,0.836458,false,0.000000,0.085050,1.698891,60,40,2440,5053,false,0.000000,-0.205729,0.000000,1.000000,0.103245,0.500000,0.051622,0.642162,0.300000,0.192649,1.000000,0.200000,0.200000,0.300000,0.500000,-0.150000,1.000000,0.500000,-0.500000,0.000000,0.100000,-0.000000
t10-d0.4-a0.7-compact,10,0.400000,0.700000,4,1164,960,ga,curated,lexicographic,goal-priority,20260929,1,1,true,true,true,1,0,1,7,3,803,0.836458,false,0.000000,0.085050,1.698891,60,40,2440,4092,false,0.000000,-0.205729,0.000000,1.000000,0.103245,0.500000,0.051622,0.642162,0.300000,0.192649,1.000000,0.200000,0.200000,0.300000,0.500000,-0.150000,1.000000,0.500000,-0.500000,0.000000,0.100000,-0.000000
t10-d0.4-a0.7-compact,10,0.400000,0.700000,4,1164,960,ga,curated-textbook,lexicographic,goal-priority,20260925,1,2,true,true,true,1,0,1,7,3,803,0.836458,false,0.000000,0.085050,1.698891,60,40,2440,4285,false,0.000000,-0.205729,0.000000,1.000000,0.103245,0.500000,0.051622,0.642162,0.300000,0.192649,1.000000,0.200000,0.200000,0.300000,0.500000,-0.150000,1.000000,0.500000,-0.500000,0.000000,0.100000,-0.000000
t10-d0.4-a0.7-compact,10,0.400000,0.700000,4,1164,960,ga,curated-textbook,lexicographic,goal-priority,20260926,1,2,true,true,true,1,0,1,7,3,803,0.836458,false,0.000000,0.085050,1.698891,60,40,2440,3894,false,0.000000,-0.205729,0.000000,1.000000,0.103245,0.500000,0.051622,0.642162,0.300000,0.192649,1.000000,0.200000,0.200000,0.300000,0.500000,-0.150000,1.000000,0.500000,-0.500000,0.000000,0.100000,-0.000000
t10-d0.4-a0.7-compact,10,0.400000,0.700000,4,1164,960,ga,curated-textbook,lexicographic,goal-priority,20260927,1,2,true,true,true,1,0,1,7,3,803,0.836458,false,0.000000,0.085050,1.698891,60,40,2440,3994,false,0.000000,-0.205729,0.000000,1.000000,0.103245,0.500000,0.051622,0.642162,0.300000,0.192649,1.000000,0.200000,0.200000,0.300000,0.500000,-0.150000,1.000000,0.500000,-0.500000,0.000000,0.100000,-0.000000
t10-d0.4-a0.7-compact,10,0.400000,0.700000,4,1164,960,ga,curated-textbook,lexicographic,goal-priority,20260928,1,2,true,true,true,1,0,1,7,3,803,0.836458,false,0.000000,0.085050,1.698891,60,40,2440,3780,false,0.000000,-0.205729,0.000000,1.000000,0.103245,0.500000,0.051622,0.642162,0.300000,0.192649,1.000000,0.200000,0.200000,0.300000,0.500000,-0.150000,1.000000,0.500000,-0.500000,0.000000,0.100000,-0.000000
t10-d0.4-a0.7-compact,10,0.400000,0.700000,4,1164,960,ga,curated-textbook,lexicographic,goal-priority,20260929,1,2,true,true,true,1,0,1,7,3,803,0.836458,false,0.000000,0.085050,1.698891,60,40,2440,3924,false,0.000000,-0.205729,0.000000,1.000000,0.103245,0.500000,0.051622,0.642162,0.300000,0.192649,1.000000,0.200000,0.200000,0.300000,0.500000,-0.150000,1.000000,0.500000,-0.500000,0.000000,0.100000,-0.000000
t10-d0.4-a0.7-compact,10,0.400000,0.700000,4,1164,960,ga,all,lexicographic,goal-priority,20260925,2,2,true,true,true,1,0,1,7,3,803,0.836458,false,0.000000,0.085050,1.698891,60,40,2440,3884,false,0.000000,-0.205729,0.000000,1.000000,0.103245,0.500000,0.051622,0.642162,0.300000,0.192649,1.000000,0.200000,0.200000,0.300000,0.500000,-0.150000,1.000000,0.500000,-0.500000,0.000000,0.100000,-0.000000
t10-d0.4-a0.7-compact,10,0.400000,0.700000,4,1164,960,ga,all,lexicographic,goal-priority,20260926,2,2,true,true,true,1,0,1,7,3,803,0.836458,false,0.000000,0.085050,1.698891,60,40,2440,7098,false,0.000000,-0.205729,0.000000,1.000000,0.103245,0.500000,0.051622,0.642162,0.300000,0.192649,1.000000,0.200000,0.200000,0.300000,0.500000,-0.150000,1.000000,0.500000,-0.500000,0.000000,0.100000,-0.000000
t10-d0.4-a0.7-compact,10,0.400000,0.700000,4,1164,960,ga,all,lexicographic,goal-priority,20260927,2,2,true,true,true,1,0,1,7,3,803,0.836458,false,0.000000,0.085050,1.698891,60,40,2440,3499,false,0.000000,-0.205729,0.000000,1.000000,0.103245,0.500000,0.051622,0.642162,0.300000,0.192649,1.000000,0.200000,0.200000,0.300000,0.500000,-0.150000,1.000000,0.500000,-0.500000,0.000000,0.100000,-0.000000
t10-d0.4-a0.7-compact,10,0.400000,0.700000,4,1164,960,ga,all,lexicographic,goal-priority,20260928,2,2,true,true,true,1,0,1,7,3,803,0.836458,false,0.000000,0.085050,1.698891,60,40,2440,3047,false,0.000000,-0.205729,0.000000,1.000000,0.103245,0.500000,0.051622,0.642162,0.300000,0.192649,1.000000,0.200000,0.200000,0.300000,0.500000,-0.150000,1.000000,0.500000,-0.500000,0.000000,0.100000,-0.000000
t10-d0.4-a0.7-compact,10,0.400000,0.700000,4,1164,960,ga,all,lexicographic,goal-priority,20260929,2,2,true,true,true,1,0,1,7,3,803,0.836458,false,0.000000,0.085050,1.698891,60,40,2440,2862,false,0.000000,-0.205729,0.000000,1.000000,0.103245,0.500000,0.051622,0.642162,0.300000,0.192649,1.000000,0.200000,0.200000,0.300000,0.500000,-0.150000,1.000000,0.500000,-0.500000,0.000000,0.100000,-0.000000
t10-d0.4-a0.7-compact,10,0.400000,0.700000,4,1164,960,ga,curated,weighted,goal-priority,20260925,1,1,true,true,true,1,1,,6,4,767,0.798958,false,0.000000,0.092053,1.509434,60,40,2440,3341,false,0.000000,-0.389431,0.000000,1.000000,0.096471,0.500000,0.048235,0.541112,0.300000,0.162334,1.000000,0.200000,0.200000,0.400000,0.500000,-0.200000,1.000000,0.500000,-0.500000,1.000000,0.100000,-0.100000
t10-d0.4-a0.7-compact,10,0.400000,0.700000,4,1164,960,ga,curated,weighted,goal-priority,20260926,1,1,true,true,true,1,1,,6,4,767,0.798958,false,0.000000,0.092053,1.509434,60,40,2440,3035,false,0.000000,-0.389431,0.000000,1.000000,0.096471,0.500000,0.048235,0.541112,0.300000,0.162334,1.000000,0.200000,0.200000,0.400000,0.500000,-0.200000,1.000000,0.500000,-0.500000,1.000000,0.100000,-0.100000
t10-d0.4-a0.7-compact,10,0.400000,0.700000,4,1164,960,ga,curated,weighted,goal-priority,20260927,1,1,true,true,true,1,1,,6,4,767,0.798958,false,0.000000,0.092053,1.509434,60,40,2440,3313,false,0.000000,-0.389431,0.000000,1.000000,0.096471,0.500000,0.048235,0.541112,0.300000,0.162334,1.000000,0.200000,0.200000,0.400000,0.500000,-0.200000,1.000000,0.500000,-0.500000,1.000000,0.100000,-0.100000
t10-d0.4-a0.7-compact,10,0.400000,0.700000,4,1164,960,ga,curated,weighted,goal-priority,20260928,1,1,true,true,true,1,1,,6,4,767,0.798958,false,0.000000,0.092053,1.509434,60,40,2440,3259,false,0.000000,-0.389431,0.000000,1.000000,0.096471,0.500000,0.048235,0.541112,0.300000,0.162334,1.000000,0.200000,0.200000,0.400000,0.500000,-0.200000,1.000000,0.500000,-0.500000,1.000000,0.100000,-0.100000
t10-d0.4-a0.7-compact,10,0.400000,0.700000,4,1164,960,ga,curated,weighted,goal-priority,20260929,1,1,true,true,true,1,1,,6,4,767,0.798958,false,0.000000,0.092053,1.509434,60,40,2440,3109,false,0.000000,-0.389431,0.000000,1.000000,0.096471,0.500000,0.048235,0.541112,0.300000,0.162334,1.000000,0.200000,0.200000,0.400000,0.500000,-0.200000,1.000000,0.500000,-0.500000,1.000000,0.100000,-0.100000
t10-d0.4-a0.7-compact,10,0.400000,0.700000,4,1164,960,ga,curated-textbook,weighted,goal-priority,20260925,1,2,true,true,true,1,1,,6,4,767,0.798958,false,0.000000,0.092053,1.509434,60,40,2440,3408,false,0.000000,-0.339431,0.000000,1.000000,0.096471,0.500000,0.048235,0.541112,0.300000,0.162334,1.000000,0.200000,0.200000,0.400000,0.500000,-0.200000,1.000000,0.500000,-0.500000,0.500000,0.100000,-0.050000
t10-d0.4-a0.7-compact,10,0.400000,0.700000,4,1164,960,ga,curated-textbook,weighted,goal-priority,20260926,1,2,true,true,true,1,1,,6,4,767,0.798958,false,0.000000,0.092053,1.509434,60,40,2440,2899,false,0.000000,-0.339431,0.000000,1.000000,0.096471,0.500000,0.048235,0.541112,0.300000,0.162334,1.000000,0.200000,0.200000,0.400000,0.500000,-0.200000,1.000000,0.500000,-0.500000,0.500000,0.100000,-0.050000
t10-d0.4-a0.7-compact,10,0.400000,0.700000,4,1164,960,ga,curated-textbook,weighted,goal-priority,20260927,1,2,true,true,true,1,1,,6,4,767,0.798958,false,0.000000,0.092053,1.509434,60,40,2440,2898,false,0.000000,-0.339431,0.000000,1.000000,0.096471,0.500000,0.048235,0.541112,0.300000,0.162334,1.000000,0.200000,0.200000,0.400000,0.500000,-0.200000,1.000000,0.500000,-0.500000,0.500000,0.100000,-0.050000
t10-d0.4-a0.7-compact,10,0.400000,0.700000,4,1164,960,ga,curated-textbook,weighted,goal-priority,20260928,1,2,true,true,true,1,1,,6,4,767,0.798958,false,0.000000,0.092053,1.509434,60,40,2440,3121,false,0.000000,-0.339431,0.000000,1.000000,0.096471,0.500000,0.048235,0.541112,0.300000,0.162334,1.000000,0.200000,0.200000,0.400000,0.500000,-0.200000,1.000000,0.500000,-0.500000,0.500000,0.100000,-0.050000
t10-d0.4-a0.7-compact,10,0.400000,0.700000,4,1164,960,ga,curated-textbook,weighted,goal-priority,20260929,1,2,true,true,true,1,1,,6,4,767,0.798958,false,0.000000,0.092053,1.509434,60,40,2440,4683,false,0.000000,-0.339431,0.000000,1.000000,0.096471,0.500000,0.048235,0.541112,0.300000,0.162334,1.000000,0.200000,0.200000,0.400000,0.500000,-0.200000,1.000000,0.500000,-0.500000,0.500000,0.100000,-0.050000
t10-d0.4-a0.7-compact,10,0.400000,0.700000,4,1164,960,ga,all,weighted,goal-priority,20260925,2,2,true,true,true,1,1,,6,4,767,0.798958,false,0.000000,0.092053,1.509434,60,40,2440,4844,false,0.000000,-0.339431,0.000000,1.000000,0.096471,0.500000,0.048235,0.541112,0.300000,0.162334,1.000000,0.200000,0.200000,0.400000,0.500000,-0.200000,1.000000,0.500000,-0.500000,0.500000,0.100000,-0.050000
t10-d0.4-a0.7-compact,10,0.400000,0.700000,4,1164,960,ga,all,weighted,goal-priority,20260926,2,2,true,true,true,1,1,,6,4,767,0.798958,false,0.000000,0.092053,1.509434,60,40,2440,4883,false,0.000000,-0.339431,0.000000,1.000000,0.096471,0.500000,0.048235,0.541112,0.300000,0.162334,1.000000,0.200000,0.200000,0.400000,0.500000,-0.200000,1.000000,0.500000,-0.500000,0.500000,0.100000,-0.050000
t10-d0.4-a0.7-compact,10,0.400000,0.700000,4,1164,960,ga,all,weighted,goal-priority,20260927,2,2,true,true,true,1,1,,6,4,767,0.798958,false,0.000000,0.092053,1.509434,60,40,2440,4691,false,0.000000,-0.339431,0.000000,1.000000,0.096471,0.500000,0.048235,0.541112,0.300000,0.162334,1.000000,0.200000,0.200000,0.400000,0.500000,-0.200000,1.000000,0.500000,-0.500000,0.500000,0.100000,-0.050000
t10-d0.4-a0.7-compact,10,0.400000,0.700000,4,1164,960,ga,all,weighted,goal-priority,20260928,2,2,true,true,true,1,1,,6,4,767,0.798958,false,0.000000,0.092053,1.509434,60,40,2440,4397,false,0.000000,-0.339431,0.000000,1.000000,0.096471,0.500000,0.048235,0.541112,0.300000,0.162334,1.000000,0.200000,0.200000,0.400000,0.500000,-0.200000,1.000000,0.500000,-0.500000,0.500000,0.100000,-0.050000
t10-d0.4-a0.7-compact,10,0.400000,0.700000,4,1164,960,ga,all,weighted,goal-priority,20260929,2,2,true,true,true,1,1,,6,4,767,0.798958,false,0.000000,0.092053,1.509434,60,40,2440,4283,false,0.000000,-0.339431,0.000000,1.000000,0.096471,0.500000,0.048235,0.541112,0.300000,0.162334,1.000000,0.200000,0.200000,0.400000,0.500000,-0.200000,1.000000,0.500000,-0.500000,0.500000,0.100000,-0.050000
t10-d0.4-a0.7-compact,10,0.400000,0.700000,4,1164,960,ga-timeline,curated,lexicographic,goal-priority,20260925,1,1,true,true,true,39,0,0,8,2,830,0.864583,true,0.050000,0.247216,1.279287,60,40,2440,140998,true,0.000000,-0.122001,0.000000,1.000000,0.099381,0.500000,0.049691,0.794361,0.300000,0.238308,0.950000,0.200000,0.190000,0.200000,0.500000,-0.100000,1.000000,0.500000,-0.500000,0.000000,0.100000,-0.000000
t10-d0.4-a0.7-compact,10,0.400000,0.700000,4,1164,960,ga-timeline,curated,lexicographic,goal-priority,20260926,1,1,true,true,true,39,0,0,8,2,830,0.864583,true,0.050000,0.292650,1.175947,60,40,2440,152679,true,0.000000,-0.122001,0.000000,1.000000,0.099381,0.500000,0.049691,0.794361,0.300000,0.238308,0.950000,0.200000,0.190000,0.200000,0.500000,-0.100000,1.000000,0.500000,-0.500000,0.000000,0.100000,-0.000000
t10-d0.4-a0.7-compact,10,0.400000,0.700000,4,1164,960,ga-timeline,curated,lexicographic,goal-priority,20260927,1,1,true,true,true,37,0,0,8,2,830,0.864583,true,0.050000,0.319822,1.279287,60,40,2440,109031,true,0.000000,-0.122001,0.000000,1.000000,0.099381,0.500000,0.049691,0.794361,0.300000,0.238308,0.950000,0.200000,0.190000,0.200000,0.500000,-0.100000,1.000000,0.500000,-0.500000,0.000000,0.100000,-0.000000
t10-d0.4-a0.7-compact,10,0.400000,0.700000,4,1164,960,ga-timeline,curated,lexicographic,goal-priority,20260928,1,1,true,true,true,39,0,0,8,2,830,0.864583,true,0.050000,0.338530,1.354120,60,40,2440,85834,true,0.000000,-0.122001,0.000000,1.000000,0.099381,0.500000,0.049691,0.794361,0.300000,0.238308,0.950000,0.200000,0.190000,0.200000,0.500000,-0.100000,1.000000,0.500000,-0.500000,0.000000,0.100000,-0.000000
t10-d0.4-a0.7-compact,10,0.400000,0.700000,4,1164,960,ga-timeline,curated,lexicographic,goal-priority,20260929,1,1,true,true,true,37,0,0,8,2,830,0.864583,true,0.050000,0.274388,1.170601,60,40,2440,43286,true,0.000000,-0.122001,0.000000,1.000000,0.099381,0.500000,0.049691,0.794361,0.300000,0.238308,0.950000,0.200000,0.190000,0.200000,0.500000,-0.100000,1.000000,0.500000,-0.500000,0.000000,0.100000,-0.000000
t10-d0.4-a0.7-compact,10,0.400000,0.700000,4,1164,960,ga-timeline,curated-textbook,lexicographic,goal-priority,20260925,1,2,true,true,true,40,0,0,8,2,830,0.864583,true,0.050000,0.338530,1.354120,60,40,2440,78301,true,0.000000,-0.122001,0.000000,1.000000,0.099381,0.500000,0.049691,0.794361,0.300000,0.238308,0.950000,0.200000,0.190000,0.200000,0.500000,-0.100000,1.000000,0.500000,-0.500000,0.000000,0.100000,-0.000000
t10-d0.4-a0.7-compact,10,0.400000,0.700000,4,1164,960,ga-timeline,curated-textbook,lexicographic,goal-priority,20260926,1,2,true,true,true,40,0,0,8,2,830,0.864583,true,0.050000,0.247216,1.279287,60,40,2440,40753,true,0.000000,-0.122001,0.000000,1.000000,0.099381,0.500000,0.049691,0.794361,0.300000,0.238308,0.950000,0.200000,0.190000,0.200000,0.500000,-0.100000,1.000000,0.500000,-0.500000,0.000000,0.100000,-0.000000
t10-d0.4-a0.7-compact,10,0.400000,0.700000,4,1164,960,ga-timeline,curated-textbook,lexicographic,goal-priority,20260927,1,2,true,true,true,37,0,0,8,2,830,0.864583,true,0.050000,0.338530,1.354120,60,40,2440,47314,true,0.000000,-0.122001,0.000000,1.000000,0.099381,0.500000,0.049691,0.794361,0.300000,0.238308,0.950000,0.200000,0.190000,0.200000,0.500000,-0.100000,1.000000,0.500000,-0.500000,0.000000,0.100000,-0.000000
t10-d0.4-a0.7-compact,10,0.400000,0.700000,4,1164,960,ga-timeline,curated-textbook,lexicographic,goal-priority,20260928,1,2,true,true,true,39,0,0,8,2,830,0.864583,true,0.050000,0.338530,1.354120,60,40,2440,51701,true,0.000000,-0.122001,0.000000,1.000000,0.099381,0.500000,0.049691,0.794361,0.300000,0.238308,0.950000,0.200000,0.190000,0.200000,0.500000,-0.100000,1.000000,0.500000,-0.500000,0.000000,0.100000,-0.000000
t10-d0.4-a0.7-compact,10,0.400000,0.700000,4,1164,960,ga-timeline,curated-textbook,lexicographic,goal-priority,20260929,1,2,true,true,true,39,0,0,8,2,830,0.864583,true,0.050000,0.247216,1.279287,60,40,2440,44594,true,0.000000,-0.122001,0.000000,1.000000,0.099381,0.500000,0.049691,0.794361,0.300000,0.238308,0.950000,0.200000,0.190000,0.200000,0.500000,-0.100000,1.000000,0.500000,-0.500000,0.000000,0.100000,-0.000000
t10-d0.4-a0.7-compact,10,0.400000,0.700000,4,1164,960,ga-timeline,all,lexicographic,goal-priority,20260925,2,2,true,true,true,40,0,0,8,2,830,0.864583,true,0.050000,0.338530,1.354120,60,40,2440,59058,true,0.000000,-0.122001,0.000000,1.000000,0.099381,0.500000,0.049691,0.794361,0.300000,0.238308,0.950000,0.200000,0.190000,0.200000,0.500000,-0.100000,1.000000,0.500000,-0.500000,0.000000,0.100000,-0.000000
t10-d0.4-a0.7-compact,10,0.400000,0.700000,4,1164,960,ga-timeline,all,lexicographic,goal-priority,20260926,2,2,true,true,true,40,0,0,8,2,830,0.864583,true,0.050000,0.247216,1.279287,60,40,2440,28945,true,0.000000,-0.122001,0.000000,1.000000,0.099381,0.500000,0.049691,0.794361,0.300000,0.238308,0.950000,0.200000,0.190000,0.200000,0.500000,-0.100000,1.000000,0.500000,-0.500000,0.000000,0.100000,-0.000000
t10-d0.4-a0.7-compact,10,0.400000,0.700000,4,1164,960,ga-timeline,all,lexicographic,goal-priority,20260927,2,2,true,true,true,37,0,0,8,2,830,0.864583,true,0.050000,0.338530,1.354120,60,40,2440,27930,true,0.000000,-0.122001,0.000000,1.000000,0.099381,0.500000,0.049691,0.794361,0.300000,0.238308,0.950000,0.200000,0.190000,0.200000,0.500000,-0.100000,1.000000,0.500000,-0.500000,0.000000,0.100000,-0.000000
t10-d0.4-a0.7-compact,10,0.400000,0.700000,4,1164,960,ga-timeline,all,lexicographic,goal-priority,20260928,2,2,true,true,true,38,0,0,8,2,831,0.865625,false,0.000000,0.316779,1.267117,60,40,2440,32927,true,0.000000,-0.113045,0.000000,1.000000,0.103128,0.500000,0.051564,0.784637,0.300000,0.235391,1.000000,0.200000,0.200000,0.200000,0.500000,-0.100000,1.000000,0.500000,-0.500000,0.000000,0.100000,-0.000000
t10-d0.4-a0.7-compact,10,0.400000,0.700000,4,1164,960,ga-timeline,all,lexicographic,goal-priority,20260929,2,2,true,true,true,39,0,0,8,2,830,0.864583,true,0.050000,0.292650,1.170601,60,40,2440,26647,true,0.000000,-0.122001,0.000000,1.000000,0.099381,0.500000,0.049691,0.794361,0.300000,0.238308,0.950000,0.200000,0.190000,0.200000,0.500000,-0.100000,1.000000,0.500000,-0.500000,0.000000,0.100000,-0.000000
t10-d0.4-a0.7-compact,10,0.400000,0.700000,4,1164,960,ga-timeline,curated,weighted,goal-priority,20260925,1,1,true,true,true,39,0,,8,2,830,0.864583,true,0.050000,0.247216,1.279287,60,40,2440,37902,true,0.277999,0.277999,0.277999,1.000000,0.099381,0.500000,0.049691,0.794361,0.300000,0.238308,0.950000,0.200000,0.190000,0.200000,0.500000,-0.100000,0.200000,0.500000,-0.100000,0.000000,0.100000,-0.000000
t10-d0.4-a0.7-compact,10,0.400000,0.700000,4,1164,960,ga-timeline,curated,weighted,goal-priority,20260926,1,1,true,true,true,39,0,,8,2,830,0.864583,true,0.050000,0.292650,1.175947,60,40,2440,45436,true,0.277999,0.277999,0.277999,1.000000,0.099381,0.500000,0.049691,0.794361,0.300000,0.238308,0.950000,0.200000,0.190000,0.200000,0.500000,-0.100000,0.200000,0.500000,-0.100000,0.000000,0.100000,-0.000000
t10-d0.4-a0.7-compact,10,0.400000,0.700000,4,1164,960,ga-timeline,curated,weighted,goal-priority,20260927,1,1,true,true,true,37,0,,8,2,830,0.864583,true,0.050000,0.319822,1.279287,60,40,2440,29190,true,0.277999,0.277999,0.277999,1.000000,0.099381,0.500000,0.049691,0.794361,0.300000,0.238308,0.950000,0.200000,0.190000,0.200000,0.500000,-0.100000,0.200000,0.500000,-0.100000,0.000000,0.100000,-0.000000
t10-d0.4-a0.7-compact,10,0.400000,0.700000,4,1164,960,ga-timeline,curated,weighted,goal-priority,20260928,1,1,true,true,true,39,0,,8,2,830,0.864583,true,0.050000,0.338530,1.354120,60,40,2440,32620,true,0.277999,0.277999,0.277999,1.000000,0.099381,0.500000,0.049691,0.794361,0.300000,0.238308,0.950000,0.200000,0.190000,0.200000,0.500000,-0.100000,0.200000,0.500000,-0.100000,0.000000,0.100000,-0.000000
t10-d0.4-a0.7-compact,10,0.400000,0.700000,4,1164,960,ga-timeline,curated,weighted,goal-priority,20260929,1,1,true,true,true,37,0,,8,2,830,0.864583,true,0.050000,0.274388,1.170601,60,40,2440,33565,true,0.277999,0.277999,0.277999,1.000000,0.099381,0.500000,0.049691,0.794361,0.300000,0.238308,0.950000,0.200000,0.190000,0.200000,0.500000,-0.100000,0.200000,0.500000,-0.100000,0.000000,0.100000,-0.000000
t10-d0.4-a0.7-compact,10,0.400000,0.700000,4,1164,960,ga-timeline,curated-textbook,weighted,goal-priority,20260925,1,2,true,true,true,40,0,,8,2,830,0.864583,true,0.050000,0.338530,1.354120,60,40,2440,34741,true,0.277999,0.277999,0.277999,1.000000,0.099381,0.500000,0.049691,0.794361,0.300000,0.238308,0.950000,0.200000,0.190000,0.200000,0.500000,-0.100000,0.200000,0.500000,-0.100000,0.000000,0.100000,-0.000000
t10-d0.4-a0.7-compact,10,0.400000,0.700000,4,1164,960,ga-timeline,curated-textbook,weighted,goal-priority,20260926,1,2,true,true,true,40,0,,8,2,830,0.864583,true,0.050000,0.247216,1.279287,60,40,2440,29119,true,0.277999,0.277999,0.277999,1.000000,0.099381,0.500000,0.049691,0.794361,0.300000,0.238308,0.950000,0.200000,0.190000,0.200000,0.500000,-0.100000,0.200000,0.500000,-0.100000,0.000000,0.100000,-0.000000
t10-d0.4-a0.7-compact,10,0.400000,0.700000,4,1164,960,ga-timeline,curated-textbook,weighted,goal-priority,20260927,1,2,true,true,true,37,0,,8,2,830,0.864583,true,0.050000,0.338530,1.354120,60,40,2440,31219,true,0.277999,0.277999,0.277999,1.000000,0.099381,0.500000,0.049691,0.794361,0.300000,0.238308,0.950000,0.200000,0.190000,0.200000,0.500000,-0.100000,0.200000,0.500000,-0.100000,0.000000,0.100000,-0.000000
t10-d0.4-a0.7-compact,10,0.400000,0.700000,4,1164,960,ga-timeline,curated-textbook,weighted,goal-priority,20260928,1,2,true,true,true,39,0,,8,2,830,0.864583,true,0.050000,0.338530,1.354120,60,40,2440,29702,true,0.277999,0.277999,0.277999,1.000000,0.099381,0.500000,0.049691,0.794361,0.300000,0.238308,0.950000,0.200000,0.190000,0.200000,0.500000,-0.100000,0.200000,0.500000,-0.100000,0.000000,0.100000,-0.000000
t10-d0.4-a0.7-compact,10,0.400000,0.700000,4,1164,960,ga-timeline,curated-textbook,weighted,goal-priority,20260929,1,2,true,true,true,39,0,,8,2,830,0.864583,true,0.050000,0.247216,1.279287,60,40,2440,47595,true,0.277999,0.277999,0.277999,1.000000,0.099381,0.500000,0.049691,0.794361,0.300000,0.238308,0.950000,0.200000,0.190000,0.200000,0.500000,-0.100000,0.200000,0.500000,-0.100000,0.000000,0.100000,-0.000000
t10-d0.4-a0.7-compact,10,0.400000,0.700000,4,1164,960,ga-timeline,all,weighted,goal-priority,20260925,2,2,true,true,true,40,0,,8,2,830,0.864583,true,0.050000,0.338530,1.354120,60,40,2440,29302,true,0.277999,0.277999,0.277999,1.000000,0.099381,0.500000,0.049691,0.794361,0.300000,0.238308,0.950000,0.200000,0.190000,0.200000,0.500000,-0.100000,0.200000,0.500000,-0.100000,0.000000,0.100000,-0.000000
t10-d0.4-a0.7-compact,10,0.400000,0.700000,4,1164,960,ga-timeline,all,weighted,goal-priority,20260926,2,2,true,true,true,40,0,,8,2,830,0.864583,true,0.050000,0.247216,1.279287,60,40,2440,39846,true,0.277999,0.277999,0.277999,1.000000,0.099381,0.500000,0.049691,0.794361,0.300000,0.238308,0.950000,0.200000,0.190000,0.200000,0.500000,-0.100000,0.200000,0.500000,-0.100000,0.000000,0.100000,-0.000000
t10-d0.4-a0.7-compact,10,0.400000,0.700000,4,1164,960,ga-timeline,all,weighted,goal-priority,20260927,2,2,true,true,true,37,0,,8,2,830,0.864583,true,0.050000,0.338530,1.354120,60,40,2440,37057,true,0.277999,0.277999,0.277999,1.000000,0.099381,0.500000,0.049691,0.794361,0.300000,0.238308,0.950000,0.200000,0.190000,0.200000,0.500000,-0.100000,0.200000,0.500000,-0.100000,0.000000,0.100000,-0.000000
t10-d0.4-a0.7-compact,10,0.400000,0.700000,4,1164,960,ga-timeline,all,weighted,goal-priority,20260928,2,2,true,true,true,38,0,,8,2,831,0.865625,false,0.000000,0.316779,1.267117,60,40,2440,32727,true,0.286955,0.286955,0.286955,1.000000,0.103128,0.500000,0.051564,0.784637,0.300000,0.235391,1.000000,0.200000,0.200000,0.200000,0.500000,-0.100000,0.200000,0.500000,-0.100000,0.000000,0.100000,-0.000000
t10-d0.4-a0.7-compact,10,0.400000,0.700000,4,1164,960,ga-timeline,all,weighted,goal-priority,20260929,2,2,true,true,true,39,0,,8,2,830,0.864583,true,0.050000,0.292650,1.170601,60,40,2440,28477,true,0.277999,0.277999,0.277999,1.000000,0.099381,0.500000,0.049691,0.794361,0.300000,0.238308,0.950000,0.200000,0.190000,0.200000,0.500000,-0.100000,0.200000,0.500000,-0.100000,0.000000,0.100000,-0.000000
t10-d0.4-a0.7-sparse,10,0.400000,0.700000,7,1105,960,ga,curated,lexicographic,goal-priority,20260925,1,1,true,true,true,1,0,1,7,3,772,0.804167,false,0.000000,0.141593,1.431662,60,40,2440,2994,false,0.000000,-0.232810,0.000000,1.000000,0.103245,0.500000,0.051622,0.551891,0.300000,0.165567,1.000000,0.200000,0.200000,0.300000,0.500000,-0.150000,1.000000,0.500000,-0.500000,0.000000,0.100000,-0.000000
t10-d0.4-a0.7-sparse,10,0.400000,0.700000,7,1105,960,ga,curated,lexicographic,goal-priority,20260926,1,1,true,true,true,1,0,1,7,3,772,0.804167,false,0.000000,0.141593,1.431662,60,40,2440,2744,false,0.000000,-0.232810,0.000000,1.000000,0.103245,0.500000,0.051622,0.551891,0.300000,0.165567,1.000000,0.200000,0.200000,0.300000,0.500000,-0.150000,1.000000,0.500000,-0.500000,0.000000,0.100000,-0.000000
t10-d0.4-a0.7-sparse,10,0.400000,0.700000,7,1105,960,ga,curated,lexicographic,goal-priority,20260927,1,1,true,true,true,1,0,1,7,3,772,0.804167,false,0.000000,0.141593,1.431662,60,40,2440,2767,false,0.000000,-0.232810,0.000000,1.000000,0.103245,0.500000,0.051622,0.551891,0.300000,0.165567,1.000000,0.200000,0.200000,0.300000,0.500000,-0.150000,1.000000,0.500000,-0.500000,0.000000,0.100000,-0.000000
t10-d0.4-a0.7-sparse,10,0.400000,0.700000,7,1105,960,ga,curated,lexicographic,goal-priority,20260928,1,1,true,true,true,1,0,1,7,3,772,0.804167,false,0.000000,0.141593,1.431662,60,40,2440,2813,false,0.000000,-0.232810,0.000000,1.000000,0.103245,0.500000,0.051622,0.551891,0.300000,0.165567,1.000000,0.200000,0.200000,0.300000,0.500000,-0.150000,1.000000,0.500000,-0.500000,0.000000,0.100000,-0.000000
t10-d0.4-a0.7-sparse,10,0.400000,0.700000,7,1105,960,ga,curated,lexicographic,goal-priority,20260929,1,1,true,true,true,1,0,1,7,3,772,0.804167,false,0.000000,0.141593,1.431662,60,40,2440,2836,false,0.000000,-0.232810,0.000000,1.000000,0.103245,0.500000,0.051622,0.551891,0.300000,0.165567,1.000000,0.200000,0.200000,0.300000,0.500000,-0.150000,1.000000,0.500000,-0.500000,0.000000,0.100000,-0.000000
t10-d0.4-a0.7-sparse,10,0.400000,0.700000,7,1105,960,ga,curated-textbook,lexicographic,goal-priority,20260925,1,2,true,true,true,1,0,1,7,3,772,0.804167,false,0.000000,0.141593,1.431662,60,40,2440,2693,false,0.000000,-0.232810,0.000000,1.000000,0.103245,0.500000,0.051622,0.551891,0.300000,0.165567,1.000000,0.200000,0.200000,0.300000,0.500000,-0.150000,1.000000,0.500000,-0.500000,0.000000,0.100000,-0.000000
t10-d0.4-a0.7-sparse,10,0.400000,0.700000,7,1105,960,ga,curated-textbook,lexicographic,goal-priority,20260926,1,2,true,true,true,1,0,1,7,3,772,0.804167,false,0.000000,0.141593,1.431662,60,40,2440,2652,false,0.000000,-0.232810,0.000000,1.000000,0.103245,0.500000,0.051622,0.551891,0.300000,0.165567,1.000000,0.200000,0.200000,0.300000,0.500000,-0.150000,1.000000,0.500000,-0.500000,0.000000,0.100000,-0.000000
t10-d0.4-a0.7-sparse,10,0.400000,0.700000,7,1105,960,ga,curated-textbook,lexicographic,goal-priority,20260927,1,2,true,true,true,1,0,1,7,3,772,0.804167,false,0.000000,0.141593,1.431662,60,40,2440,2750,false,0.000000,-0.232810,0.000000,1.000000,0.103245,0.500000,0.051622,0.551891,0.300000,0.165567,1.000000,0.200000,0.200000,0.300000,0.500000,-0.150000,1.000000,0.500000,-0.500000,0.000000,0.100000,-0.000000
t10-d0.4-a0.7-sparse,10,0.400000,0.700000,7,1105,960,ga,curated-textbook,lexicographic,goal-priority,20260928,1,2,true,true,true,1,0,1,7,3,772,0.804167,false,0.000000,0.141593,1.431662,60,40,2440,2725,false,0.000000,-0.232810,0.000000,1.000000,0.103245,0.500000,0.051622,0.551891,0.300000,0.165567,1.000000,0.200000,0.200000,0.300000,0.500000,-0.150000,1.000000,0.500000,-0.500000,0.000000,0.100000,-0.000000
t10-d0.4-a0.7-sparse,10,0.400000,0.700000,7,1105,960,ga,curated-textbook,lexicographic,goal-priority,20260929,1,2,true,true,true,1,0,1,7,3,772,0.804167,false,0.000000,0.141593,1.431662,60,40,2440,2813,false,0.000000,-0.232810,0.000000,1.000000,0.103245,0.500000,0.051622,0.551891,0.300000,0.165567,1.000000,0.200000,0.200000,0.300000,0.500000,-0.150000,1.000000,0.500000,-0.500000,0.000000,0.100000,-0.000000
t10-d0.4-a0.7-sparse,10,0.400000,0.700000,7,1105,960,ga,all,lexicographic,goal-priority,20260925,2,2,true,true,true,1,0,1,7,3,772,0.804167,false,0.000000,0.141593,1.431662,60,40,2440,2755,false,0.000000,-0.232810,0.000000,1.000000,0.103245,0.500000,0.051622,0.551891,0.300000,0.165567,1.000000,0.200000,0.200000,0.300000,0.500000,-0.150000,1.000000,0.500000,-0.500000,0.000000,0.100000,-0.000000
t10-d0.4-a0.7-sparse,10,0.400000,0.700000,7,1105,960,ga,all,lexicographic,goal-priority,20260926,2,2,true,true,true,1,0,1,7,3,772,0.804167,false,0.000000,0.141593,1.431662,60,40,2440,2826,false,0.000000,-0.232810,0.000000,1.000000,0.103245,0.500000,0.051622,0.551891,0.300000,0.165567,1.000000,0.200000,0.200000,0.300000,0.500000,-0.150000,1.000000,0.500000,-0.500000,0.000000,0.100000,-0.000000
t10-d0.4-a0.7-sparse,10,0.400000,0.700000,7,1105,960,ga,all,lexicographic,goal-priority,20260927,2,2,true,true,true,1,0,1,7,3,772,0.804167,false,0.000000,0.141593,1.431662,60,40,2440,2894,false,0.000000,-0.232810,0.000000,1.000000,0.103245,0.500000,0.051622,0.551891,0.300000,0.165567,1.000000,0.200000,0.200000,0.300000,0.500000,-0.150000,1.000000,0.500000,-0.500000,0.000000,0.100000,-0.000000
t10-d0.4-a0.7-sparse,10,0.400000,0.700000,7,1105,960,ga,all,lexicographic,goal-priority,20260928,2,2,true,true,true,1,0,1,7,3,772,0.804167,false,0.000000,0.141593,1.431662,60,40,2440,2750,false,0.000000,-0.232810,0.000000,1.000000,0.103245,0.500000,0.051622,0.551891,0.300000,0.165567,1.000000,0.200000,0.200000,0.300000,0.500000,-0.150000,1.000000,0.500000,-0.500000,0.000000,0.100000,-0.000000
t10-d0.4-a0.7-sparse,10,0.400000,0.700000,7,1105,960,ga,all,lexicographic,goal-priority,20260929,2,2,true,true,true,1,0,1,7,3,772,0.804167,false,0.000000,0.141593,1.431662,60,40,2440,2569,false,0.000000,-0.232810,0.000000,1.000000,0.103245,0.500000,0.051622,0.551891,0.300000,0.165567,1.000000,0.200000,0.200000,0.300000,0.500000,-0.150000,1.000000,0.500000,-0.500000,0.000000,0.100000,-0.000000
t10-d0.4-a0.7-sparse,10,0.400000,0.700000,7,1105,960,ga,curated,weighted,goal-priority,20260925,1,1,true,true,true,1,1,,7,3,755,0.786458,false,0.000000,0.157635,1.480022,60,40,2440,2557,false,0.000000,-0.319941,0.000000,1.000000,0.111340,0.500000,0.055670,0.581297,0.300000,0.174389,1.000000,0.200000,0.200000,0.300000,0.500000,-0.150000,1.000000,0.500000,-0.500000,1.000000,0.100000,-0.100000
t10-d0.4-a0.7-sparse,10,0.400000,0.700000,7,1105,960,ga,curated,weighted,goal-priority,20260926,1,1,true,true,true,1,1,,7,3,755,0.786458,false,0.000000,0.157635,1.480022,60,40,2440,2583,false,0.000000,-0.319941,0.000000,1.000000,0.111340,0.500000,0.055670,0.581297,0.300000,0.174389,1.000000,0.200000,0.200000,0.300000,0.500000,-0.150000,1.000000,0.500000,-0.500000,1.000000,0.100000,-0.100000
t10-d0.4-a0.7-sparse,10,0.400000,0.700000,7,1105,960,ga,curated,weighted,goal-priority,20260927,1,1,true,true,true,1,1,,7,3,755,0.786458,false,0.000000,0.157635,1.480022,60,40,2440,2655,false,0.000000,-0.319941,0.000000,1.000000,0.111340,0.500000,0.055670,0.581297,0.300000,0.174389,1.000000,0.200000,0.200000,0.300000,0.500000,-0.150000,1.000000,0.500000,-0.500000,1.000000,0.100000,-0.100000
t10-d0.4-a0.7-sparse,10,0.400000,0.700000,7,1105,960,ga,curated,weighted,goal-priority,20260928,1,1,true,true,true,1,1,,7,3,755,0.786458,false,0.000000,0.157635,1.480022,60,40,2440,2732,false,0.000000,-0.319941,0.000000,1.000000,0.111340,0.500000,0.055670,0.581297,0.300000,0.174389,1.000000,0.200000,0.200000,0.300000,0.500000,-0.150000,1.000000,0.500000,-0.500000,1.000000,0.100000,-0.100000
t10-d0.4-a0.7-sparse,10,0.400000,0.700000,7,1105,960,ga,curated,weighted,goal-priority,20260929,1,1,true,true,true,1,1,,7,3,755,0.786458,false,0.000000,0.157635,1.480022,60,40,2440,2553,false,0.000000,-0.319941,0.000000,1.000000,0.111340,0.500000,0.055670,0.581297,0.300000,0.174389,1.000000,0.200000,0.200000,0.300000,0.500000,-0.150000,1.000000,0.500000,-0.500000,1.000000,0.100000,-0.100000
t10-d0.4-a0.7-sparse,10,0.400000,0.700000,7,1105,960,ga,curated-textbook,weighted,goal-priority,20260925,1,2,true,true,true,1,1,,7,3,755,0.786458,false,0.000000,0.157635,1.480022,60,40,2440,2693,false,0.000000,-0.269941,0.000000,1.000000,0.111340,0.500000,0.055670,0.581297,0.300000,0.174389,1.000000,0.200000,0.200000,0.300000,0.500000,-0.150000,1.000000,0.500000,-0.500000,0.500000,0.100000,-0.050000
t10-d0.4-a0.7-sparse,10,0.400000,0.700000,7,1105,960,ga,curated-textbook,weighted,goal-priority,20260926,1,2,true,true,true,1,1,,7,3,755,0.786458,false,0.000000,0.157635,1.480022,60,40,2440,2593,false,0.000000,-0.269941,0.000000,1.000000,0.111340,0.500000,0.055670,0.581297,0.300000,0.174389,1.000000,0.200000,0.200000,0.300000,0.500000,-0.150000,1.000000,0.500000,-0.500000,0.500000,0.100000,-0.050000
t10-d0.4-a0.7-sparse,10,0.400000,0.700000,7,1105,960,ga,curated-textbook,weighted,goal-priority,20260927,1,2,true,true,true,1,1,,7,3,755,0.786458,false,0.000000,0.157635,1.480022,60,40,2440,2619,false,0.000000,-0.269941,0.000000,1.000000,0.111340,0.500000,0.055670,0.581297,0.300000,0.174389,1.000000,0.200000,0.200000,0.300000,0.500000,-0.150000,1.000000,0.500000,-0.500000,0.500000,0.100000,-0.050000
t10-d0.4-a0.7-sparse,10,0.400000,0.700000,7,1105,960,ga,curated-textbook,weighted,goal-priority,20260928,1,2,true,true,true,1,1,,7,3,755,0.786458,false,0.000000,0.157635,1.480022,60,40,2440,2524,false,0.000000,-0.269941,0.000000,1.000000,0.111340,0.500000,0.055670,0.581297,0.300000,0.174389,1.000000,0.200000,0.200000,0.300000,0.500000,-0.150000,1.000000,0.500000,-0.500000,0.500000,0.100000,-0.050000
t10-d0.4-a0.7-sparse,10,0.400000,0.700000,7,1105,960,ga,curated-textbook,weighted,goal-priority,20260929,1,2,true,true,true,1,1,,7,3,755,0.786458,false,0.000000,0.157635,1.480022,60,40,2440,2772,false,0.000000,-0.269941,0.000000,1.000000,0.111340,0.500000,0.055670,0.581297,0.300000,0.174389,1.000000,0.200000,0.200000,0.300000,0.500000,-0.150000,1.000000,0.500000,-0.500000,0.500000,0.100000,-0.050000
t10-d0.4-a0.7-sparse,10,0.400000,0.700000,7,1105,960,ga,all,weighted,goal-priority,20260925,2,2,true,true,true,1,1,,7,3,755,0.786458,false,0.000000,0.157635,1.480022,60,40,2440,2671,false,0.000000,-0.269941,0.000000,1.000000,0.111340,0.500000,0.055670,0.581297,0.300000,0.174389,1.000000,0.200000,0.200000,0.300000,0.500000,-0.150000,1.000000,0.500000,-0.500000,0.500000,0.100000,-0.050000
t10-d0.4-a0.7-sparse,10,0.400000,0.700000,7,1105,960,ga,all,weighted,goal-priority,20260926,2,2,true,true,true,1,1,,7,3,755,0.786458,false,0.000000,0.157635,1.480022,60,40,2440,2723,false,0.000000,-0.269941,0.000000,1.000000,0.111340,0.500000,0.055670,0.581297,0.300000,0.174389,1.000000,0.200000,0.200000,0.300000,0.500000,-0.150000,1.000000,0.500000,-0.500000,0.500000,0.100000,-0.050000
t10-d0.4-a0.7-sparse,10,0.400000,0.700000,7,1105,960,ga,all,weighted,goal-priority,20260927,2,2,true,true,true,1,1,,7,3,755,0.786458,false,0.000000,0.157635,1.480022,60,40,2440,3382,false,0.000000,-0.269941,0.000000,1.000000,0.111340,0.500000,0.055670,0.581297,0.300000,0.174389,1.000000,0.200000,0.200000,0.300000,0.500000,-0.150000,1.000000,0.500000,-0.500000,0.500000,0.100000,-0.050000
t10-d0.4-a0.7-sparse,10,0.400000,0.700000,7,1105,960,ga,all,weighted,goal-priority,20260928,2,2,true,true,true,1,1,,7,3,755,0.786458,false,0.000000,0.157635,1.480022,60,40,2440,3439,false,0.000000,-0.269941,0.000000,1.000000,0.111340,0.500000,0.055670,0.581297,0.300000,0.174389,1.000000,0.200000,0.200000,0.300000,0.500000,-0.150000,1.000000,0.500000,-0.500000,0.500000,0.100000,-0.050000
t10-d0.4-a0.7-sparse,10,0.400000,0.700000,7,1105,960,ga,all,weighted,goal-priority,20260929,2,2,true,true,true,1,1,,7,3,755,0.786458,false,0.000000,0.157635,1.480022,60,40,2440,3338,false,0.000000,-0.269941,0.000000,1.000000,0.111340,0.500000,0.055670,0.581297,0.300000,0.174389,1.000000,0.200000,0.200000,0.300000,0.500000,-0.150000,1.000000,0.500000,-0.500000,0.500000,0.100000,-0.050000
t10-d0.4-a0.7-sparse,10,0.400000,0.700000,7,1105,960,ga-timeline,curated,lexicographic,goal-priority,20260925,1,1,true,true,true,37,0,0,7,3,817,0.851042,true,0.017857,0.288366,1.153465,60,40,2440,42220,true,0.000000,-0.213586,0.000000,1.000000,0.078830,0.500000,0.039415,0.668568,0.300000,0.200570,0.982143,0.200000,0.196429,0.300000,0.500000,-0.150000,1.000000,0.500000,-0.500000,0.000000,0.100000,-0.000000
t10-d0.4-a0.7-sparse,10,0.400000,0.700000,7,1105,960,ga-timeline,curated,lexicographic,goal-priority,20260926,1,1,true,true,true,37,0,0,7,3,817,0.851042,true,0.017857,0.257426,1.201320,60,40,2440,31379,true,0.000000,-0.213586,0.000000,1.000000,0.078830,0.500000,0.039415,0.668568,0.300000,0.200570,0.982143,0.200000,0.196429,0.300000,0.500000,-0.150000,1.000000,0.500000,-0.500000,0.000000,0.100000,-0.000000
t10-d0.4-a0.7-sparse,10,0.400000,0.700000,7,1105,960,ga-timeline,curated,lexicographic,goal-priority,20260927,1,1,true,true,true,35,0,0,7,3,817,0.851042,true,0.017857,0.288366,1.153465,60,40,2440,27682,true,0.000000,-0.213586,0.000000,1.000000,0.078830,0.500000,0.039415,0.668568,0.300000,0.200570,0.982143,0.200000,0.196429,0.300000,0.500000,-0.150000,1.000000,0.500000,-0.500000,0.000000,0.100000,-0.000000
t10-d0.4-a0.7-sparse,10,0.400000,0.700000,7,1105,960,ga-timeline,curated,lexicographic,goal-priority,20260928,1,1,true,true,true,36,0,0,7,3,817,0.851042,true,0.017857,0.257426,1.201320,60,40,2440,28411,true,0.000000,-0.213586,0.000000,1.000000,0.078830,0.500000,0.039415,0.668568,0.300000,0.200570,0.982143,0.200000,0.196429,0.300000,0.500000,-0.150000,1.000000,0.500000,-0.500000,0.000000,0.100000,-0.000000
t10-d0.4-a0.7-sparse,10,0.400000,0.700000,7,1105,960,ga-timeline,curated,lexicographic,goal-priority,20260929,1,1,true,true,true,36,0,0,7,3,817,0.851042,true,0.017857,0.257426,1.201320,60,40,2440,28296,true,0.000000,-0.213586,0.000000,1.000000,0.078830,0.500000,0.039415,0.668568,0.300000,0.200570,0.982143,0.200000,0.196429,0.300000,0.500000,-0.150000,1.000000,0.500000,-0.500000,0.000000,0.100000,-0.000000
t10-d0.4-a0.7-sparse,10,0.400000,0.700000,7,1105,960,ga-timeline,curated-textbook,lexicographic,goal-priority,20260925,1,2,true,true,true,38,0,0,7,3,817,0.851042,true,0.017857,0.288366,1.153465,60,40,2440,28497,true,0.000000,-0.213586,0.000000,1.000000,0.078830,0.500000,0.039415,0.668568,0.300000,0.200570,0.982143,0.200000,0.196429,0.300000,0.500000,-0.150000,1.000000,0.500000,-0.500000,0.000000,0.100000,-0.000000
t10-d0.4-a0.7-sparse,10,0.400000,0.700000,7,1105,960,ga-timeline,curated-textbook,lexicographic,goal-priority,20260926,1,2,true,true,true,38,0,0,7,3,817,0.851042,true,0.017857,0.288366,1.201320,60,40,2440,31731,true,0.000000,-0.213586,0.000000,1.000000,0.078830,0.500000,0.039415,0.668568,0.300000,0.200570,0.982143,0.200000,0.196429,0.300000,0.500000,-0.150000,1.000000,0.500000,-0.500000,0.000000,0.100000,-0.000000
t10-d0.4-a0.7-sparse,10,0.400000,0.700000,7,1105,960,ga-timeline,curated-textbook,lexicographic,goal-priority,20260927,1,2,true,true,true,37,0,0,7,3,817,0.851042,true,0.017857,0.257426,1.201320,60,40,2440,29193,true,0.000000,-0.213586,0.000000,1.000000,0.078830,0.500000,0.039415,0.668568,0.300000,0.200570,0.982143,0.200000,0.196429,0.300000,0.500000,-0.150000,1.000000,0.500000,-0.500000,0.000000,0.100000,-0.000000
t10-d0.4-a0.7-sparse,10,0.400000,0.700000,7,1105,960,ga-timeline,curated-textbook,lexicographic,goal-priority,20260928,1,2,true,true,true,39,0,0,7,3,817,0.851042,true,0.017857,0.257426,1.201320,60,40,2440,25270,true,0.000000,-0.213586,0.000000,1.000000,0.078830,0.500000,0.039415,0.668568,0.300000,0.200570,0.982143,0.200000,0.196429,0.300000,0.500000,-0.150000,1.000000,0.500000,-0.500000,0.000000,0.100000,-0.000000
t10-d0.4-a0.7-sparse,10,0.400000,0.700000,7,1105,960,ga-timeline,curated-textbook,lexicographic,goal-priority,20260929,1,2,true,true,true,37,0,0,7,3,817,0.851042,true,0.017857,0.257426,1.201320,60,40,2440,24893,true,0.000000,-0.213586,0.000000,1.000000,0.078830,0.500000,0.039415,0.668568,0.300000,0.200570,0.982143,0.200000,0.196429,0.300000,0.500000,-0.150000,1.000000,0.500000,-0.500000,0.000000,0.100000,-0.000000
t10-d0.4-a0.7-sparse,10,0.400000,0.700000,7,1105,960,ga-timeline,all,lexicographic,goal-priority,20260925,2,2,true,true,true,34,0,0,8,2,914,0.952083,false,0.000000,0.311636,1.298261,60,40,2440,48213,true,0.000000,-0.141116,0.000000,1.000000,0.128756,0.500000,0.064378,0.648353,0.300000,0.194506,1.000000,0.200000,0.200000,0.200000,0.500000,-0.100000,1.000000,0.500000,-0.500000,0.000000,0.100000,-0.000000
t10-d0.4-a0.7-sparse,10,0.400000,0.700000,7,1105,960,ga-timeline,all,lexicographic,goal-priority,20260926,2,2,true,true,true,37,0,0,8,2,914,0.952083,false,0.000000,0.311636,1.298261,60,40,2440,30560,true,0.000000,-0.141116,0.000000,1.000000,0.128756,0.500000,0.064378,0.648353,0.300000,0.194506,1.000000,0.200000,0.200000,0.200000,0.500000,-0.100000,1.000000,0.500000,-0.500000,0.000000,0.100000,-0.000000
t10-d0.4-a0.7-sparse,10,0.400000,0.700000,7,1105,960,ga-timeline,all,lexicographic,goal-priority,20260927,2,2,true,true,true,35,0,0,8,2,914,0.952083,false,0.000000,0.311636,1.298261,60,40,2440,29662,true,0.000000,-0.141116,0.000000,1.000000,0.128756,0.500000,0.064378,0.648353,0.300000,0.194506,1.000000,0.200000,0.200000,0.200000,0.500000,-0.100000,1.000000,0.500000,-0.500000,0.000000,0.100000,-0.000000
t10-d0.4-a0.7-sparse,10,0.400000,0.700000,7,1105,960,ga-timeline,all,lexicographic,goal-priority,20260928,2,2,true,true,true,38,0,0,8,2,914,0.952083,false,0.000000,0.311636,1.298261,60,40,2440,38563,true,0.000000,-0.141116,0.000000,1.000000,0.128756,0.500000,0.064378,0.648353,0.300000,0.194506,1.000000,0.200000,0.200000,0.200000,0.500000,-0.100000,1.000000,0.500000,-0.500000,0.000000,0.100000,-0.000000
t10-d0.4-a0.7-sparse,10,0.400000,0.700000,7,1105,960,ga-timeline,all,lexicographic,goal-priority,20260929,2,2,true,true,true,37,0,0,8,2,914,0.952083,false,0.000000,0.311636,1.298261,60,40,2440,28040,true,0.000000,-0.141116,0.000000,1.000000,0.128756,0.500000,0.064378,0.648353,0.300000,0.194506,1.000000,0.200000,0.200000,0.200000,0.500000,-0.100000,1.000000,0.500000,-0.500000,0.000000,0.100000,-0.000000
t10-d0.4-a0.7-sparse,10,0.400000,0.700000,7,1105,960,ga-timeline,curated,weighted,goal-priority,20260925,1,1,true,true,true,37,0,,7,3,817,0.851042,true,0.017857,0.288366,1.153465,60,40,2440,31685,true,0.136414,0.136414,0.136414,1.000000,0.078830,0.500000,0.039415,0.668568,0.300000,0.200570,0.982143,0.200000,0.196429,0.300000,0.500000,-0.150000,0.300000,0.500000,-0.150000,0.000000,0.100000,-0.000000
t10-d0.4-a0.7-sparse,10,0.400000,0.700000,7,1105,960,ga-timeline,curated,weighted,goal-priority,20260926,1,1,true,true,true,37,0,,7,3,817,0.851042,true,0.017857,0.257426,1.201320,60,40,2440,24936,true,0.136414,0.136414,0.136414,1.000000,0.078830,0.500000,0.039415,0.668568,0.300000,0.200570,0.982143,0.200000,0.196429,0.300000,0.500000,-0.150000,0.300000,0.500000,-0.150000,0.000000,0.100000,-0.000000
t10-d0.4-a0.7-sparse,10,0.400000,0.700000,7,1105,960,ga-timeline,curated,weighted,goal-priority,20260927,1,1,true,true,true,35,0,,7,3,817,0.851042,true,0.017857,0.288366,1.153465,60,40,2440,29571,true,0.136414,0.136414,0.136414,1.000000,0.078830,0.500000,0.039415,0.668568,0.300000,0.200570,0.982143,0.200000,0.196429,0.300000,0.500000,-0.150000,0.300000,0.500000,-0.150000,0.000000,0.100000,-0.000000
t10-d0.4-a0.7-sparse,10,0.400000,0.700000,7,1105,960,ga-timeline,curated,weighted,goal-priority,20260928,1,1,true,true,true,36,0,,7,3,817,0.851042,true,0.017857,0.257426,1.201320,60,40,2440,37934,true,0.136414,0.136414,0.136414,1.000000,0.078830,0.500000,0.039415,0.668568,0.300000,0.200570,0.982143,0.200000,0.196429,0.300000,0.500000,-0.150000,0.300000,0.500000,-0.150000,0.000000,0.100000,-0.000000
t10-d0.4-a0.7-sparse,10,0.400000,0.700000,7,1105,960,ga-timeline,curated,weighted,goal-priority,20260929,1,1,true,true,true,36,0,,7,3,817,0.851042,true,0.017857,0.257426,1.201320,60,40,2440,28766,true,0.136414,0.136414,0.136414,1.000000,0.078830,0.500000,0.039415,0.668568,0.300000,0.200570,0.982143,0.200000,0.196429,0.300000,0.500000,-0.150000,0.300000,0.500000,-0.150000,0.000000,0.100000,-0.000000
t10-d0.4-a0.7-sparse,10,0.400000,0.700000,7,1105,960,ga-timeline,curated-textbook,weighted,goal-priority,20260925,1,2,true,true,true,38,0,,7,3,817,0.851042,true,0.017857,0.288366,1.153465,60,40,2440,29109,true,0.136414,0.136414,0.136414,1.000000,0.078830,0.500000,0.039415,0.668568,0.300000,0.200570,0.982143,0.200000,0.196429,0.300000,0.500000,-0.150000,0.300000,0.500000,-0.150000,0.000000,0.100000,-0.000000
t10-d0.4-a0.7-sparse,10,0.400000,0.700000,7,1105,960,ga-timeline,curated-textbook,weighted,goal-priority,20260926,1,2,true,true,true,38,0,,7,3,817,0.851042,true,0.017857,0.288366,1.201320,60,40,2440,34120,true,0.136414,0.136414,0.136414,1.000000,0.078830,0.500000,0.039415,0.668568,0.300000,0.200570,0.982143,0.200000,0.196429,0.300000,0.500000,-0.150000,0.300000,0.500000,-0.150000,0.000000,0.100000,-0.000000
t10-d0.4-a0.7-sparse,10,0.400000,0.700000,7,1105,960,ga-timeline,curated-textbook,weighted,goal-priority,20260927,1,2,true,true,true,37,0,,7,3,817,0.851042,true,0.017857,0.257426,1.201320,60,40,2440,41944,true,0.136414,0.136414,0.136414,1.000000,0.078830,0.500000,0.039415,0.668568,0.300000,0.200570,0.982143,0.200000,0.196429,0.300000,0.500000,-0.150000,0.300000,0.500000,-0.150000,0.000000,0.100000,-0.000000
t10-d0.4-a0.7-sparse,10,0.400000,0.700000,7,1105,960,ga-timeline,curated-textbook,weighted,goal-priority,20260928,1,2,true,true,true,39,0,,7,3,817,0.851042,true,0.017857,0.257426,1.201320,60,40,2440,42763,true,0.136414,0.136414,0.136414,1.000000,0.078830,0.500000,0.039415,0.668568,0.300000,0.200570,0.982143,0.200000,0.196429,0.300000,0.500000,-0.150000,0.300000,0.500000,-0.150000,0.000000,0.100000,-0.000000
t10-d0.4-a0.7-sparse,10,0.400000,0.700000,7,1105,960,ga-timeline,curated-textbook,weighted,goal-priority,20260929,1,2,true,true,true,37,0,,7,3,817,0.851042,true,0.017857,0.257426,1.201320,60,40,2440,35391,true,0.136414,0.136414,0.136414,1.000000,0.078830,0.500000,0.039415,0.668568,0.300000,0.200570,0.982143,0.200000,0.196429,0.300000,0.500000,-0.150000,0.300000,0.500000,-0.150000,0.000000,0.100000,-0.000000
t10-d0.4-a0.7-sparse,10,0.400000,0.700000,7,1105,960,ga-timeline,all,weighted,goal-priority,20260925,2,2,true,true,true,34,0,,8,2,914,0.952083,false,0.000000,0.311636,1.298261,60,40,2440,30056,true,0.158884,0.158884,0.158884,1.000000,0.128756,0.500000,0.064378,0.648353,0.300000,0.194506,1.000000,0.200000,0.200000,0.200000,0.500000,-0.100000,0.400000,0.500000,-0.200000,0.000000,0.100000,-0.000000
t10-d0.4-a0.7-sparse,10,0.400000,0.700000,7,1105,960,ga-timeline,all,weighted,goal-priority,20260926,2,2,true,true,true,37,0,,8,2,914,0.952083,false,0.000000,0.311636,1.298261,60,40,2440,27105,true,0.158884,0.158884,0.158884,1.000000,0.128756,0.500000,0.064378,0.648353,0.300000,0.194506,1.000000,0.200000,0.200000,0.200000,0.500000,-0.100000,0.400000,0.500000,-0.200000,0.000000,0.100000,-0.000000
t10-d0.4-a0.7-sparse,10,0.400000,0.700000,7,1105,960,ga-timeline,all,weighted,goal-priority,20260927,2,2,true,true,true,35,0,,8,2,914,0.952083,false,0.000000,0.311636,1.298261,60,40,2440,29163,true,0.158884,0.158884,0.158884,1.000000,0.128756,0.500000,0.064378,0.648353,0.300000,0.194506,1.000000,0.200000,0.200000,0.200000,0.500000,-0.100000,0.400000,0.500000,-0.200000,0.000000,0.100000,-0.000000
t10-d0.4-a0.7-sparse,10,0.400000,0.700000,7,1105,960,ga-timeline,all,weighted,goal-priority,20260928,2,2,true,true,true,38,0,,8,2,914,0.952083,false,0.000000,0.311636,1.298261,60,40,2440,29165,true,0.158884,0.158884,0.158884,1.000000,0.128756,0.500000,0.064378,0.648353,0.300000,0.194506,1.000000,0.200000,0.200000,0.200000,0.500000,-0.100000,0.400000,0.500000,-0.200000,0.000000,0.100000,-0.000000
t10-d0.4-a0.7-sparse,10,0.400000,0.700000,7,1105,960,ga-timeline,all,weighted,goal-priority,20260929,2,2,true,true,true,37,0,,8,2,914,0.952083,false,0.000000,0.311636,1.298261,60,40,2440,36226,true,0.158884,0.158884,0.158884,1.000000,0.128756,0.500000,0.064378,0.648353,0.300000,0.194506,1.000000,0.200000,0.200000,0.200000,0.500000,-0.100000,0.400000,0.500000,-0.200000,0.000000,0.100000,-0.000000
t10-d0.4-a1.0-compact,10,0.400000,1.000000,5,1034,1200,ga,curated,lexicographic,goal-priority,20260925,1,1,true,true,true,10,0,1,8,2,879,0.732500,false,0.000000,0.256964,1.402498,60,40,2440,3981,false,0.000000,-0.042687,0.000000,1.000000,0.148115,0.500000,0.074058,0.777519,0.300000,0.233256,1.000000,0.200000,0.200000,0.200000,0.500000,-0.100000,0.900000,0.500000,-0.450000,0.000000,0.100000,-0.000000
t10-d0.4-a1.0-compact,10,0.400000,1.000000,5,1034,1200,ga,curated,lexicographic,goal-priority,20260926,1,1,true,true,true,10,0,1,8,2,879,0.732500,false,0.000000,0.256964,1.402498,60,40,2440,3068,false,0.000000,-0.042687,0.000000,1.000000,0.148115,0.500000,0.074058,0.777519,0.300000,0.233256,1.000000,0.200000,0.200000,0.200000,0.500000,-0.100000,0.900000,0.500000,-0.450000,0.000000,0.100000,-0.000000
t10-d0.4-a1.0-compact,10,0.400000,1.000000,5,1034,1200,ga,curated,lexicographic,goal-priority,20260927,1,1,true,true,true,10,0,1,8,2,879,0.732500,false,0.000000,0.256964,1.402498,60,40,2440,2901,false,0.000000,-0.042687,0.000000,1.000000,0.148115,0.500000,0.074058,0.777519,0.300000,0.233256,1.000000,0.200000,0.200000,0.200000,0.500000,-0.100000,0.900000,0.500000,-0.450000,0.000000,0.100000,-0.000000
t10-d0.4-a1.0-compact,10,0.400000,1.000000,5,1034,1200,ga,curated,lexicographic,goal-priority,20260928,1,1,true,true,true,9,0,1,8,2,879,0.732500,false,0.000000,0.256964,1.402498,60,40,2440,3265,false,0.000000,-0.042687,0.000000,1.000000,0.148115,0.500000,0.074058,0.777519,0.300000,0.233256,1.000000,0.200000,0.200000,0.200000,0.500000,-0.100000,0.900000,0.500000,-0.450000,0.000000,0.100000,-0.000000
t10-d0.4-a1.0-compact,10,0.400000,1.000000,5,1034,1200,ga,curated,lexicographic,goal-priority,20260929,1,1,true,true,true,10,0,1,8,2,879,0.732500,false,0.000000,0.256964,1.402498,60,40,2440,3071,false,0.000000,-0.042687,0.000000,1.000000,0.148115,0.500000,0.074058,0.777519,0.300000,0.233256,1.000000,0.200000,0.200000,0.200000,0.500000,-0.100000,0.900000,0.500000,-0.450000,0.000000,0.100000,-0.000000
t10-d0.4-a1.0-compact,10,0.400000,1.000000,5,1034,1200,ga,curated-textbook,lexicographic,goal-priority,20260925,1,2,true,true,true,10,0,1,8,2,879,0.732500,false,0.000000,0.256964,1.402498,60,40,2440,2841,false,0.000000,-0.042687,0.000000,1.000000,0.148115,0.500000,0.074058,0.777519,0.300000,0.233256,1.000000,0.200000,0.200000,0.200000,0.500000,-0.100000,0.900000,0.500000,-0.450000,0.000000,0.100000,-0.000000
t10-d0.4-a1.0-compact,10,0.400000,1.000000,5,1034,1200,ga,curated-textbook,lexicographic,goal-priority,20260926,1,2,true,true,true,10,0,1,8,2,879,0.732500,false,0.000000,0.256964,1.402498,60,40,2440,2948,false,0.000000,-0.042687,0.000000,1.000000,0.148115,0.500000,0.074058,0.777519,0.300000,0.233256,1.000000,0.200000,0.200000,0.200000,0.500000,-0.100000,0.900000,0.500000,-0.450000,0.000000,0.100000,-0.000000
t10-d0.4-a1.0-compact,10,0.400000,1.000000,5,1034,1200,ga,curated-textbook,lexicographic,goal-priority,20260927,1,2,true,true,true,10,0,1,8,2,879,0.732500,false,0.000000,0.256964,1.402498,60,40,2440,2809,false,0.000000,-0.042687,0.000000,1.000000,0.148115,0.500000,0.074058,0.777519,0.300000,0.233256,1.000000,0.200000,0.200000,0.200000,0.500000,-0.100000,0.900000,0.500000,-0.450000,0.000000,0.100000,-0.000000
t10-d0.4-a1.0-compact,10,0.400000,1.000000,5,1034,1200,ga,curated-textbook,lexicographic,goal-priority,20260928,1,2,true,true,true,9,0,1,8,2,879,0.732500,false,0.000000,0.256964,1.402498,60,40,2440,3080,false,0.000000,-0.042687,0.000000,1.000000,0.148115,0.500000,0.074058,0.777519,0.300000,0.233256,1.000000,0.200000,0.200000,0.200000,0.500000,-0.100000,0.900000,0.500000,-0.450000,0.000000,0.100000,-0.000000
t10-d0.4-a1.0-compact,10,0.400000,1.000000,5,1034,1200,ga,curated-textbook,lexicographic,goal-priority,20260929,1,2,true,true,true,10,0,1,8,2,879,0.732500,false,0.000000,0.256964,1.402498,60,40,2440,2839,false,0.000000,-0.042687,0.000000,1.000000,0.148115,0.500000,0.074058,0.777519,0.300000,0.233256,1.000000,0.200000,0.200000,0.200000,0.500000,-0.100000,0.900000,0.500000,-0.450000,0.000000,0.100000,-0.000000
t10-d0.4-a1.0-compact,10,0.400000,1.000000,5,1034,1200,ga,all,lexicographic,goal-priority,20260925,2,2,true,true,true,10,0,1,8,2,879,0.732500,false,0.000000,0.256964,1.402498,60,40,2440,3003,false,0.000000,-0.042687,0.000000,1.000000,0.148115,0.500000,0.074058,0.777519,0.300000,0.233256,1.000000,0.200000,0.200000,0.200000,0.500000,-0.100000,0.900000,0.500000,-0.450000,0.000000,0.100000,-0.000000
t10-d0.4-a1.0-compact,10,0.400000,1.000000,5,1034,1200,ga,all,lexicographic,goal-priority,20260926,2,2,true,true,true,10,0,1,8,2,879,0.732500,false,0.000000,0.256964,1.402498,60,40,2440,3093,false,0.000000,-0.042687,0.000000,1.000000,0.148115,0.500000,0.074058,0.777519,0.300000,0.233256,1.000000,0.200000,0.200000,0.200000,0.500000,-0.100000,0.900000,0.500000,-0.450000,0.000000,0.100000,-0.000000
t10-d0.4-a1.0-compact,10,0.400000,1.000000,5,1034,1200,ga,all,lexicographic,goal-priority,20260927,2,2,true,true,true,10,0,1,8,2,879,0.732500,false,0.000000,0.256964,1.402498,60,40,2440,2764,false,0.000000,-0.042687,0.000000,1.000000,0.148115,0.500000,0.074058,0.777519,0.300000,0.233256,1.000000,0.200000,0.200000,0.200000,0.500000,-0.100000,0.900000,0.500000,-0.450000,0.000000,0.100000,-0.000000
t10-d0.4-a1.0-compact,10,0.400000,1.000000,5,1034,1200,ga,all,lexicographic,goal-priority,20260928,2,2,true,true,true,9,0,1,8,2,879,0.732500,false,0.000000,0.256964,1.402498,60,40,2440,2965,false,0.000000,-0.042687,0.000000,1.000000,0.148115,0.500000,0.074058,0.777519,0.300000,0.233256,1.000000,0.200000,0.200000,0.200000,0.500000,-0.100000,0.900000,0.500000,-0.450000,0.000000,0.100000,-0.000000
t10-d0.4-a1.0-compact,10,0.400000,1.000000,5,1034,1200,ga,all,lexicographic,goal-priority,20260929,2,2,true,true,true,10,0,1,8,2,879,0.732500,false,0.000000,0.256964,1.402498,60,40,2440,2626,false,0.000000,-0.042687,0.000000,1.000000,0.148115,0.500000,0.074058,0.777519,0.300000,0.233256,1.000000,0.200000,0.200000,0.200000,0.500000,-0.100000,0.900000,0.500000,-0.450000,0.000000,0.100000,-0.000000
t10-d0.4-a1.0-compact,10,0.400000,1.000000,5,1034,1200,ga,curated,weighted,goal-priority,20260925,1,1,true,true,true,10,1,,8,2,879,0.732500,false,0.000000,0.256964,1.402498,60,40,2440,2686,false,0.000000,-0.067687,0.000000,1.000000,0.148115,0.500000,0.074058,0.777519,0.300000,0.233256,1.000000,0.200000,0.200000,0.200000,0.500000,-0.100000,0.900000,0.500000,-0.450000,0.250000,0.100000,-0.025000
t10-d0.4-a1.0-compact,10,0.400000,1.000000,5,1034,1200,ga,curated,weighted,goal-priority,20260926,1,1,true,true,true,10,1,,8,2,879,0.732500,false,0.000000,0.256964,1.402498,60,40,2440,2894,false,0.000000,-0.067687,0.000000,1.000000,0.148115,0.500000,0.074058,0.777519,0.300000,0.233256,1.000000,0.200000,0.200000,0.200000,0.500000,-0.100000,0.900000,0.500000,-0.450000,0.250000,0.100000,-0.025000
t10-d0.4-a1.0-compact,10,0.400000,1.000000,5,1034,1200,ga,curated,weighted,goal-priority,20260927,1,1,true,true,true,10,1,,8,2,879,0.732500,false,0.000000,0.256964,1.402498,60,40,2440,2761,false,0.000000,-0.067687,0.000000,1.000000,0.148115,0.500000,0.074058,0.777519,0.300000,0.233256,1.000000,0.200000,0.200000,0.200000,0.500000,-0.100000,0.900000,0.500000,-0.450000,0.250000,0.100000,-0.025000
t10-d0.4-a1.0-compact,10,0.400000,1.000000,5,1034,1200,ga,curated,weighted,goal-priority,20260928,1,1,true,true,true,9,1,,8,2,879,0.732500,false,0.000000,0.256964,1.402498,60,40,2440,2715,false,0.000000,-0.067687,0.000000,1.000000,0.148115,0.500000,0.074058,0.777519,0.300000,0.233256,1.000000,0.200000,0.200000,0.200000,0.500000,-0.100000,0.900000,0.500000,-0.450000,0.250000,0.100000,-0.025000
t10-d0.4-a1.0-compact,10,0.400000,1.000000,5,1034,1200,ga,curated,weighted,goal-priority,20260929,1,1,true,true,true,10,1,,8,2,879,0.732500,false,0.000000,0.256964,1.402498,60,40,2440,3550,false,0.000000,-0.067687,0.000000,1.000000,0.148115,0.500000,0.074058,0.777519,0.300000,0.233256,1.000000,0.200000,0.200000,0.200000,0.500000,-0.100000,0.900000,0.500000,-0.450000,0.250000,0.100000,-0.025000
t10-d0.4-a1.0-compact,10,0.400000,1.000000,5,1034,1200,ga,curated-textbook,weighted,goal-priority,20260925,1,2,true,true,true,10,1,,8,2,879,0.732500,false,0.000000,0.256964,1.402498,60,40,2440,2835,false,0.000000,-0.055187,0.000000,1.000000,0.148115,0.500000,0.074058,0.777519,0.300000,0.233256,1.000000,0.200000,0.200000,0.200000,0.500000,-0.100000,0.900000,0.500000,-0.450000,0.125000,0.100000,-0.012500
t10-d0.4-a1.0-compact,10,0.400000,1.000000,5,1034,1200,ga,curated-textbook,weighted,goal-priority,20260926,1,2,true,true,true,10,1,,8,2,879,0.732500,false,0.000000,0.256964,1.402498,60,40,2440,2603,false,0.000000,-0.055187,0.000000,1.000000,0.148115,0.500000,0.074058,0.777519,0.300000,0.233256,1.000000,0.200000,0.200000,0.200000,0.500000,-0.100000,0.900000,0.500000,-0.450000,0.125000,0.100000,-0.012500
t10-d0.4-a1.0-compact,10,0.400000,1.000000,5,1034,1200,ga,curated-textbook,weighted,goal-priority,20260927,1,2,true,true,true,10,1,,8,2,879,0.732500,false,0.000000,0.256964,1.402498,60,40,2440,2581,false,0.000000,-0.055187,0.000000,1.000000,0.148115,0.500000,0.074058,0.777519,0.300000,0.233256,1.000000,0.200000,0.200000,0.200000,0.500000,-0.100000,0.900000,0.500000,-0.450000,0.125000,0.100000,-0.012500
t10-d0.4-a1.0-compact,10,0.400000,1.000000,5,1034,1200,ga,curated-textbook,weighted,goal-priority,20260928,1,2,true,true,true,9,1,,8,2,879,0.732500,false,0.000000,0.256964,1.402498,60,40,2440,2553,false,0.000000,-0.055187,0.000000,1.000000,0.148115,0.500000,0.074058,0.777519,0.300000,0.233256,1.000000,0.200000,0.200000,0.200000,0.500000,-0.100000,0.900000,0.500000,-0.450000,0.125000,0.100000,-0.012500
t10-d0.4-a1.0-compact,10,0.400000,1.000000,5,1034,1200,ga,curated-textbook,weighted,goal-priority,20260929,1,2,true,true,true,10,1,,8,2,879,0.732500,false,0.000000,0.256964,1.402498,60,40,2440,2705,false,0.000000,-0.055187,0.000000,1.000000,0.148115,0.500000,0.074058,0.777519,0.300000,0.233256,1.000000,0.200000,0.200000,0.200000,0.500000,-0.100000,0.900000,0.500000,-0.450000,0.125000,0.100000,-0.012500
t10-d0.4-a1.0-compact,10,0.400000,1.000000,5,1034,1200,ga,all,weighted,goal-priority,20260925,2,2,true,true,true,10,1,,8,2,879,0.732500,false,0.000000,0.256964,1.402498,60,40,2440,2942,false,0.000000,-0.055187,0.000000,1.000000,0.148115,0.500000,0.074058,0.777519,0.300000,0.233256,1.000000,0.200000,0.200000,0.200000,0.500000,-0.100000,0.900000,0.500000,-0.450000,0.125000,0.100000,-0.012500
t10-d0.4-a1.0-compact,10,0.400000,1.000000,5,1034,1200,ga,all,weighted,goal-priority,20260926,2,2,true,true,true,10,1,,8,2,879,0.732500,false,0.000000,0.256964,1.402498,60,40,2440,2956,false,0.000000,-0.055187,0.000000,1.000000,0.148115,0.500000,0.074058,0.777519,0.300000,0.233256,1.000000,0.200000,0.200000,0.200000,0.500000,-0.100000,0.900000,0.500000,-0.450000,0.125000,0.100000,-0.012500
t10-d0.4-a1.0-compact,10,0.400000,1.000000,5,1034,1200,ga,all,weighted,goal-priority,20260927,2,2,true,true,true,10,1,,8,2,879,0.732500,false,0.000000,0.256964,1.402498,60,40,2440,3010,false,0.000000,-0.055187,0.000000,1.000000,0.148115,0.500000,0.074058,0.777519,0.300000,0.233256,1.000000,0.200000,0.200000,0.200000,0.500000,-0.100000,0.900000,0.500000,-0.450000,0.125000,0.100000,-0.012500
t10-d0.4-a1.0-compact,10,0.400000,1.000000,5,1034,1200,ga,all,weighted,goal-priority,20260928,2,2,true,true,true,9,1,,8,2,879,0.732500,false,0.000000,0.256964,1.402498,60,40,2440,2647,false,0.000000,-0.055187,0.000000,1.000000,0.148115,0.500000,0.074058,0.777519,0.300000,0.233256,1.000000,0.200000,0.200000,0.200000,0.500000,-0.100000,0.900000,0.500000,-0.450000,0.125000,0.100000,-0.012500
t10-d0.4-a1.0-compact,10,0.400000,1.000000,5,1034,1200,ga,all,weighted,goal-priority,20260929,2,2,true,true,true,10,1,,8,2,879,0.732500,false,0.000000,0.256964,1.402498,60,40,2440,2557,false,0.000000,-0.055187,0.000000,1.000000,0.148115,0.500000,0.074058,0.777519,0.300000,0.233256,1.000000,0.200000,0.200000,0.200000,0.500000,-0.100000,0.900000,0.500000,-0.450000,0.125000,0.100000,-0.012500
t10-d0.4-a1.0-compact,10,0.400000,1.000000,5,1034,1200,ga-timeline,curated,lexicographic,goal-priority,20260925,1,1,true,true,true,33,0,0,10,0,1034,0.861667,false,0.000000,0.589354,1.620194,60,40,2440,40704,true,0.045004,0.045004,0.045004,1.000000,0.147978,0.500000,0.073989,0.903384,0.300000,0.271015,1.000000,0.200000,0.200000,0.000000,0.500000,-0.000000,1.000000,0.500000,-0.500000,0.000000,0.100000,-0.000000
t10-d0.4-a1.0-compact,10,0.400000,1.000000,5,1034,1200,ga-timeline,curated,lexicographic,goal-priority,20260926,1,1,true,true,true,32,0,0,10,0,1034,0.861667,false,0.000000,0.498099,1.620194,60,40,2440,52560,true,0.045004,0.045004,0.045004,1.000000,0.147978,0.500000,0.073989,0.903384,0.300000,0.271015,1.000000,0.200000,0.200000,0.000000,0.500000,-0.000000,1.000000,0.500000,-0.500000,0.000000,0.100000,-0.000000
t10-d0.4-a1.0-compact,10,0.400000,1.000000,5,1034,1200,ga-timeline,curated,lexicographic,goal-priority,20260927,1,1,true,true,true,32,0,0,10,0,1115,0.929167,false,0.000000,0.427696,1.358252,60,40,2440,47842,true,0.123050,0.123050,0.123050,1.000000,0.177979,0.500000,0.088989,0.946869,0.300000,0.284061,1.000000,0.200000,0.200000,0.000000,0.500000,-0.000000,0.900000,0.500000,-0.450000,0.000000,0.100000,-0.000000
t10-d0.4-a1.0-compact,10,0.400000,1.000000,5,1034,1200,ga-timeline,curated,lexicographic,goal-priority,20260928,1,1,true,true,true,38,0,0,10,0,1034,0.861667,false,0.000000,0.589354,1.698352,60,40,2440,47313,true,0.045004,0.045004,0.045004,1.000000,0.147978,0.500000,0.073989,0.903384,0.300000,0.271015,1.000000,0.200000,0.200000,0.000000,0.500000,-0.000000,1.000000,0.500000,-0.500000,0.000000,0.100000,-0.000000
t10-d0.4-a1.0-compact,10,0.400000,1.000000,5,1034,1200,ga-timeline,curated,lexicographic,goal-priority,20260929,1,1,true,true,true,35,0,0,10,0,1034,0.861667,false,0.000000,0.540346,1.698352,60,40,2440,54014,true,0.045004,0.045004,0.045004,1.000000,0.147978,0.500000,0.073989,0.903384,0.300000,0.271015,1.000000,0.200000,0.200000,0.000000,0.500000,-0.000000,1.000000,0.500000,-0.500000,0.000000,0.100000,-0.000000
t10-d0.4-a1.0-compact,10,0.400000,1.000000,5,1034,1200,ga-timeline,curated-textbook,lexicographic,goal-priority,20260925,1,2,true,true,true,33,0,0,10,0,1115,0.929167,false,0.000000,0.350082,1.358252,60,40,2440,40087,true,0.123050,0.123050,0.123050,1.000000,0.177979,0.500000,0.088989,0.946869,0.300000,0.284061,1.000000,0.200000,0.200000,0.000000,0.500000,-0.000000,0.900000,0.500000,-0.450000,0.000000,0.100000,-0.000000
t10-d0.4-a1.0-compact,10,0.400000,1.000000,5,1034,1200,ga-timeline,curated-textbook,lexicographic,goal-priority,20260926,1,2,true,true,true,32,0,0,10,0,1034,0.861667,false,0.000000,0.589354,1.620194,60,40,2440,38648,true,0.045004,0.045004,0.045004,1.000000,0.147978,0.500000,0.073989,0.903384,0.300000,0.271015,1.000000,0.200000,0.200000,0.000000,0.500000,-0.000000,1.000000,0.500000,-0.500000,0.000000,0.100000,-0.000000
t10-d0.4-a1.0-compact,10,0.400000,1.000000,5,1034,1200,ga-timeline,curated-textbook,lexicographic,goal-priority,20260927,1,2,true,true,true,32,0,0,10,0,1115,0.929167,false,0.000000,0.324346,1.358252,60,40,2440,40971,true,0.123050,0.123050,0.123050,1.000000,0.177979,0.500000,0.088989,0.946869,0.300000,0.284061,1.000000,0.200000,0.200000,0.000000,0.500000,-0.000000,0.900000,0.500000,-0.450000,0.000000,0.100000,-0.000000
t10-d0.4-a1.0-compact,10,0.400000,1.000000,5,1034,1200,ga-timeline,curated-textbook,lexicographic,goal-priority,20260928,1,2,true,true,true,39,0,0,10,0,1034,0.861667,false,0.000000,0.511618,1.487114,60,40,2440,44947,true,0.045004,0.045004,0.045004,1.000000,0.147978,0.500000,0.073989,0.903384,0.300000,0.271015,1.000000,0.200000,0.200000,0.000000,0.500000,-0.000000,1.000000,0.500000,-0.500000,0.000000,0.100000,-0.000000
t10-d0.4-a1.0-compact,10,0.400000,1.000000,5,1034,1200,ga-timeline,curated-textbook,lexicographic,goal-priority,20260929,1,2,true,true,true,35,0,0,10,0,1115,0.929167,false,0.000000,0.469363,1.566585,60,40,2440,39662,true,0.123050,0.123050,0.123050,1.000000,0.177979,0.500000,0.088989,0.946869,0.300000,0.284061,1.000000,0.200000,0.200000,0.000000,0.500000,-0.000000,0.900000,0.500000,-0.450000,0.000000,0.100000,-0.000000
t10-d0.4-a1.0-compact,10,0.400000,1.000000,5,1034,1200,ga-timeline,all,lexicographic,goal-priority,20260925,2,2,true,true,true,36,0,0,10,0,1034,0.861667,false,0.000000,0.540346,1.698352,60,40,2440,38614,true,0.045004,0.045004,0.045004,1.000000,0.147978,0.500000,0.073989,0.903384,0.300000,0.271015,1.000000,0.200000,0.200000,0.000000,0.500000,-0.000000,1.000000,0.500000,-0.500000,0.000000,0.100000,-0.000000
t10-d0.4-a1.0-compact,10,0.400000,1.000000,5,1034,1200,ga-timeline,all,lexicographic,goal-priority,20260926,2,2,true,true,true,35,0,0,10,0,1115,0.929167,false,0.000000,0.469363,1.566585,60,40,2440,39442,true,0.123050,0.123050,0.123050,1.000000,0.177979,0.500000,0.088989,0.946869,0.300000,0.284061,1.000000,0.200000,0.200000,0.000000,0.500000,-0.000000,0.900000,0.500000,-0.450000,0.000000,0.100000,-0.000000
t10-d0.4-a1.0-compact,10,0.400000,1.000000,5,1034,1200,ga-timeline,all,lexicographic,goal-priority,20260927,2,2,true,true,true,32,0,0,10,0,1034,0.861667,false,0.000000,0.589354,1.620194,60,40,2440,37237,true,0.045004,0.045004,0.045004,1.000000,0.147978,0.500000,0.073989,0.903384,0.300000,0.271015,1.000000,0.200000,0.200000,0.000000,0.500000,-0.000000,1.000000,0.500000,-0.500000,0.000000,0.100000,-0.000000
t10-d0.4-a1.0-compact,10,0.400000,1.000000,5,1034,1200,ga-timeline,all,lexicographic,goal-priority,20260928,2,2,true,true,true,38,0,0,10,0,1115,0.929167,false,0.000000,0.427696,1.358252,60,40,2440,44831,true,0.123050,0.123050,0.123050,1.000000,0.177979,0.500000,0.088989,0.946869,0.300000,0.284061,1.000000,0.200000,0.200000,0.000000,0.500000,-0.000000,0.900000,0.500000,-0.450000,0.000000,0.100000,-0.000000
t10-d0.4-a1.0-compact,10,0.400000,1.000000,5,1034,1200,ga-timeline,all,lexicographic,goal-priority,20260929,2,2,true,true,true,33,0,0,10,0,1034,0.861667,false,0.000000,0.562738,1.698352,60,40,2440,36520,true,0.045004,0.045004,0.045004,1.000000,0.147978,0.500000,0.073989,0.903384,0.300000,0.271015,1.000000,0.200000,0.200000,0.000000,0.500000,-0.000000,1.000000,0.500000,-0.500000,0.000000,0.100000,-0.000000
t10-d0.4-a1.0-compact,10,0.400000,1.000000,5,1034,1200,ga-timeline,curated,weighted,goal-priority,20260925,1,1,true,true,true,33,0,,10,0,1034,0.861667,false,0.000000,0.589354,1.620194,60,40,2440,39300,true,0.545004,0.545004,0.545004,1.000000,0.147978,0.500000,0.073989,0.903384,0.300000,0.271015,1.000000,0.200000,0.200000,0.000000,0.500000,-0.000000,0.000000,0.500000,-0.000000,0.000000,0.100000,-0.000000
t10-d0.4-a1.0-compact,10,0.400000,1.000000,5,1034,1200,ga-timeline,curated,weighted,goal-priority,20260926,1,1,true,true,true,32,0,,10,0,1034,0.861667,false,0.000000,0.498099,1.620194,60,40,2440,41870,true,0.545004,0.545004,0.545004,1.000000,0.147978,0.500000,0.073989,0.903384,0.300000,0.271015,1.000000,0.200000,0.200000,0.000000,0.500000,-0.000000,0.000000,0.500000,-0.000000,0.000000,0.100000,-0.000000
t10-d0.4-a1.0-compact,10,0.400000,1.000000,5,1034,1200,ga-timeline,curated,weighted,goal-priority,20260927,1,1,true,true,true,32,0,,10,0,1115,0.929167,false,0.000000,0.427696,1.358252,60,40,2440,54695,true,0.573050,0.573050,0.573050,1.000000,0.177979,0.500000,0.088989,0.946869,0.300000,0.284061,1.000000,0.200000,0.200000,0.000000,0.500000,-0.000000,0.000000,0.500000,-0.000000,0.000000,0.100000,-0.000000
t10-d0.4-a1.0-compact,10,0.400000,1.000000,5,1034,1200,ga-timeline,curated,weighted,goal-priority,20260928,1,1,true,true,true,38,0,,10,0,1034,0.861667,false,0.000000,0.589354,1.698352,60,40,2440,47544,true,0.545004,0.545004,0.545004,1.000000,0.147978,0.500000,0.073989,0.903384,0.300000,0.271015,1.000000,0.200000,0.200000,0.000000,0.500000,-0.000000,0.000000,0.500000,-0.000000,0.000000,0.100000,-0.000000
t10-d0.4-a1.0-compact,10,0.400000,1.000000,5,1034,1200,ga-timeline,curated,weighted,goal-priority,20260929,1,1,true,true,true,35,0,,10,0,1034,0.861667,false,0.000000,0.540346,1.698352,60,40,2440,46167,true,0.545004,0.545004,0.545004,1.000000,0.147978,0.500000,0.073989,0.903384,0.300000,0.271015,1.000000,0.200000,0.200000,0.000000,0.500000,-0.000000,0.000000,0.500000,-0.000000,0.000000,0.100000,-0.000000
t10-d0.4-a1.0-compact,10,0.400000,1.000000,5,1034,1200,ga-timeline,curated-textbook,weighted,goal-priority,20260925,1,2,true,true,true,33,0,,10,0,1115,0.929167,false,0.000000,0.350082,1.358252,60,40,2440,50485,true,0.573050,0.573050,0.573050,1.000000,0.177979,0.500000,0.088989,0.946869,0.300000,0.284061,1.000000,0.200000,0.200000,0.000000,0.500000,-0.000000,0.000000,0.500000,-0.000000,0.000000,0.100000,-0.000000
t10-d0.4-a1.0-compact,10,0.400000,1.000000,5,1034,1200,ga-timeline,curated-textbook,weighted,goal-priority,20260926,1,2,true,true,true,32,0,,10,0,1034,0.861667,false,0.000000,0.589354,1.620194,60,40,2440,36436,true,0.545004,0.545004,0.545004,1.000000,0.147978,0.500000,0.073989,0.903384,0.300000,0.271015,1.000000,0.200000,0.200000,0.000000,0.500000,-0.000000,0.000000,0.500000,-0.000000,0.000000,0.100000,-0.000000
t10-d0.4-a1.0-compact,10,0.400000,1.000000,5,1034,1200,ga-timeline,curated-textbook,weighted,goal-priority,20260927,1,2,true,true,true,32,0,,10,0,1115,0.929167,false,0.000000,0.324346,1.358252,60,40,2440,42227,true,0.573050,0.573050,0.573050,1.000000,0.177979,0.500000,0.088989,0.946869,0.300000,0.284061,1.000000,0.200000,0.200000,0.000000,0.500000,-0.000000,0.000000,0.500000,-0.000000,0.000000,0.100000,-0.000000
t10-d0.4-a1.0-compact,10,0.400000,1.000000,5,1034,1200,ga-timeline,curated-textbook,weighted,goal-priority,20260928,1,2,true,true,true,39,0,,10,0,1034,0.861667,false,0.000000,0.511618,1.487114,60,40,2440,38608,true,0.545004,0.545004,0.545004,1.000000,0.147978,0.500000,0.073989,0.903384,0.300000,0.271015,1.000000,0.200000,0.200000,0.000000,0.500000,-0.000000,0.000000,0.500000,-0.000000,0.000000,0.100000,-0.000000
t10-d0.4-a1.0-compact,10,0.400000,1.000000,5,1034,1200,ga-timeline,curated-textbook,weighted,goal-priority,20260929,1,2,true,true,true,35,0,,10,0,1115,0.929167,false,0.000000,0.469363,1.566585,60,40,2440,49502,true,0.573050,0.573050,0.573050,1.000000,0.177979,0.500000,0.088989,0.946869,0.300000,0.284061,1.000000,0.200000,0.200000,0.000000,0.500000,-0.000000,0.000000,0.500000,-0.000000,0.000000,0.100000,-0.000000
t10-d0.4-a1.0-compact,10,0.400000,1.000000,5,1034,1200,ga-timeline,all,weighted,goal-priority,20260925,2,2,true,true,true,36,0,,10,0,1034,0.861667,false,0.000000,0.540346,1.698352,60,40,2440,35780,true,0.545004,0.545004,0.545004,1.000000,0.147978,0.500000,0.073989,0.903384,0.300000,0.271015,1.000000,0.200000,0.200000,0.000000,0.500000,-0.000000,0.000000,0.500000,-0.000000,0.000000,0.100000,-0.000000
t10-d0.4-a1.0-compact,10,0.400000,1.000000,5,1034,1200,ga-timeline,all,weighted,goal-priority,20260926,2,2,true,true,true,35,0,,10,0,1115,0.929167,false,0.000000,0.469363,1.566585,60,40,2440,46742,true,0.573050,0.573050,0.573050,1.000000,0.177979,0.500000,0.088989,0.946869,0.300000,0.284061,1.000000,0.200000,0.200000,0.000000,0.500000,-0.000000,0.000000,0.500000,-0.000000,0.000000,0.100000,-0.000000
t10-d0.4-a1.0-compact,10,0.400000,1.000000,5,1034,1200,ga-timeline,all,weighted,goal-priority,20260927,2,2,true,true,true,32,0,,10,0,1034,0.861667,false,0.000000,0.589354,1.620194,60,40,2440,54441,true,0.545004,0.545004,0.545004,1.000000,0.147978,0.500000,0.073989,0.903384,0.300000,0.271015,1.000000,0.200000,0.200000,0.000000,0.500000,-0.000000,0.000000,0.500000,-0.000000,0.000000,0.100000,-0.000000
t10-d0.4-a1.0-compact,10,0.400000,1.000000,5,1034,1200,ga-timeline,all,weighted,goal-priority,20260928,2,2,true,true,true,38,0,,10,0,1115,0.929167,false,0.000000,0.427696,1.358252,60,40,2440,42329,true,0.573050,0.573050,0.573050,1.000000,0.177979,0.500000,0.088989,0.946869,0.300000,0.284061,1.000000,0.200000,0.200000,0.000000,0.500000,-0.000000,0.000000,0.500000,-0.000000,0.000000,0.100000,-0.000000
t10-d0.4-a1.0-compact,10,0.400000,1.000000,5,1034,1200,ga-timeline,all,weighted,goal-priority,20260929,2,2,true,true,true,33,0,,10,0,1034,0.861667,false,0.000000,0.562738,1.698352,60,40,2440,51560,true,0.545004,0.545004,0.545004,1.000000,0.147978,0.500000,0.073989,0.903384,0.300000,0.271015,1.000000,0.200000,0.200000,0.000000,0.500000,-0.000000,0.000000,0.500000,-0.000000,0.000000,0.100000,-0.000000
t10-d0.4-a1.0-sparse,10,0.400000,1.000000,9,1195,1200,ga,curated,lexicographic,goal-priority,20260925,1,1,true,true,true,1,0,1,6,4,764,0.636667,false,0.000000,0.374700,1.738609,60,40,2440,3085,false,0.000000,-0.333982,0.000000,1.000000,0.096471,0.500000,0.048235,0.392609,0.300000,0.117783,1.000000,0.200000,0.200000,0.400000,0.500000,-0.200000,1.000000,0.500000,-0.500000,0.000000,0.100000,-0.000000
t10-d0.4-a1.0-sparse,10,0.400000,1.000000,9,1195,1200,ga,curated,lexicographic,goal-priority,20260926,1,1,true,true,true,1,0,1,6,4,764,0.636667,false,0.000000,0.374700,1.738609,60,40,2440,3069,false,0.000000,-0.333982,0.000000,1.000000,0.096471,0.500000,0.048235,0.392609,0.300000,0.117783,1.000000,0.200000,0.200000,0.400000,0.500000,-0.200000,1.000000,0.500000,-0.500000,0.000000,0.100000,-0.000000
t10-d0.4-a1.0-sparse,10,0.400000,1.000000,9,1195,1200,ga,curated,lexicographic,goal-priority,20260927,1,1,true,true,true,1,0,1,6,4,764,0.636667,false,0.000000,0.374700,1.738609,60,40,2440,3288,false,0.000000,-0.333982,0.000000,1.000000,0.096471,0.500000,0.048235,0.392609,0.300000,0.117783,1.000000,0.200000,0.200000,0.400000,0.500000,-0.200000,1.000000,0.500000,-0.500000,0.000000,0.100000,-0.000000
t10-d0.4-a1.0-sparse,10,0.400000,1.000000,9,1195,1200,ga,curated,lexicographic,goal-priority,20260928,1,1,true,true,true,1,0,1,6,4,764,0.636667,false,0.000000,0.374700,1.738609,60,40,2440,3292,false,0.000000,-0.333982,0.000000,1.000000,0.096471,0.500000,0.048235,0.392609,0.300000,0.117783,1.000000,0.200000,0.200000,0.400000,0.500000,-0.200000,1.000000,0.500000,-0.500000,0.000000,0.100000,-0.000000
t10-d0.4-a1.0-sparse,10,0.400000,1.000000,9,1195,1200,ga,curated,lexicographic,goal-priority,20260929,1,1,true,true,true,1,0,1,6,4,764,0.636667,false,0.000000,0.374700,1.738609,60,40,2440,3200,false,0.000000,-0.333982,0.000000,1.000000,0.096471,0.500000,0.048235,0.392609,0.300000,0.117783,1.000000,0.200000,0.200000,0.400000,0.500000,-0.200000,1.000000,0.500000,-0.500000,0.000000,0.100000,-0.000000
t10-d0.4-a1.0-sparse,10,0.400000,1.000000,9,1195,1200,ga,curated-textbook,lexicographic,goal-priority,20260925,1,2,true,true,true,1,0,1,6,4,764,0.636667,false,0.000000,0.374700,1.738609,60,40,2440,3252,false,0.000000,-0.333982,0.000000,1.000000,0.096471,0.500000,0.048235,0.392609,0.300000,0.117783,1.000000,0.200000,0.200000,0.400000,0.500000,-0.200000,1.000000,0.500000,-0.500000,0.000000,0.100000,-0.000000
t10-d0.4-a1.0-sparse,10,0.400000,1.000000,9,1195,1200,ga,curated-textbook,lexicographic,goal-priority,20260926,1,2,true,true,true,1,0,1,6,4,764,0.636667,false,0.000000,0.374700,1.738609,60,40,2440,3361,false,0.000000,-0.333982,0.000000,1.000000,0.096471,0.500000,0.048235,0.392609,0.300000,0.117783,1.000000,0.200000,0.200000,0.400000,0.500000,-0.200000,1.000000,0.500000,-0.500000,0.000000,0.100000,-0.000000
t10-d0.4-a1.0-sparse,10,0.400000,1.000000,9,1195,1200,ga,curated-textbook,lexicographic,goal-priority,20260927,1,2,true,true,true,1,0,1,6,4,764,0.636667,false,0.000000,0.374700,1.738609,60,40,2440,3305,false,0.000000,-0.333982,0.000000,1.000000,0.096471,0.500000,0.048235,0.392609,0.300000,0.117783,1.000000,0.200000,0.200000,0.400000,0.500000,-0.200000,1.000000,0.500000,-0.500000,0.000000,0.100000,-0.000000
t10-d0.4-a1.0-sparse,10,0.400000,1.000000,9,1195,1200,ga,curated-textbook,lexicographic,goal-priority,20260928,1,2,true,true,true,1,0,1,6,4,764,0.636667,false,0.000000,0.374700,1.738609,60,40,2440,3323,false,0.000000,-0.333982,0.000000,1.000000,0.096471,0.500000,0.048235,0.392609,0.300000,0.117783,1.000000,0.200000,0.200000,0.400000,0.500000,-0.200000,1.000000,0.500000,-0.500000,0.000000,0.100000,-0.000000
t10-d0.4-a1.0-sparse,10,0.400000,1.000000,9,1195,1200,ga,curated-textbook,lexicographic,goal-priority,20260929,1,2,true,true,true,1,0,1,6,4,764,0.636667,false,0.000000,0.374700,1.738609,60,40,2440,3241,false,0.000000,-0.333982,0.000000,1.000000,0.096471,0.500000,0.048235,0.392609,0.300000,0.117783,1.000000,0.200000,0.200000,0.400000,0.500000,-0.200000,1.000000,0.500000,-0.500000,0.000000,0.100000,-0.000000
t10-d0.4-a1.0-sparse,10,0.400000,1.000000,9,1195,1200,ga,all,lexicographic,goal-priority,20260925,2,2,true,true,true,1,0,1,6,4,764,0.636667,false,0.000000,0.374700,1.738609,60,40,2440,2696,false,0.000000,-0.333982,0.000000,1.000000,0.096471,0.500000,0.048235,0.392609,0.300000,0.117783,1.000000,0.200000,0.200000,0.400000,0.500000,-0.200000,1.000000,0.500000,-0.500000,0.000000,0.100000,-0.000000
t10-d0.4-a1.0-sparse,10,0.400000,1.000000,9,1195,1200,ga,all,lexicographic,goal-priority,20260926,2,2,true,true,true,1,0,1,6,4,764,0.636667,false,0.000000,0.374700,1.738609,60,40,2440,2722,false,0.000000,-0.333982,0.000000,1.000000,0.096471,0.500000,0.048235,0.392609,0.300000,0.117783,1.000000,0.200000,0.200000,0.400000,0.500000,-0.200000,1.000000,0.500000,-0.500000,0.000000,0.100000,-0.000000
t10-d0.4-a1.0-sparse,10,0.400000,1.000000,9,1195,1200,ga,all,lexicographic,goal-priority,20260927,2,2,true,true,true,1,0,1,6,4,764,0.636667,false,0.000000,0.374700,1.738609,60,40,2440,3433,false,0.000000,-0.333982,0.000000,1.000000,0.096471,0.500000,0.048235,0.392609,0.300000,0.117783,1.000000,0.200000,0.200000,0.400000,0.500000,-0.200000,1.000000,0.500000,-0.500000,0.000000,0.100000,-0.000000
t10-d0.4-a1.0-sparse,10,0.400000,1.000000,9,1195,1200,ga,all,lexicographic,goal-priority,20260928,2,2,true,true,true,1,0,1,6,4,764,0.636667,false,0.000000,0.374700,1.738609,60,40,2440,2998,false,0.000000,-0.333982,0.000000,1.000000,0.096471,0.500000,0.048235,0.392609,0.300000,0.117783,1.000000,0.200000,0.200000,0.400000,0.500000,-0.200000,1.000000,0.500000,-0.500000,0.000000,0.100000,-0.000000
t10-d0.4-a1.0-sparse,10,0.400000,1.000000,9,1195,1200,ga,all,lexicographic,goal-priority,20260929,2,2,true,true,true,1,0,1,6,4,764,0.636667,false,0.000000,0.374700,1.738609,60,40,2440,2747,false,0.000000,-0.333982,0.000000,1.000000,0.096471,0.500000,0.048235,0.392609,0.300000,0.117783,1.000000,0.200000,0.200000,0.400000,0.500000,-0.200000,1.000000,0.500000,-0.500000,0.000000,0.100000,-0.000000
t10-d0.4-a1.0-sparse,10,0.400000,1.000000,9,1195,1200,ga,curated,weighted,goal-priority,20260925,1,1,true,true,true,1,1,,6,4,764,0.636667,false,0.000000,0.278777,1.738609,60,40,2440,2428,false,0.000000,-0.409216,0.000000,1.000000,0.096471,0.500000,0.048235,0.392609,0.300000,0.117783,1.000000,0.200000,0.200000,0.400000,0.500000,-0.200000,1.000000,0.500000,-0.500000,0.752343,0.100000,-0.075234
t10-d0.4-a1.0-sparse,10,0.400000,1.000000,9,1195,1200,ga,curated,weighted,goal-priority,20260926,1,1,true,true,true,1,1,,6,4,764,0.636667,false,0.000000,0.278777,1.738609,60,40,2440,2381,false,0.000000,-0.409216,0.000000,1.000000,0.096471,0.500000,0.048235,0.392609,0.300000,0.117783,1.000000,0.200000,0.200000,0.400000,0.500000,-0.200000,1.000000,0.500000,-0.500000,0.752343,0.100000,-0.075234
t10-d0.4-a1.0-sparse,10,0.400000,1.000000,9,1195,1200,ga,curated,weighted,goal-priority,20260927,1,1,true,true,true,1,1,,6,4,764,0.636667,false,0.000000,0.278777,1.738609,60,40,2440,2390,false,0.000000,-0.409216,0.000000,1.000000,0.096471,0.500000,0.048235,0.392609,0.300000,0.117783,1.000000,0.200000,0.200000,0.400000,0.500000,-0.200000,1.000000,0.500000,-0.500000,0.752343,0.100000,-0.075234
t10-d0.4-a1.0-sparse,10,0.400000,1.000000,9,1195,1200,ga,curated,weighted,goal-priority,20260928,1,1,true,true,true,1,1,,6,4,764,0.636667,false,0.000000,0.278777,1.738609,60,40,2440,2512,false,0.000000,-0.409216,0.000000,1.000000,0.096471,0.500000,0.048235,0.392609,0.300000,0.117783,1.000000,0.200000,0.200000,0.400000,0.500000,-0.200000,1.000000,0.500000,-0.500000,0.752343,0.100000,-0.075234
t10-d0.4-a1.0-sparse,10,0.400000,1.000000,9,1195,1200,ga,curated,weighted,goal-priority,20260929,1,1,true,true,true,1,1,,6,4,764,0.636667,false,0.000000,0.278777,1.738609,60,40,2440,2436,false,0.000000,-0.409216,0.000000,1.000000,0.096471,0.500000,0.048235,0.392609,0.300000,0.117783,1.000000,0.200000,0.200000,0.400000,0.500000,-0.200000,1.000000,0.500000,-0.500000,0.752343,0.100000,-0.075234
t10-d0.4-a1.0-sparse,10,0.400000,1.000000,9,1195,1200,ga,curated-textbook,weighted,goal-priority,20260925,1,2,true,true,true,1,1,,6,4,764,0.636667,false,0.000000,0.278777,1.738609,60,40,2440,2345,false,0.000000,-0.371599,0.000000,1.000000,0.096471,0.500000,0.048235,0.392609,0.300000,0.117783,1.000000,0.200000,0.200000,0.400000,0.500000,-0.200000,1.000000,0.500000,-0.500000,0.376172,0.100000,-0.037617
t10-d0.4-a1.0-sparse,10,0.400000,1.000000,9,1195,1200,ga,curated-textbook,weighted,goal-priority,20260926,1,2,true,true,true,1,1,,6,4,764,0.636667,false,0.000000,0.278777,1.738609,60,40,2440,2609,false,0.000000,-0.371599,0.000000,1.000000,0.096471,0.500000,0.048235,0.392609,0.300000,0.117783,1.000000,0.200000,0.200000,0.400000,0.500000,-0.200000,1.000000,0.500000,-0.500000,0.376172,0.100000,-0.037617
t10-d0.4-a1.0-sparse,10,0.400000,1.000000,9,1195,1200,ga,curated-textbook,weighted,goal-priority,20260927,1,2,true,true,true,1,1,,6,4,764,0.636667,false,0.000000,0.278777,1.738609,60,40,2440,2392,false,0.000000,-0.371599,0.000000,1.000000,0.096471,0.500000,0.048235,0.392609,0.300000,0.117783,1.000000,0.200000,0.200000,0.400000,0.500000,-0.200000,1.000000,0.500000,-0.500000,0.376172,0.100000,-0.037617
t10-d0.4-a1.0-sparse,10,0.400000,1.000000,9,1195,1200,ga,curated-textbook,weighted,goal-priority,20260928,1,2,true,true,true,1,1,,6,4,764,0.636667,false,0.000000,0.278777,1.738609,60,40,2440,2491,false,0.000000,-0.371599,0.000000,1.000000,0.096471,0.500000,0.048235,0.392609,0.300000,0.117783,1.000000,0.200000,0.200000,0.400000,0.500000,-0.200000,1.000000,0.500000,-0.500000,0.376172,0.100000,-0.037617
t10-d0.4-a1.0-sparse,10,0.400000,1.000000,9,1195,1200,ga,curated-textbook,weighted,goal-priority,20260929,1,2,true,true,true,1,1,,6,4,764,0.636667,false,0.000000,0.278777,1.738609,60,40,2440,2337,false,0.000000,-0.371599,0.000000,1.000000,0.096471,0.500000,0.048235,0.392609,0.300000,0.117783,1.000000,0.200000,0.200000,0.400000,0.500000,-0.200000,1.000000,0.500000,-0.500000,0.376172,0.100000,-0.037617
t10-d0.4-a1.0-sparse,10,0.400000,1.000000,9,1195,1200,ga,all,weighted,goal-priority,20260925,2,2,true,true,true,1,1,,6,4,764,0.636667,false,0.000000,0.278777,1.738609,60,40,2440,2432,false,0.000000,-0.371599,0.000000,1.000000,0.096471,0.500000,0.048235,0.392609,0.300000,0.117783,1.000000,0.200000,0.200000,0.400000,0.500000,-0.200000,1.000000,0.500000,-0.500000,0.376172,0.100000,-0.037617
t10-d0.4-a1.0-sparse,10,0.400000,1.000000,9,1195,1200,ga,all,weighted,goal-priority,20260926,2,2,true,true,true,1,1,,6,4,764,0.636667,false,0.000000,0.278777,1.738609,60,40,2440,2420,false,0.000000,-0.371599,0.000000,1.000000,0.096471,0.500000,0.048235,0.392609,0.300000,0.117783,1.000000,0.200000,0.200000,0.400000,0.500000,-0.200000,1.000000,0.500000,-0.500000,0.376172,0.100000,-0.037617
t10-d0.4-a1.0-sparse,10,0.400000,1.000000,9,1195,1200,ga,all,weighted,goal-priority,20260927,2,2,true,true,true,1,1,,6,4,764,0.636667,false,0.000000,0.278777,1.738609,60,40,2440,2383,false,0.000000,-0.371599,0.000000,1.000000,0.096471,0.500000,0.048235,0.392609,0.300000,0.117783,1.000000,0.200000,0.200000,0.400000,0.500000,-0.200000,1.000000,0.500000,-0.500000,0.376172,0.100000,-0.037617
t10-d0.4-a1.0-sparse,10,0.400000,1.000000,9,1195,1200,ga,all,weighted,goal-priority,20260928,2,2,true,true,true,1,1,,6,4,764,0.636667,false,0.000000,0.278777,1.738609,60,40,2440,2320,false,0.000000,-0.371599,0.000000,1.000000,0.096471,0.500000,0.048235,0.392609,0.300000,0.117783,1.000000,0.200000,0.200000,0.400000,0.500000,-0.200000,1.000000,0.500000,-0.500000,0.376172,0.100000,-0.037617
t10-d0.4-a1.0-sparse,10,0.400000,1.000000,9,1195,1200,ga,all,weighted,goal-priority,20260929,2,2,true,true,true,1,1,,6,4,764,0.636667,false,0.000000,0.278777,1.738609,60,40,2440,2317,false,0.000000,-0.371599,0.000000,1.000000,0.096471,0.500000,0.048235,0.392609,0.300000,0.117783,1.000000,0.200000,0.200000,0.400000,0.500000,-0.200000,1.000000,0.500000,-0.500000,0.376172,0.100000,-0.037617
t10-d0.4-a1.0-sparse,10,0.400000,1.000000,9,1195,1200,ga-timeline,curated,lexicographic,goal-priority,20260925,1,1,true,true,true,36,0,0,7,3,799,0.665833,true,0.071429,0.388843,1.519567,60,40,2440,26771,true,0.000000,-0.236242,0.000000,1.000000,0.075083,0.500000,0.037541,0.635006,0.300000,0.190502,0.928571,0.200000,0.185714,0.300000,0.500000,-0.150000,1.000000,0.500000,-0.500000,0.000000,0.100000,-0.000000
t10-d0.4-a1.0-sparse,10,0.400000,1.000000,9,1195,1200,ga-timeline,curated,lexicographic,goal-priority,20260926,1,1,true,true,true,37,0,0,7,3,799,0.665833,true,0.071429,0.478768,1.207327,60,40,2440,26547,true,0.000000,-0.236242,0.000000,1.000000,0.075083,0.500000,0.037541,0.635006,0.300000,0.190502,0.928571,0.200000,0.185714,0.300000,0.500000,-0.150000,1.000000,0.500000,-0.500000,0.000000,0.100000,-0.000000
t10-d0.4-a1.0-sparse,10,0.400000,1.000000,9,1195,1200,ga-timeline,curated,lexicographic,goal-priority,20260927,1,1,true,true,true,37,0,0,7,3,799,0.665833,true,0.071429,0.451291,1.207327,60,40,2440,39709,true,0.000000,-0.236242,0.000000,1.000000,0.075083,0.500000,0.037541,0.635006,0.300000,0.190502,0.928571,0.200000,0.185714,0.300000,0.500000,-0.150000,1.000000,0.500000,-0.500000,0.000000,0.100000,-0.000000
t10-d0.4-a1.0-sparse,10,0.400000,1.000000,9,1195,1200,ga-timeline,curated,lexicographic,goal-priority,20260928,1,1,true,true,true,38,0,0,7,3,799,0.665833,true,0.071429,0.451291,1.232306,60,40,2440,28714,true,0.000000,-0.236242,0.000000,1.000000,0.075083,0.500000,0.037541,0.635006,0.300000,0.190502,0.928571,0.200000,0.185714,0.300000,0.500000,-0.150000,1.000000,0.500000,-0.500000,0.000000,0.100000,-0.000000
t10-d0.4-a1.0-sparse,10,0.400000,1.000000,9,1195,1200,ga-timeline,curated,lexicographic,goal-priority,20260929,1,1,true,true,true,34,0,0,7,3,799,0.665833,true,0.071429,0.384679,1.232306,60,40,2440,33120,true,0.000000,-0.236242,0.000000,1.000000,0.075083,0.500000,0.037541,0.635006,0.300000,0.190502,0.928571,0.200000,0.185714,0.300000,0.500000,-0.150000,1.000000,0.500000,-0.500000,0.000000,0.100000,-0.000000
t10-d0.4-a1.0-sparse,10,0.400000,1.000000,9,1195,1200,ga-timeline,curated-textbook,lexicographic,goal-priority,20260925,1,2,true,true,true,37,0,0,7,3,799,0.665833,true,0.071429,0.455454,1.540383,60,40,2440,28994,true,0.000000,-0.236242,0.000000,1.000000,0.075083,0.500000,0.037541,0.635006,0.300000,0.190502,0.928571,0.200000,0.185714,0.300000,0.500000,-0.150000,1.000000,0.500000,-0.500000,0.000000,0.100000,-0.000000
t10-d0.4-a1.0-sparse,10,0.400000,1.000000,9,1195,1200,ga-timeline,curated-textbook,lexicographic,goal-priority,20260926,1,2,true,true,true,39,0,0,7,3,799,0.665833,true,0.071429,0.388843,1.207327,60,40,2440,26113,true,0.000000,-0.236242,0.000000,1.000000,0.075083,0.500000,0.037541,0.635006,0.300000,0.190502,0.928571,0.200000,0.185714,0.300000,0.500000,-0.150000,1.000000,0.500000,-0.500000,0.000000,0.100000,-0.000000
t10-d0.4-a1.0-sparse,10,0.400000,1.000000,9,1195,1200,ga-timeline,curated-textbook,lexicographic,goal-priority,20260927,1,2,true,true,true,38,0,0,7,3,799,0.665833,true,0.071429,0.431307,1.519567,60,40,2440,31788,true,0.000000,-0.236242,0.000000,1.000000,0.075083,0.500000,0.037541,0.635006,0.300000,0.190502,0.928571,0.200000,0.185714,0.300000,0.500000,-0.150000,1.000000,0.500000,-0.500000,0.000000,0.100000,-0.000000
t10-d0.4-a1.0-sparse,10,0.400000,1.000000,9,1195,1200,ga-timeline,curated-textbook,lexicographic,goal-priority,20260928,1,2,true,true,true,40,0,0,7,3,799,0.665833,true,0.071429,0.388843,1.382182,60,40,2440,31513,true,0.000000,-0.236242,0.000000,1.000000,0.075083,0.500000,0.037541,0.635006,0.300000,0.190502,0.928571,0.200000,0.185714,0.300000,0.500000,-0.150000,1.000000,0.500000,-0.500000,0.000000,0.100000,-0.000000
t10-d0.4-a1.0-sparse,10,0.400000,1.000000,9,1195,1200,ga-timeline,curated-textbook,lexicographic,goal-priority,20260929,1,2,true,true,true,37,0,0,7,3,799,0.665833,true,0.071429,0.388843,1.519567,60,40,2440,29351,true,0.000000,-0.236242,0.000000,1.000000,0.075083,0.500000,0.037541,0.635006,0.300000,0.190502,0.928571,0.200000,0.185714,0.300000,0.500000,-0.150000,1.000000,0.500000,-0.500000,0.000000,0.100000,-0.000000
t10-d0.4-a1.0-sparse,10,0.400000,1.000000,9,1195,1200,ga-timeline,all,lexicographic,goal-priority,20260925,2,2,true,true,true,39,0,0,7,3,799,0.665833,true,0.071429,0.341382,1.207327,60,40,2440,33640,true,0.000000,-0.236242,0.000000,1.000000,0.075083,0.500000,0.037541,0.635006,0.300000,0.190502,0.928571,0.200000,0.185714,0.300000,0.500000,-0.150000,1.000000,0.500000,-0.500000,0.000000,0.100000,-0.000000
t10-d0.4-a1.0-sparse,10,0.400000,1.000000,9,1195,1200,ga-timeline,all,lexicographic,goal-priority,20260926,2,2,true,true,true,38,0,0,7,3,799,0.665833,true,0.071429,0.482931,1.344713,60,40,2440,27953,true,0.000000,-0.236242,0.000000,1.000000,0.075083,0.500000,0.037541,0.635006,0.300000,0.190502,0.928571,0.200000,0.185714,0.300000,0.500000,-0.150000,1.000000,0.500000,-0.500000,0.000000,0.100000,-0.000000
t10-d0.4-a1.0-sparse,10,0.400000,1.000000,9,1195,1200,ga-timeline,all,lexicographic,goal-priority,20260927,2,2,true,true,true,36,0,0,7,3,799,0.665833,true,0.071429,0.482931,1.540383,60,40,2440,28937,true,0.000000,-0.236242,0.000000,1.000000,0.075083,0.500000,0.037541,0.635006,0.300000,0.190502,0.928571,0.200000,0.185714,0.300000,0.500000,-0.150000,1.000000,0.500000,-0.500000,0.000000,0.100000,-0.000000
t10-d0.4-a1.0-sparse,10,0.400000,1.000000,9,1195,1200,ga-timeline,all,lexicographic,goal-priority,20260928,2,2,true,true,true,39,0,0,7,3,799,0.665833,true,0.071429,0.482931,1.344713,60,40,2440,29936,true,0.000000,-0.236242,0.000000,1.000000,0.075083,0.500000,0.037541,0.635006,0.300000,0.190502,0.928571,0.200000,0.185714,0.300000,0.500000,-0.150000,1.000000,0.500000,-0.500000,0.000000,0.100000,-0.000000
t10-d0.4-a1.0-sparse,10,0.400000,1.000000,9,1195,1200,ga-timeline,all,lexicographic,goal-priority,20260929,2,2,true,true,true,37,0,0,7,3,799,0.665833,true,0.071429,0.455454,1.540383,60,40,2440,29727,true,0.000000,-0.236242,0.000000,1.000000,0.075083,0.500000,0.037541,0.635006,0.300000,0.190502,0.928571,0.200000,0.185714,0.300000,0.500000,-0.150000,1.000000,0.500000,-0.500000,0.000000,0.100000,-0.000000
t10-d0.4-a1.0-sparse,10,0.400000,1.000000,9,1195,1200,ga-timeline,curated,weighted,goal-priority,20260925,1,1,true,true,true,36,0,,7,3,799,0.665833,true,0.071429,0.388843,1.519567,60,40,2440,43379,true,0.113758,0.113758,0.113758,1.000000,0.075083,0.500000,0.037541,0.635006,0.300000,0.190502,0.928571,0.200000,0.185714,0.300000,0.500000,-0.150000,0.300000,0.500000,-0.150000,0.000000,0.100000,-0.000000
t10-d0.4-a1.0-sparse,10,0.400000,1.000000,9,1195,1200,ga-timeline,curated,weighted,goal-priority,20260926,1,1,true,true,true,37,0,,7,3,799,0.665833,true,0.071429,0.478768,1.207327,60,40,2440,35054,true,0.113758,0.113758,0.113758,1.000000,0.075083,0.500000,0.037541,0.635006,0.300000,0.190502,0.928571,0.200000,0.185714,0.300000,0.500000,-0.150000,0.300000,0.500000,-0.150000,0.000000,0.100000,-0.000000
t10-d0.4-a1.0-sparse,10,0.400000,1.000000,9,1195,1200,ga-timeline,curated,weighted,goal-priority,20260927,1,1,true,true,true,37,0,,7,3,799,0.665833,true,0.071429,0.451291,1.207327,60,40,2440,22601,true,0.113758,0.113758,0.113758,1.000000,0.075083,0.500000,0.037541,0.635006,0.300000,0.190502,0.928571,0.200000,0.185714,0.300000,0.500000,-0.150000,0.300000,0.500000,-0.150000,0.000000,0.100000,-0.000000
t10-d0.4-a1.0-sparse,10,0.400000,1.000000,9,1195,1200,ga-timeline,curated,weighted,goal-priority,20260928,1,1,true,true,true,38,0,,7,3,799,0.665833,true,0.071429,0.451291,1.232306,60,40,2440,24604,true,0.113758,0.113758,0.113758,1.000000,0.075083,0.500000,0.037541,0.635006,0.300000,0.190502,0.928571,0.200000,0.185714,0.300000,0.500000,-0.150000,0.300000,0.500000,-0.150000,0.000000,0.100000,-0.000000
t10-d0.4-a1.0-sparse,10,0.400000,1.000000,9,1195,1200,ga-timeline,curated,weighted,goal-priority,20260929,1,1,true,true,true,34,0,,7,3,799,0.665833,true,0.071429,0.384679,1.232306,60,40,2440,22918,true,0.113758,0.113758,0.113758,1.000000,0.075083,0.500000,0.037541,0.635006,0.300000,0.190502,0.928571,0.200000,0.185714,0.300000,0.500000,-0.150000,0.300000,0.500000,-0.150000,0.000000,0.100000,-0.000000
t10-d0.4-a1.0-sparse,10,0.400000,1.000000,9,1195,1200,ga-timeline,curated-textbook,weighted,goal-priority,20260925,1,2,true,true,true,37,0,,7,3,799,0.665833,true,0.071429,0.455454,1.540383,60,40,2440,23532,true,0.113758,0.113758,0.113758,1.000000,0.075083,0.500000,0.037541,0.635006,0.300000,0.190502,0.928571,0.200000,0.185714,0.300000,0.500000,-0.150000,0.300000,0.500000,-0.150000,0.000000,0.100000,-0.000000
t10-d0.4-a1.0-sparse,10,0.400000,1.000000,9,1195,1200,ga-timeline,curated-textbook,weighted,goal-priority,20260926,1,2,true,true,true,39,0,,7,3,799,0.665833,true,0.071429,0.388843,1.207327,60,40,2440,35502,true,0.113758,0.113758,0.113758,1.000000,0.075083,0.500000,0.037541,0.635006,0.300000,0.190502,0.928571,0.200000,0.185714,0.300000,0.500000,-0.150000,0.300000,0.500000,-0.150000,0.000000,0.100000,-0.000000
t10-d0.4-a1.0-sparse,10,0.400000,1.000000,9,1195,1200,ga-timeline,curated-textbook,weighted,goal-priority,20260927,1,2,true,true,true,38,0,,7,3,799,0.665833,true,0.071429,0.431307,1.519567,60,40,2440,29695,true,0.113758,0.113758,0.113758,1.000000,0.075083,0.500000,0.037541,0.635006,0.300000,0.190502,0.928571,0.200000,0.185714,0.300000,0.500000,-0.150000,0.300000,0.500000,-0.150000,0.000000,0.100000,-0.000000
t10-d0.4-a1.0-sparse,10,0.400000,1.000000,9,1195,1200,ga-timeline,curated-textbook,weighted,goal-priority,20260928,1,2,true,true,true,40,0,,7,3,799,0.665833,true,0.071429,0.388843,1.382182,60,40,2440,34155,true,0.113758,0.113758,0.113758,1.000000,0.075083,0.500000,0.037541,0.635006,0.300000,0.190502,0.928571,0.200000,0.185714,0.300000,0.500000,-0.150000,0.300000,0.500000,-0.150000,0.000000,0.100000,-0.000000
t10-d0.4-a1.0-sparse,10,0.400000,1.000000,9,1195,1200,ga-timeline,curated-textbook,weighted,goal-priority,20260929,1,2,true,true,true,37,0,,7,3,799,0.665833,true,0.071429,0.388843,1.519567,60,40,2440,34865,true,0.113758,0.113758,0.113758,1.000000,0.075083,0.500000,0.037541,0.635006,0.300000,0.190502,0.928571,0.200000,0.185714,0.300000,0.500000,-0.150000,0.300000,0.500000,-0.150000,0.000000,0.100000,-0.000000
t10-d0.4-a1.0-sparse,10,0.400000,1.000000,9,1195,1200,ga-timeline,all,weighted,goal-priority,20260925,2,2,true,true,true,39,0,,7,3,799,0.665833,true,0.071429,0.341382,1.207327,60,40,2440,45482,true,0.113758,0.113758,0.113758,1.000000,0.075083,0.500000,0.037541,0.635006,0.300000,0.190502,0.928571,0.200000,0.185714,0.300000,0.500000,-0.150000,0.300000,0.500000,-0.150000,0.000000,0.100000,-0.000000
t10-d0.4-a1.0-sparse,10,0.400000,1.000000,9,1195,1200,ga-timeline,all,weighted,goal-priority,20260926,2,2,true,true,true,38,0,,7,3,799,0.665833,true,0.071429,0.482931,1.344713,60,40,2440,33675,true,0.113758,0.113758,0.113758,1.000000,0.075083,0.500000,0.037541,0.635006,0.300000,0.190502,0.928571,0.200000,0.185714,0.300000,0.500000,-0.150000,0.300000,0.500000,-0.150000,0.000000,0.100000,-0.000000
t10-d0.4-a1.0-sparse,10,0.400000,1.000000,9,1195,1200,ga-timeline,all,weighted,goal-priority,20260927,2,2,true,true,true,36,0,,7,3,799,0.665833,true,0.071429,0.482931,1.540383,60,40,2440,28913,true,0.113758,0.113758,0.113758,1.000000,0.075083,0.500000,0.037541,0.635006,0.300000,0.190502,0.928571,0.200000,0.185714,0.300000,0.500000,-0.150000,0.300000,0.500000,-0.150000,0.000000,0.100000,-0.000000
t10-d0.4-a1.0-sparse,10,0.400000,1.000000,9,1195,1200,ga-timeline,all,weighted,goal-priority,20260928,2,2,true,true,true,39,0,,7,3,799,0.665833,true,0.071429,0.482931,1.344713,60,40,2440,29521,true,0.113758,0.113758,0.113758,1.000000,0.075083,0.500000,0.037541,0.635006,0.300000,0.190502,0.928571,0.200000,0.185714,0.300000,0.500000,-0.150000,0.300000,0.500000,-0.150000,0.000000,0.100000,-0.000000
t10-d0.4-a1.0-sparse,10,0.400000,1.000000,9,1195,1200,ga-timeline,all,weighted,goal-priority,20260929,2,2,true,true,true,37,0,,7,3,799,0.665833,true,0.071429,0.455454,1.540383,60,40,2440,29515,true,0.113758,0.113758,0.113758,1.000000,0.075083,0.500000,0.037541,0.635006,0.300000,0.190502,0.928571,0.200000,0.185714,0.300000,0.500000,-0.150000,0.300000,0.500000,-0.150000,0.000000,0.100000,-0.000000
t10-d0.4-a1.5-compact,10,0.400000,1.500000,8,1156,1920,ga,curated,lexicographic,goal-priority,20260925,1,1,true,true,true,40,1,0,9,1,1478,0.769792,false,0.000000,0.160272,1.916099,60,40,2440,3069,true,0.116259,0.116259,0.116259,1.000000,0.206613,0.500000,0.103306,0.876509,0.300000,0.262953,1.000000,0.200000,0.200000,0.100000,0.500000,-0.050000,0.600000,0.500000,-0.300000,1.000000,0.100000,-0.100000
t10-d0.4-a1.5-compact,10,0.400000,1.500000,8,1156,1920,ga,curated,lexicographic,goal-priority,20260926,1,1,true,true,true,40,1,0,9,1,1478,0.769792,false,0.000000,0.160272,1.916099,60,40,2440,2568,true,0.116259,0.116259,0.116259,1.000000,0.206613,0.500000,0.103306,0.876509,0.300000,0.262953,1.000000,0.200000,0.200000,0.100000,0.500000,-0.050000,0.600000,0.500000,-0.300000,1.000000,0.100000,-0.100000
t10-d0.4-a1.5-compact,10,0.400000,1.500000,8,1156,1920,ga,curated,lexicographic,goal-priority,20260927,1,1,true,true,true,40,1,0,9,1,1478,0.769792,false,0.000000,0.160272,1.916099,60,40,2440,2565,true,0.116259,0.116259,0.116259,1.000000,0.206613,0.500000,0.103306,0.876509,0.300000,0.262953,1.000000,0.200000,0.200000,0.100000,0.500000,-0.050000,0.600000,0.500000,-0.300000,1.000000,0.100000,-0.100000
t10-d0.4-a1.5-compact,10,0.400000,1.500000,8,1156,1920,ga,curated,lexicographic,goal-priority,20260928,1,1,true,true,true,40,1,0,9,1,1412,0.735417,false,0.000000,0.197576,1.962541,60,40,2440,2799,true,0.126931,0.126931,0.126931,1.000000,0.217853,0.500000,0.108926,0.893350,0.300000,0.268005,1.000000,0.200000,0.200000,0.100000,0.500000,-0.050000,0.600000,0.500000,-0.300000,1.000000,0.100000,-0.100000
t10-d0.4-a1.5-compact,10,0.400000,1.500000,8,1156,1920,ga,curated,lexicographic,goal-priority,20260929,1,1,true,true,true,40,1,0,9,1,1478,0.769792,false,0.000000,0.160272,1.916099,60,40,2440,2557,true,0.116259,0.116259,0.116259,1.000000,0.206613,0.500000,0.103306,0.876509,0.300000,0.262953,1.000000,0.200000,0.200000,0.100000,0.500000,-0.050000,0.600000,0.500000,-0.300000,1.000000,0.100000,-0.100000
t10-d0.4-a1.5-compact,10,0.400000,1.500000,8,1156,1920,ga,curated-textbook,lexicographic,goal-priority,20260925,1,2,true,true,true,40,1,0,9,1,1478,0.769792,false,0.000000,0.160272,1.916099,60,40,2440,2540,true,0.166259,0.166259,0.166259,1.000000,0.206613,0.500000,0.103306,0.876509,0.300000,0.262953,1.000000,0.200000,0.200000,0.100000,0.500000,-0.050000,0.600000,0.500000,-0.300000,0.500000,0.100000,-0.050000
t10-d0.4-a1.5-compact,10,0.400000,1.500000,8,1156,1920,ga,curated-textbook,lexicographic,goal-priority,20260926,1,2,true,true,true,40,1,0,9,1,1478,0.769792,false,0.000000,0.160272,1.916099,60,40,2440,3580,true,0.166259,0.166259,0.166259,1.000000,0.206613,0.500000,0.103306,0.876509,0.300000,0.262953,1.000000,0.200000,0.200000,0.100000,0.500000,-0.050000,0.600000,0.500000,-0.300000,0.500000,0.100000,-0.050000
t10-d0.4-a1.5-compact,10,0.400000,1.500000,8,1156,1920,ga,curated-textbook,lexicographic,goal-priority,20260927,1,2,true,true,true,40,1,0,9,1,1478,0.769792,false,0.000000,0.160272,1.916099,60,40,2440,4184,true,0.166259,0.166259,0.166259,1.000000,0.206613,0.500000,0.103306,0.876509,0.300000,0.262953,1.000000,0.200000,0.200000,0.100000,0.500000,-0.050000,0.600000,0.500000,-0.300000,0.500000,0.100000,-0.050000
t10-d0.4-a1.5-compact,10,0.400000,1.500000,8,1156,1920,ga,curated-textbook,lexicographic,goal-priority,20260928,1,2,true,true,true,40,1,0,9,1,1412,0.735417,false,0.000000,0.197576,1.962541,60,40,2440,4468,true,0.176931,0.176931,0.176931,1.000000,0.217853,0.500000,0.108926,0.893350,0.300000,0.268005,1.000000,0.200000,0.200000,0.100000,0.500000,-0.050000,0.600000,0.500000,-0.300000,0.500000,0.100000,-0.050000
t10-d0.4-a1.5-compact,10,0.400000,1.500000,8,1156,1920,ga,curated-textbook,lexicographic,goal-priority,20260929,1,2,true,true,true,40,1,0,9,1,1478,0.769792,false,0.000000,0.160272,1.916099,60,40,2440,4120,true,0.166259,0.166259,0.166259,1.000000,0.206613,0.500000,0.103306,0.876509,0.300000,0.262953,1.000000,0.200000,0.200000,0.100000,0.500000,-0.050000,0.600000,0.500000,-0.300000,0.500000,0.100000,-0.050000
t10-d0.4-a1.5-compact,10,0.400000,1.500000,8,1156,1920,ga,all,lexicographic,goal-priority,20260925,2,2,true,true,true,40,1,0,9,1,1478,0.769792,false,0.000000,0.160272,1.916099,60,40,2440,4094,true,0.166259,0.166259,0.166259,1.000000,0.206613,0.500000,0.103306,0.876509,0.300000,0.262953,1.000000,0.200000,0.200000,0.100000,0.500000,-0.050000,0.600000,0.500000,-0.300000,0.500000,0.100000,-0.050000
t10-d0.4-a1.5-compact,10,0.400000,1.500000,8,1156,1920,ga,all,lexicographic,goal-priority,20260926,2,2,true,true,true,40,1,0,9,1,1478,0.769792,false,0.000000,0.160272,1.916099,60,40,2440,4262,true,0.166259,0.166259,0.166259,1.000000,0.206613,0.500000,0.103306,0.876509,0.300000,0.262953,1.000000,0.200000,0.200000,0.100000,0.500000,-0.050000,0.600000,0.500000,-0.300000,0.500000,0.100000,-0.050000
t10-d0.4-a1.5-compact,10,0.400000,1.500000,8,1156,1920,ga,all,lexicographic,goal-priority,20260927,2,2,true,true,true,40,1,0,9,1,1478,0.769792,false,0.000000,0.160272,1.916099,60,40,2440,4161,true,0.166259,0.166259,0.166259,1.000000,0.206613,0.500000,0.103306,0.876509,0.300000,0.262953,1.000000,0.200000,0.200000,0.100000,0.500000,-0.050000,0.600000,0.500000,-0.300000,0.500000,0.100000,-0.050000
t10-d0.4-a1.5-compact,10,0.400000,1.500000,8,1156,1920,ga,all,lexicographic,goal-priority,20260928,2,2,true,true,true,40,1,0,9,1,1412,0.735417,false,0.000000,0.197576,1.962541,60,40,2440,3929,true,0.176931,0.176931,0.176931,1.000000,0.217853,0.500000,0.108926,0.893350,0.300000,0.268005,1.000000,0.200000,0.200000,0.100000,0.500000,-0.050000,0.600000,0.500000,-0.300000,0.500000,0.100000,-0.050000
t10-d0.4-a1.5-compact,10,0.400000,1.500000,8,1156,1920,ga,all,lexicographic,goal-priority,20260929,2,2,true,true,true,40,1,0,9,1,1478,0.769792,false,0.000000,0.160272,1.916099,60,40,2440,3457,true,0.166259,0.166259,0.166259,1.000000,0.206613,0.500000,0.103306,0.876509,0.300000,0.262953,1.000000,0.200000,0.200000,0.100000,0.500000,-0.050000,0.600000,0.500000,-0.300000,0.500000,0.100000,-0.050000
t10-d0.4-a1.5-compact,10,0.400000,1.500000,8,1156,1920,ga,curated,weighted,goal-priority,20260925,1,1,true,true,true,40,1,,9,1,1478,0.769792,false,0.000000,0.160272,1.916099,60,40,2440,3545,true,0.116259,0.116259,0.116259,1.000000,0.206613,0.500000,0.103306,0.876509,0.300000,0.262953,1.000000,0.200000,0.200000,0.100000,0.500000,-0.050000,0.600000,0.500000,-0.300000,1.000000,0.100000,-0.100000
t10-d0.4-a1.5-compact,10,0.400000,1.500000,8,1156,1920,ga,curated,weighted,goal-priority,20260926,1,1,true,true,true,40,1,,9,1,1478,0.769792,false,0.000000,0.160272,1.916099,60,40,2440,4183,true,0.116259,0.116259,0.116259,1.000000,0.206613,0.500000,0.103306,0.876509,0.300000,0.262953,1.000000,0.200000,0.200000,0.100000,0.500000,-0.050000,0.600000,0.500000,-0.300000,1.000000,0.100000,-0.100000
t10-d0.4-a1.5-compact,10,0.400000,1.500000,8,1156,1920,ga,curated,weighted,goal-priority,20260927,1,1,true,true,true,40,1,,9,1,1478,0.769792,false,0.000000,0.160272,1.916099,60,40,2440,3572,true,0.116259,0.116259,0.116259,1.000000,0.206613,0.500000,0.103306,0.876509,0.300000,0.262953,1.000000,0.200000,0.200000,0.100000,0.500000,-0.050000,0.600000,0.500000,-0.300000,1.000000,0.100000,-0.100000
t10-d0.4-a1.5-compact,10,0.400000,1.500000,8,1156,1920,ga,curated,weighted,goal-priority,20260928,1,1,true,true,true,40,1,,9,1,1412,0.735417,false,0.000000,0.197576,1.962541,60,40,2440,3538,true,0.126931,0.126931,0.126931,1.000000,0.217853,0.500000,0.108926,0.893350,0.300000,0.268005,1.000000,0.200000,0.200000,0.100000,0.500000,-0.050000,0.600000,0.500000,-0.300000,1.000000,0.100000,-0.100000
t10-d0.4-a1.5-compact,10,0.400000,1.500000,8,1156,1920,ga,curated,weighted,goal-priority,20260929,1,1,true,true,true,40,1,,9,1,1478,0.769792,false,0.000000,0.160272,1.916099,60,40,2440,3404,true,0.116259,0.116259,0.116259,1.000000,0.206613,0.500000,0.103306,0.876509,0.300000,0.262953,1.000000,0.200000,0.200000,0.100000,0.500000,-0.050000,0.600000,0.500000,-0.300000,1.000000,0.100000,-0.100000
t10-d0.4-a1.5-compact,10,0.400000,1.500000,8,1156,1920,ga,curated-textbook,weighted,goal-priority,20260925,1,2,true,true,true,40,1,,9,1,1478,0.769792,false,0.000000,0.160272,1.916099,60,40,2440,3741,true,0.166259,0.166259,0.166259,1.000000,0.206613,0.500000,0.103306,0.876509,0.300000,0.262953,1.000000,0.200000,0.200000,0.100000,0.500000,-0.050000,0.600000,0.500000,-0.300000,0.500000,0.100000,-0.050000
t10-d0.4-a1.5-compact,10,0.400000,1.500000,8,1156,1920,ga,curated-textbook,weighted,goal-priority,20260926,1,2,true,true,true,40,1,,9,1,1478,0.769792,false,0.000000,0.160272,1.916099,60,40,2440,3826,true,0.166259,0.166259,0.166259,1.000000,0.206613,0.500000,0.103306,0.876509,0.300000,0.262953,1.000000,0.200000,0.200000,0.100000,0.500000,-0.050000,0.600000,0.500000,-0.300000,0.500000,0.100000,-0.050000
t10-d0.4-a1.5-compact,10,0.400000,1.500000,8,1156,1920,ga,curated-textbook,weighted,goal-priority,20260927,1,2,true,true,true,40,1,,9,1,1478,0.769792,false,0.000000,0.160272,1.916099,60,40,2440,3859,true,0.166259,0.166259,0.166259,1.000000,0.206613,0.500000,0.103306,0.876509,0.300000,0.262953,1.000000,0.200000,0.200000,0.100000,0.500000,-0.050000,0.600000,0.500000,-0.300000,0.500000,0.100000,-0.050000
t10-d0.4-a1.5-compact,10,0.400000,1.500000,8,1156,1920,ga,curated-textbook,weighted,goal-priority,20260928,1,2,true,true,true,40,1,,9,1,1412,0.735417,false,0.000000,0.197576,1.962541,60,40,2440,3977,true,0.176931,0.176931,0.176931,1.000000,0.217853,0.500000,0.108926,0.893350,0.300000,0.268005,1.000000,0.200000,0.200000,0.100000,0.500000,-0.050000,0.600000,0.500000,-0.300000,0.500000,0.100000,-0.050000
t10-d0.4-a1.5-compact,10,0.400000,1.500000,8,1156,1920,ga,curated-textbook,weighted,goal-priority,20260929,1,2,true,true,true,40,1,,9,1,1478,0.769792,false,0.000000,0.160272,1.916099,60,40,2440,3832,true,0.166259,0.166259,0.166259,1.000000,0.206613,0.500000,0.103306,0.876509,0.300000,0.262953,1.000000,0.200000,0.200000,0.100000,0.500000,-0.050000,0.600000,0.500000,-0.300000,0.500000,0.100000,-0.050000
t10-d0.4-a1.5-compact,10,0.400000,1.500000,8,1156,1920,ga,all,weighted,goal-priority,20260925,2,2,true,true,true,40,1,,9,1,1478,0.769792,false,0.000000,0.160272,1.916099,60,40,2440,3820,true,0.166259,0.166259,0.166259,1.000000,0.206613,0.500000,0.103306,0.876509,0.300000,0.262953,1.000000,0.200000,0.200000,0.100000,0.500000,-0.050000,0.600000,0.500000,-0.300000,0.500000,0.100000,-0.050000
t10-d0.4-a1.5-compact,10,0.400000,1.500000,8,1156,1920,ga,all,weighted,goal-priority,20260926,2,2,true,true,true,40,1,,9,1,1478,0.769792,false,0.000000,0.160272,1.916099,60,40,2440,3836,true,0.166259,0.166259,0.166259,1.000000,0.206613,0.500000,0.103306,0.876509,0.300000,0.262953,1.000000,0.200000,0.200000,0.100000,0.500000,-0.050000,0.600000,0.500000,-0.300000,0.500000,0.100000,-0.050000
t10-d0.4-a1.5-compact,10,0.400000,1.500000,8,1156,1920,ga,all,weighted,goal-priority,20260927,2,2,true,true,true,40,1,,9,1,1478,0.769792,false,0.000000,0.160272,1.916099,60,40,2440,3903,true,0.166259,0.166259,0.166259,1.000000,0.206613,0.500000,0.103306,0.876509,0.300000,0.262953,1.000000,0.200000,0.200000,0.100000,0.500000,-0.050000,0.600000,0.500000,-0.300000,0.500000,0.100000,-0.050000
t10-d0.4-a1.5-compact,10,0.400000,1.500000,8,1156,1920,ga,all,weighted,goal-priority,20260928,2,2,true,true,true,40,1,,9,1,1412,0.735417,false,0.000000,0.197576,1.962541,60,40,2440,3750,true,0.176931,0.176931,0.176931,1.000000,0.217853,0.500000,0.108926,0.893350,0.300000,0.268005,1.000000,0.200000,0.200000,0.100000,0.500000,-0.050000,0.600000,0.500000,-0.300000,0.500000,0.100000,-0.050000
t10-d0.4-a1.5-compact,10,0.400000,1.500000,8,1156,1920,ga,all,weighted,goal-priority,20260929,2,2,true,true,true,40,1,,9,1,1478,0.769792,false,0.000000,0.160272,1.916099,60,40,2440,3796,true,0.166259,0.166259,0.166259,1.000000,0.206613,0.500000,0.103306,0.876509,0.300000,0.262953,1.000000,0.200000,0.200000,0.100000,0.500000,-0.050000,0.600000,0.500000,-0.300000,0.500000,0.100000,-0.050000
t10-d0.4-a1.5-compact,10,0.400000,1.500000,8,1156,1920,ga-timeline,curated,lexicographic,goal-priority,20260925,1,1,true,true,true,39,1,0,10,0,1541,0.802604,false,0.000000,0.247470,1.624551,60,40,2440,68285,true,0.394452,0.394452,0.394452,1.000000,0.239406,0.500000,0.119703,0.917659,0.300000,0.275298,1.000000,0.200000,0.200000,0.000000,0.500000,-0.000000,0.400000,0.500000,-0.200000,0.005489,0.100000,-0.000549
t10-d0.4-a1.5-compact,10,0.400000,1.500000,8,1156,1920,ga-timeline,curated,lexicographic,goal-priority,20260926,1,1,true,true,true,36,1,0,10,0,1541,0.802604,false,0.000000,0.247470,1.624551,60,40,2440,52649,true,0.394452,0.394452,0.394452,1.000000,0.239406,0.500000,0.119703,0.917659,0.300000,0.275298,1.000000,0.200000,0.200000,0.000000,0.500000,-0.000000,0.400000,0.500000,-0.200000,0.005489,0.100000,-0.000549
t10-d0.4-a1.5-compact,10,0.400000,1.500000,8,1156,1920,ga-timeline,curated,lexicographic,goal-priority,20260927,1,1,true,true,true,37,1,0,10,0,1541,0.802604,false,0.000000,0.351290,1.817826,60,40,2440,54345,true,0.394454,0.394454,0.394454,1.000000,0.239406,0.500000,0.119703,0.917659,0.300000,0.275298,1.000000,0.200000,0.200000,0.000000,0.500000,-0.000000,0.400000,0.500000,-0.200000,0.005464,0.100000,-0.000546
t10-d0.4-a1.5-compact,10,0.400000,1.500000,8,1156,1920,ga-timeline,curated,lexicographic,goal-priority,20260928,1,1,true,true,true,35,1,0,10,0,1541,0.802604,false,0.000000,0.198498,1.412994,60,40,2440,61801,true,0.394452,0.394452,0.394452,1.000000,0.239406,0.500000,0.119703,0.917659,0.300000,0.275298,1.000000,0.200000,0.200000,0.000000,0.500000,-0.000000,0.400000,0.500000,-0.200000,0.005488,0.100000,-0.000549
t10-d0.4-a1.5-compact,10,0.400000,1.500000,8,1156,1920,ga-timeline,curated,lexicographic,goal-priority,20260929,1,1,true,true,true,36,1,0,10,0,1541,0.802604,false,0.000000,0.198498,1.412994,60,40,2440,54527,true,0.394454,0.394454,0.394454,1.000000,0.239406,0.500000,0.119703,0.917659,0.300000,0.275298,1.000000,0.200000,0.200000,0.000000,0.500000,-0.000000,0.400000,0.500000,-0.200000,0.005464,0.100000,-0.000546
t10-d0.4-a1.5-compact,10,0.400000,1.500000,8,1156,1920,ga-timeline,curated-textbook,lexicographic,goal-priority,20260925,1,2,true,true,true,40,1,0,10,0,1541,0.802604,false,0.000000,0.403852,1.692458,60,40,2440,73535,true,0.394726,0.394726,0.394726,1.000000,0.239406,0.500000,0.119703,0.917659,0.300000,0.275298,1.000000,0.200000,0.200000,0.000000,0.500000,-0.000000,0.400000,0.500000,-0.200000,0.002753,0.100000,-0.000275
t10-d0.4-a1.5-compact,10,0.400000,1.500000,8,1156,1920,ga-timeline,curated-textbook,lexicographic,goal-priority,20260926,1,2,true,true,true,38,1,0,10,0,1541,0.802604,false,0.000000,0.198172,1.452171,60,40,2440,78169,true,0.394728,0.394728,0.394728,1.000000,0.239406,0.500000,0.119703,0.917659,0.300000,0.275298,1.000000,0.200000,0.200000,0.000000,0.500000,-0.000000,0.400000,0.500000,-0.200000,0.002732,0.100000,-0.000273
t10-d0.4-a1.5-compact,10,0.400000,1.500000,8,1156,1920,ga-timeline,curated-textbook,lexicographic,goal-priority,20260927,1,2,true,true,true,39,1,0,10,0,1541,0.802604,false,0.000000,0.342475,1.817826,60,40,2440,71928,true,0.394726,0.394726,0.394726,1.000000,0.239406,0.500000,0.119703,0.917659,0.300000,0.275298,1.000000,0.200000,0.200000,0.000000,0.500000,-0.000000,0.400000,0.500000,-0.200000,0.002744,0.100000,-0.000274
t10-d0.4-a1.5-compact,10,0.400000,1.500000,8,1156,1920,ga-timeline,curated-textbook,lexicographic,goal-priority,20260928,1,2,true,true,true,38,1,0,10,0,1541,0.802604,false,0.000000,0.326804,1.692458,60,40,2440,52834,true,0.394725,0.394725,0.394725,1.000000,0.239406,0.500000,0.119703,0.917659,0.300000,0.275298,1.000000,0.200000,0.200000,0.000000,0.500000,-0.000000,0.400000,0.500000,-0.200000,0.002762,0.100000,-0.000276
t10-d0.4-a1.5-compact,10,0.400000,1.500000,8,1156,1920,ga-timeline,curated-textbook,lexicographic,goal-priority,20260929,1,2,true,true,true,37,1,0,10,0,1541,0.802604,false,0.000000,0.130917,1.538361,60,40,2440,87335,true,0.394728,0.394728,0.394728,1.000000,0.239406,0.500000,0.119703,0.917659,0.300000,0.275298,1.000000,0.200000,0.200000,0.000000,0.500000,-0.000000,0.400000,0.500000,-0.200000,0.002732,0.100000,-0.000273
t10-d0.4-a1.5-compact,10,0.400000,1.500000,8,1156,1920,ga-timeline,all,lexicographic,goal-priority,20260925,2,2,true,true,true,40,1,0,10,0,1541,0.802604,false,0.000000,0.202416,1.624551,60,40,2440,49310,true,0.394728,0.394728,0.394728,1.000000,0.239406,0.500000,0.119703,0.917659,0.300000,0.275298,1.000000,0.200000,0.200000,0.000000,0.500000,-0.000000,0.400000,0.500000,-0.200000,0.002732,0.100000,-0.000273
t10-d0.4-a1.5-compact,10,0.400000,1.500000,8,1156,1920,ga-timeline,all,lexicographic,goal-priority,20260926,2,2,true,true,true,38,1,0,10,0,1541,0.802604,false,0.000000,0.372184,1.817826,60,40,2440,48481,true,0.394726,0.394726,0.394726,1.000000,0.239406,0.500000,0.119703,0.917659,0.300000,0.275298,1.000000,0.200000,0.200000,0.000000,0.500000,-0.000000,0.400000,0.500000,-0.200000,0.002744,0.100000,-0.000274
t10-d0.4-a1.5-compact,10,0.400000,1.500000,8,1156,1920,ga-timeline,all,lexicographic,goal-priority,20260927,2,2,true,true,true,39,1,0,10,0,1541,0.802604,false,0.000000,0.232125,1.412994,60,40,2440,50052,true,0.394726,0.394726,0.394726,1.000000,0.239406,0.500000,0.119703,0.917659,0.300000,0.275298,1.000000,0.200000,0.200000,0.000000,0.500000,-0.000000,0.400000,0.500000,-0.200000,0.002744,0.100000,-0.000274
t10-d0.4-a1.5-compact,10,0.400000,1.500000,8,1156,1920,ga-timeline,all,lexicographic,goal-priority,20260928,2,2,true,true,true,36,1,0,10,0,1541,0.802604,false,0.000000,0.372184,1.817826,60,40,2440,52160,true,0.394726,0.394726,0.394726,1.000000,0.239406,0.500000,0.119703,0.917659,0.300000,0.275298,1.000000,0.200000,0.200000,0.000000,0.500000,-0.000000,0.400000,0.500000,-0.200000,0.002744,0.100000,-0.000274
t10-d0.4-a1.5-compact,10,0.400000,1.500000,8,1156,1920,ga-timeline,all,lexicographic,goal-priority,20260929,2,2,true,true,true,37,1,0,10,0,1541,0.802604,false,0.000000,0.351290,1.817826,60,40,2440,55233,true,0.394728,0.394728,0.394728,1.000000,0.239406,0.500000,0.119703,0.917659,0.300000,0.275298,1.000000,0.200000,0.200000,0.000000,0.500000,-0.000000,0.400000,0.500000,-0.200000,0.002732,0.100000,-0.000273
t10-d0.4-a1.5-compact,10,0.400000,1.500000,8,1156,1920,ga-timeline,curated,weighted,goal-priority,20260925,1,1,true,true,true,39,1,,10,0,1541,0.802604,false,0.000000,0.247470,1.624551,60,40,2440,50894,true,0.594452,0.594452,0.594452,1.000000,0.239406,0.500000,0.119703,0.917659,0.300000,0.275298,1.000000,0.200000,0.200000,0.000000,0.500000,-0.000000,0.000000,0.500000,-0.000000,0.005489,0.100000,-0.000549
t10-d0.4-a1.5-compact,10,0.400000,1.500000,8,1156,1920,ga-timeline,curated,weighted,goal-priority,20260926,1,1,true,true,true,36,1,,10,0,1541,0.802604,false,0.000000,0.247470,1.624551,60,40,2440,53830,true,0.594452,0.594452,0.594452,1.000000,0.239406,0.500000,0.119703,0.917659,0.300000,0.275298,1.000000,0.200000,0.200000,0.000000,0.500000,-0.000000,0.000000,0.500000,-0.000000,0.005489,0.100000,-0.000549
t10-d0.4-a1.5-compact,10,0.400000,1.500000,8,1156,1920,ga-timeline,curated,weighted,goal-priority,20260927,1,1,true,true,true,37,1,,10,0,1541,0.802604,false,0.000000,0.351290,1.817826,60,40,2440,65517,true,0.594454,0.594454,0.594454,1.000000,0.239406,0.500000,0.119703,0.917659,0.300000,0.275298,1.000000,0.200000,0.200000,0.000000,0.500000,-0.000000,0.000000,0.500000,-0.000000,0.005464,0.100000,-0.000546
t10-d0.4-a1.5-compact,10,0.400000,1.500000,8,1156,1920,ga-timeline,curated,weighted,goal-priority,20260928,1,1,true,true,true,35,1,,10,0,1541,0.802604,false,0.000000,0.198498,1.412994,60,40,2440,55281,true,0.594452,0.594452,0.594452,1.000000,0.239406,0.500000,0.119703,0.917659,0.300000,0.275298,1.000000,0.200000,0.200000,0.000000,0.500000,-0.000000,0.000000,0.500000,-0.000000,0.005488,0.100000,-0.000549
t10-d0.4-a1.5-compact,10,0.400000,1.500000,8,1156,1920,ga-timeline,curated,weighted,goal-priority,20260929,1,1,true,true,true,36,1,,10,0,1541,0.802604,false,0.000000,0.198498,1.412994,60,40,2440,49843,true,0.594454,0.594454,0.594454,1.000000,0.239406,0.500000,0.119703,0.917659,0.300000,0.275298,1.000000,0.200000,0.200000,0.000000,0.500000,-0.000000,0.000000,0.500000,-0.000000,0.005464,0.100000,-0.000546
t10-d0.4-a1.5-compact,10,0.400000,1.500000,8,1156,1920,ga-timeline,curated-textbook,weighted,goal-priority,20260925,1,2,true,true,true,40,1,,10,0,1541,0.802604,false,0.000000,0.403852,1.692458,60,40,2440,52761,true,0.594726,0.594726,0.594726,1.000000,0.239406,0.500000,0.119703,0.917659,0.300000,0.275298,1.000000,0.200000,0.200000,0.000000,0.500000,-0.000000,0.000000,0.500000,-0.000000,0.002753,0.100000,-0.000275
t10-d0.4-a1.5-compact,10,0.400000,1.500000,8,1156,1920,ga-timeline,curated-textbook,weighted,goal-priority,20260926,1,2,true,true,true,38,1,,10,0,1541,0.802604,false,0.000000,0.198172,1.452171,60,40,2440,52879,true,0.594728,0.594728,0.594728,1.000000,0.239406,0.500000,0.119703,0.917659,0.300000,0.275298,1.000000,0.200000,0.200000,0.000000,0.500000,-0.000000,0.000000,0.500000,-0.000000,0.002732,0.100000,-0.000273
t10-d0.4-a1.5-compact,10,0.400000,1.500000,8,1156,1920,ga-timeline,curated-textbook,weighted,goal-priority,20260927,1,2,true,true,true,39,1,,10,0,1541,0.802604,false,0.000000,0.342475,1.817826,60,40,2440,57167,true,0.594726,0.594726,0.594726,1.000000,0.239406,0.500000,0.119703,0.917659,0.300000,0.275298,1.000000,0.200000,0.200000,0.000000,0.500000,-0.000000,0.000000,0.500000,-0.000000,0.002744,0.100000,-0.000274
t10-d0.4-a1.5-compact,10,0.400000,1.500000,8,1156,1920,ga-timeline,curated-textbook,weighted,goal-priority,20260928,1,2,true,true,true,38,1,,10,0,1541,0.802604,false,0.000000,0.326804,1.692458,60,40,2440,75217,true,0.594725,0.594725,0.594725,1.000000,0.239406,0.500000,0.119703,0.917659,0.300000,0.275298,1.000000,0.200000,0.200000,0.000000,0.500000,-0.000000,0.000000,0.500000,-0.000000,0.002762,0.100000,-0.000276
t10-d0.4-a1.5-compact,10,0.400000,1.500000,8,1156,1920,ga-timeline,curated-textbook,weighted,goal-priority,20260929,1,2,true,true,true,37,1,,10,0,1541,0.802604,false,0.000000,0.130917,1.538361,60,40,2440,75060,true,0.594728,0.594728,0.594728,1.000000,0.239406,0.500000,0.119703,0.917659,0.300000,0.275298,1.000000,0.200000,0.200000,0.000000,0.500000,-0.000000,0.000000,0.500000,-0.000000,0.002732,0.100000,-0.000273
t10-d0.4-a1.5-compact,10,0.400000,1.500000,8,1156,1920,ga-timeline,all,weighted,goal-priority,20260925,2,2,true,true,true,40,1,,10,0,1541,0.802604,false,0.000000,0.202416,1.624551,60,40,2440,63820,true,0.594728,0.594728,0.594728,1.000000,0.239406,0.500000,0.119703,0.917659,0.300000,0.275298,1.000000,0.200000,0.200000,0.000000,0.500000,-0.000000,0.000000,0.500000,-0.000000,0.002732,0.100000,-0.000273
t10-d0.4-a1.5-compact,10,0.400000,1.500000,8,1156,1920,ga-timeline,all,weighted,goal-priority,20260926,2,2,true,true,true,38,1,,10,0,1541,0.802604,false,0.000000,0.372184,1.817826,60,40,2440,71185,true,0.594726,0.594726,0.594726,1.000000,0.239406,0.500000,0.119703,0.917659,0.300000,0.275298,1.000000,0.200000,0.200000,0.000000,0.500000,-0.000000,0.000000,0.500000,-0.000000,0.002744,0.100000,-0.000274
t10-d0.4-a1.5-compact,10,0.400000,1.500000,8,1156,1920,ga-timeline,all,weighted,goal-priority,20260927,2,2,true,true,true,39,1,,10,0,1541,0.802604,false,0.000000,0.232125,1.412994,60,40,2440,52225,true,0.594726,0.594726,0.594726,1.000000,0.239406,0.500000,0.119703,0.917659,0.300000,0.275298,1.000000,0.200000,0.200000,0.000000,0.500000,-0.000000,0.000000,0.500000,-0.000000,0.002744,0.100000,-0.000274
t10-d0.4-a1.5-compact,10,0.400000,1.500000,8,1156,1920,ga-timeline,all,weighted,goal-priority,20260928,2,2,true,true,true,36,1,,10,0,1541,0.802604,false,0.000000,0.372184,1.817826,60,40,2440,47695,true,0.594726,0.594726,0.594726,1.000000,0.239406,0.500000,0.119703,0.917659,0.300000,0.275298,1.000000,0.200000,0.200000,0.000000,0.500000,-0.000000,0.000000,0.500000,-0.000000,0.002744,0.100000,-0.000274
t10-d0.4-a1.5-compact,10,0.400000,1.500000,8,1156,1920,ga-timeline,all,weighted,goal-priority,20260929,2,2,true,true,true,37,1,,10,0,1541,0.802604,false,0.000000,0.351290,1.817826,60,40,2440,51192,true,0.594728,0.594728,0.594728,1.000000,0.239406,0.500000,0.119703,0.917659,0.300000,0.275298,1.000000,0.200000,0.200000,0.000000,0.500000,-0.000000,0.000000,0.500000,-0.000000,0.002732,0.100000,-0.000273
t10-d0.4-a1.5-sparse,10,0.400000,1.500000,13,977,1680,ga,curated,lexicographic,goal-priority,20260925,1,1,true,true,true,40,0,1,10,0,1420,0.845238,false,0.000000,0.129239,1.629992,60,40,2440,2503,true,0.270470,0.270470,0.270470,1.000000,0.211444,0.500000,0.105722,0.715826,0.300000,0.214748,1.000000,0.200000,0.200000,0.000000,0.500000,-0.000000,0.500000,0.500000,-0.250000,0.000000,0.100000,-0.000000
t10-d0.4-a1.5-sparse,10,0.400000,1.500000,13,977,1680,ga,curated,lexicographic,goal-priority,20260926,1,1,true,true,true,40,0,1,10,0,1392,0.828571,false,0.000000,0.130617,1.647372,60,40,2440,2430,true,0.228933,0.228933,0.228933,1.000000,0.177979,0.500000,0.088989,0.633145,0.300000,0.189944,1.000000,0.200000,0.200000,0.000000,0.500000,-0.000000,0.500000,0.500000,-0.250000,0.000000,0.100000,-0.000000
t10-d0.4-a1.5-sparse,10,0.400000,1.500000,13,977,1680,ga,curated,lexicographic,goal-priority,20260927,1,1,true,true,true,40,0,1,10,0,1392,0.828571,false,0.000000,0.130617,1.647372,60,40,2440,2467,true,0.228933,0.228933,0.228933,1.000000,0.177979,0.500000,0.088989,0.633145,0.300000,0.189944,1.000000,0.200000,0.200000,0.000000,0.500000,-0.000000,0.500000,0.500000,-0.250000,0.000000,0.100000,-0.000000
t10-d0.4-a1.5-sparse,10,0.400000,1.500000,13,977,1680,ga,curated,lexicographic,goal-priority,20260928,1,1,true,true,true,40,0,1,10,0,1424,0.847619,false,0.000000,0.134510,1.976471,60,40,2440,3187,true,0.237243,0.237243,0.237243,1.000000,0.229444,0.500000,0.114722,0.741736,0.300000,0.222521,1.000000,0.200000,0.200000,0.000000,0.500000,-0.000000,0.600000,0.500000,-0.300000,0.000000,0.100000,-0.000000
t10-d0.4-a1.5-sparse,10,0.400000,1.500000,13,977,1680,ga,curated,lexicographic,goal-priority,20260929,1,1,true,true,true,40,0,1,10,0,1424,0.847619,false,0.000000,0.134510,1.976471,60,40,2440,2778,true,0.237243,0.237243,0.237243,1.000000,0.229444,0.500000,0.114722,0.741736,0.300000,0.222521,1.000000,0.200000,0.200000,0.000000,0.500000,-0.000000,0.600000,0.500000,-0.300000,0.000000,0.100000,-0.000000
t10-d0.4-a1.5-sparse,10,0.400000,1.500000,13,977,1680,ga,curated-textbook,lexicographic,goal-priority,20260925,1,2,true,true,true,40,0,1,10,0,1420,0.845238,false,0.000000,0.129239,1.629992,60,40,2440,2596,true,0.270470,0.270470,0.270470,1.000000,0.211444,0.500000,0.105722,0.715826,0.300000,0.214748,1.000000,0.200000,0.200000,0.000000,0.500000,-0.000000,0.500000,0.500000,-0.250000,0.000000,0.100000,-0.000000
t10-d0.4-a1.5-sparse,10,0.400000,1.500000,13,977,1680,ga,curated-textbook,lexicographic,goal-priority,20260926,1,2,true,true,true,40,0,1,10,0,1392,0.828571,false,0.000000,0.130617,1.647372,60,40,2440,3004,true,0.228933,0.228933,0.228933,1.000000,0.177979,0.500000,0.088989,0.633145,0.300000,0.189944,1.000000,0.200000,0.200000,0.000000,0.500000,-0.000000,0.500000,0.500000,-0.250000,0.000000,0.100000,-0.000000
t10-d0.4-a1.5-sparse,10,0.400000,1.500000,13,977,1680,ga,curated-textbook,lexicographic,goal-priority,20260927,1,2,true,true,true,40,0,1,10,0,1392,0.828571,false,0.000000,0.130617,1.647372,60,40,2440,2658,true,0.228933,0.228933,0.228933,1.000000,0.177979,0.500000,0.088989,0.633145,0.300000,0.189944,1.000000,0.200000,0.200000,0.000000,0.500000,-0.000000,0.500000,0.500000,-0.250000,0.000000,0.100000,-0.000000
t10-d0.4-a1.5-sparse,10,0.400000,1.500000,13,977,1680,ga,curated-textbook,lexicographic,goal-priority,20260928,1,2,true,true,true,40,0,1,10,0,1424,0.847619,false,0.000000,0.134510,1.976471,60,40,2440,3647,true,0.237243,0.237243,0.237243,1.000000,0.229444,0.500000,0.114722,0.741736,0.300000,0.222521,1.000000,0.200000,0.200000,0.000000,0.500000,-0.000000,0.600000,0.500000,-0.300000,0.000000,0.100000,-0.000000
t10-d0.4-a1.5-sparse,10,0.400000,1.500000,13,977,1680,ga,curated-textbook,lexicographic,goal-priority,20260929,1,2,true,true,true,40,0,1,10,0,1424,0.847619,false,0.000000,0.134510,1.976471,60,40,2440,3407,true,0.237243,0.237243,0.237243,1.000000,0.229444,0.500000,0.114722,0.741736,0.300000,0.222521,1.000000,0.200000,0.200000,0.000000,0.500000,-0.000000,0.600000,0.500000,-0.300000,0.000000,0.100000,-0.000000
t10-d0.4-a1.5-sparse,10,0.400000,1.500000,13,977,1680,ga,all,lexicographic,goal-priority,20260925,1,2,true,true,true,40,0,1,10,0,1420,0.845238,false,0.000000,0.129239,1.629992,60,40,2440,3344,true,0.270470,0.270470,0.270470,1.000000,0.211444,0.500000,0.105722,0.715826,0.300000,0.214748,1.000000,0.200000,0.200000,0.000000,0.500000,-0.000000,0.500000,0.500000,-0.250000,0.000000,0.100000,-0.000000
t10-d0.4-a1.5-sparse,10,0.400000,1.500000,13,977,1680,ga,all,lexicographic,goal-priority,20260926,1,2,true,true,true,40,0,1,10,0,1392,0.828571,false,0.000000,0.130617,1.647372,60,40,2440,3400,true,0.228933,0.228933,0.228933,1.000000,0.177979,0.500000,0.088989,0.633145,0.300000,0.189944,1.000000,0.200000,0.200000,0.000000,0.500000,-0.000000,0.500000,0.500000,-0.250000,0.000000,0.100000,-0.000000
t10-d0.4-a1.5-sparse,10,0.400000,1.500000,13,977,1680,ga,all,lexicographic,goal-priority,20260927,1,2,true,true,true,40,0,1,10,0,1392,0.828571,false,0.000000,0.130617,1.647372,60,40,2440,3576,true,0.228933,0.228933,0.228933,1.000000,0.177979,0.500000,0.088989,0.633145,0.300000,0.189944,1.000000,0.200000,0.200000,0.000000,0.500000,-0.000000,0.500000,0.500000,-0.250000,0.000000,0.100000,-0.000000
t10-d0.4-a1.5-sparse,10,0.400000,1.500000,13,977,1680,ga,all,lexicographic,goal-priority,20260928,1,2,true,true,true,40,0,1,10,0,1424,0.847619,false,0.000000,0.134510,1.976471,60,40,2440,3497,true,0.237243,0.237243,0.237243,1.000000,0.229444,0.500000,0.114722,0.741736,0.300000,0.222521,1.000000,0.200000,0.200000,0.000000,0.500000,-0.000000,0.600000,0.500000,-0.300000,0.000000,0.100000,-0.000000
t10-d0.4-a1.5-sparse,10,0.400000,1.500000,13,977,1680,ga,all,lexicographic,goal-priority,20260929,1,2,true,true,true,40,0,1,10,0,1424,0.847619,false,0.000000,0.134510,1.976471,60,40,2440,3380,true,0.237243,0.237243,0.237243,1.000000,0.229444,0.500000,0.114722,0.741736,0.300000,0.222521,1.000000,0.200000,0.200000,0.000000,0.500000,-0.000000,0.600000,0.500000,-0.300000,0.000000,0.100000,-0.000000
t10-d0.4-a1.5-sparse,10,0.400000,1.500000,13,977,1680,ga,curated,weighted,goal-priority,20260925,1,1,true,true,true,40,1,,10,0,1420,0.845238,false,0.000000,0.129239,1.664280,60,40,2440,3328,true,0.254047,0.254047,0.254047,1.000000,0.211444,0.500000,0.105722,0.715826,0.300000,0.214748,1.000000,0.200000,0.200000,0.000000,0.500000,-0.000000,0.500000,0.500000,-0.250000,0.164221,0.100000,-0.016422
t10-d0.4-a1.5-sparse,10,0.400000,1.500000,13,977,1680,ga,curated,weighted,goal-priority,20260926,1,1,true,true,true,40,1,,10,0,1392,0.828571,false,0.000000,0.130617,1.682026,60,40,2440,3278,true,0.212511,0.212511,0.212511,1.000000,0.177979,0.500000,0.088989,0.633145,0.300000,0.189944,1.000000,0.200000,0.200000,0.000000,0.500000,-0.000000,0.500000,0.500000,-0.250000,0.164221,0.100000,-0.016422
t10-d0.4-a1.5-sparse,10,0.400000,1.500000,13,977,1680,ga,curated,weighted,goal-priority,20260927,1,1,true,true,true,40,1,,10,0,1392,0.828571,false,0.000000,0.130617,1.682026,60,40,2440,3290,true,0.212511,0.212511,0.212511,1.000000,0.177979,0.500000,0.088989,0.633145,0.300000,0.189944,1.000000,0.200000,0.200000,0.000000,0.500000,-0.000000,0.500000,0.500000,-0.250000,0.164221,0.100000,-0.016422
t10-d0.4-a1.5-sparse,10,0.400000,1.500000,13,977,1680,ga,curated,weighted,goal-priority,20260928,1,1,true,true,true,40,1,,10,0,1424,0.847619,false,0.000000,0.134510,1.754118,60,40,2440,3392,true,0.220102,0.220102,0.220102,1.000000,0.229444,0.500000,0.114722,0.741736,0.300000,0.222521,1.000000,0.200000,0.200000,0.000000,0.500000,-0.000000,0.600000,0.500000,-0.300000,0.171414,0.100000,-0.017141
t10-d0.4-a1.5-sparse,10,0.400000,1.500000,13,977,1680,ga,curated,weighted,goal-priority,20260929,1,1,true,true,true,40,1,,10,0,1424,0.847619,false,0.000000,0.134510,1.754118,60,40,2440,3300,true,0.220102,0.220102,0.220102,1.000000,0.229444,0.500000,0.114722,0.741736,0.300000,0.222521,1.000000,0.200000,0.200000,0.000000,0.500000,-0.000000,0.600000,0.500000,-0.300000,0.171414,0.100000,-0.017141
t10-d0.4-a1.5-sparse,10,0.400000,1.500000,13,977,1680,ga,curated-textbook,weighted,goal-priority,20260925,1,2,true,true,true,40,1,,10,0,1420,0.845238,false,0.000000,0.129239,1.664280,60,40,2440,3371,true,0.262259,0.262259,0.262259,1.000000,0.211444,0.500000,0.105722,0.715826,0.300000,0.214748,1.000000,0.200000,0.200000,0.000000,0.500000,-0.000000,0.500000,0.500000,-0.250000,0.082111,0.100000,-0.008211
t10-d0.4-a1.5-sparse,10,0.400000,1.500000,13,977,1680,ga,curated-textbook,weighted,goal-priority,20260926,1,2,true,true,true,40,1,,10,0,1392,0.828571,false,0.000000,0.130617,1.682026,60,40,2440,3321,true,0.220722,0.220722,0.220722,1.000000,0.177979,0.500000,0.088989,0.633145,0.300000,0.189944,1.000000,0.200000,0.200000,0.000000,0.500000,-0.000000,0.500000,0.500000,-0.250000,0.082111,0.100000,-0.008211
t10-d0.4-a1.5-sparse,10,0.400000,1.500000,13,977,1680,ga,curated-textbook,weighted,goal-priority,20260927,1,2,true,true,true,40,1,,10,0,1392,0.828571,false,0.000000,0.130617,1.682026,60,40,2440,3434,true,0.220722,0.220722,0.220722,1.000000,0.177979,0.500000,0.088989,0.633145,0.300000,0.189944,1.000000,0.200000,0.200000,0.000000,0.500000,-0.000000,0.500000,0.500000,-0.250000,0.082111,0.100000,-0.008211
t10-d0.4-a1.5-sparse,10,0.400000,1.500000,13,977,1680,ga,curated-textbook,weighted,goal-priority,20260928,1,2,true,true,true,40,1,,10,0,1424,0.847619,false,0.000000,0.134510,1.754118,60,40,2440,3330,true,0.228672,0.228672,0.228672,1.000000,0.229444,0.500000,0.114722,0.741736,0.300000,0.222521,1.000000,0.200000,0.200000,0.000000,0.500000,-0.000000,0.600000,0.500000,-0.300000,0.085707,0.100000,-0.008571
t10-d0.4-a1.5-sparse,10,0.400000,1.500000,13,977,1680,ga,curated-textbook,weighted,goal-priority,20260929,1,2,true,true,true,40,1,,10,0,1424,0.847619,false,0.000000,0.134510,1.754118,60,40,2440,3355,true,0.228672,0.228672,0.228672,1.000000,0.229444,0.500000,0.114722,0.741736,0.300000,0.222521,1.000000,0.200000,0.200000,0.000000,0.500000,-0.000000,0.600000,0.500000,-0.300000,0.085707,0.100000,-0.008571
t10-d0.4-a1.5-sparse,10,0.400000,1.500000,13,977,1680,ga,all,weighted,goal-priority,20260925,1,2,true,true,true,40,1,,10,0,1420,0.845238,false,0.000000,0.129239,1.664280,60,40,2440,3383,true,0.262259,0.262259,0.262259,1.000000,0.211444,0.500000,0.105722,0.715826,0.300000,0.214748,1.000000,0.200000,0.200000,0.000000,0.500000,-0.000000,0.500000,0.500000,-0.250000,0.082111,0.100000,-0.008211
t10-d0.4-a1.5-sparse,10,0.400000,1.500000,13,977,1680,ga,all,weighted,goal-priority,20260926,1,2,true,true,true,40,1,,10,0,1392,0.828571,false,0.000000,0.130617,1.682026,60,40,2440,3322,true,0.220722,0.220722,0.220722,1.000000,0.177979,0.500000,0.088989,0.633145,0.300000,0.189944,1.000000,0.200000,0.200000,0.000000,0.500000,-0.000000,0.500000,0.500000,-0.250000,0.082111,0.100000,-0.008211
t10-d0.4-a1.5-sparse,10,0.400000,1.500000,13,977,1680,ga,all,weighted,goal-priority,20260927,1,2,true,true,true,40,1,,10,0,1392,0.828571,false,0.000000,0.130617,1.682026,60,40,2440,3355,true,0.220722,0.220722,0.220722,1.000000,0.177979,0.500000,0.088989,0.633145,0.300000,0.189944,1.000000,0.200000,0.200000,0.000000,0.500000,-0.000000,0.500000,0.500000,-0.250000,0.082111,0.100000,-0.008211
t10-d0.4-a1.5-sparse,10,0.400000,1.500000,13,977,1680,ga,all,weighted,goal-priority,20260928,1,2,true,true,true,40,1,,10,0,1424,0.847619,false,0.000000,0.134510,1.754118,60,40,2440,3359,true,0.228672,0.228672,0.228672,1.000000,0.229444,0.500000,0.114722,0.741736,0.300000,0.222521,1.000000,0.200000,0.200000,0.000000,0.500000,-0.000000,0.600000,0.500000,-0.300000,0.085707,0.100000,-0.008571
t10-d0.4-a1.5-sparse,10,0.400000,1.500000,13,977,1680,ga,all,weighted,goal-priority,20260929,1,2,true,true,true,40,1,,10,0,1424,0.847619,false,0.000000,0.134510,1.754118,60,40,2440,3373,true,0.228672,0.228672,0.228672,1.000000,0.229444,0.500000,0.114722,0.741736,0.300000,0.222521,1.000000,0.200000,0.200000,0.000000,0.500000,-0.000000,0.600000,0.500000,-0.300000,0.085707,0.100000,-0.008571
t10-d0.4-a1.5-sparse,10,0.400000,1.500000,13,977,1680,ga-timeline,curated,lexicographic,goal-priority,20260925,1,1,true,true,true,22,0,0,10,0,1315,0.782738,false,0.000000,0.478182,2.128000,60,40,2440,73049,true,0.399765,0.399765,0.399765,1.000000,0.236426,0.500000,0.118213,0.771841,0.300000,0.231552,1.000000,0.200000,0.200000,0.000000,0.500000,-0.000000,0.300000,0.500000,-0.150000,0.000000,0.100000,-0.000000
t10-d0.4-a1.5-sparse,10,0.400000,1.500000,13,977,1680,ga-timeline,curated,lexicographic,goal-priority,20260926,1,1,true,true,true,28,0,0,10,0,1315,0.782738,false,0.000000,0.396727,2.128000,60,40,2440,65990,true,0.387091,0.387091,0.387091,1.000000,0.231148,0.500000,0.115574,0.738391,0.300000,0.221517,1.000000,0.200000,0.200000,0.000000,0.500000,-0.000000,0.300000,0.500000,-0.150000,0.000000,0.100000,-0.000000
t10-d0.4-a1.5-sparse,10,0.400000,1.500000,13,977,1680,ga-timeline,curated,lexicographic,goal-priority,20260927,1,1,true,true,true,25,0,0,10,0,1315,0.782738,false,0.000000,0.375636,2.275636,60,40,2440,55839,true,0.387091,0.387091,0.387091,1.000000,0.231148,0.500000,0.115574,0.738391,0.300000,0.221517,1.000000,0.200000,0.200000,0.000000,0.500000,-0.000000,0.300000,0.500000,-0.150000,0.000000,0.100000,-0.000000
t10-d0.4-a1.5-sparse,10,0.400000,1.500000,13,977,1680,ga-timeline,curated,lexicographic,goal-priority,20260928,1,1,true,true,true,24,0,0,10,0,1315,0.782738,false,0.000000,0.542182,2.275636,60,40,2440,59425,true,0.398751,0.398751,0.398751,1.000000,0.231880,0.500000,0.115940,0.776036,0.300000,0.232811,1.000000,0.200000,0.200000,0.000000,0.500000,-0.000000,0.300000,0.500000,-0.150000,0.000000,0.100000,-0.000000
t10-d0.4-a1.5-sparse,10,0.400000,1.500000,13,977,1680,ga-timeline,curated,lexicographic,goal-priority,20260929,1,1,true,true,true,22,0,0,10,0,1315,0.782738,false,0.000000,0.478182,1.824000,60,40,2440,50363,true,0.399765,0.399765,0.399765,1.000000,0.236426,0.500000,0.118213,0.771841,0.300000,0.231552,1.000000,0.200000,0.200000,0.000000,0.500000,-0.000000,0.300000,0.500000,-0.150000,0.000000,0.100000,-0.000000
t10-d0.4-a1.5-sparse,10,0.400000,1.500000,13,977,1680,ga-timeline,curated-textbook,lexicographic,goal-priority,20260925,1,2,true,true,true,32,0,0,10,0,1315,0.782738,false,0.000000,0.211273,1.517091,60,40,2440,48804,true,0.389898,0.389898,0.389898,1.000000,0.228166,0.500000,0.114083,0.752716,0.300000,0.225815,1.000000,0.200000,0.200000,0.000000,0.500000,-0.000000,0.300000,0.500000,-0.150000,0.000000,0.100000,-0.000000
t10-d0.4-a1.5-sparse,10,0.400000,1.500000,13,977,1680,ga-timeline,curated-textbook,lexicographic,goal-priority,20260926,1,2,true,true,true,36,0,0,10,0,1315,0.782738,false,0.000000,0.338182,1.573091,60,40,2440,67376,true,0.384996,0.384996,0.384996,1.000000,0.226958,0.500000,0.113479,0.738391,0.300000,0.221517,1.000000,0.200000,0.200000,0.000000,0.500000,-0.000000,0.300000,0.500000,-0.150000,0.000000,0.100000,-0.000000
t10-d0.4-a1.5-sparse,10,0.400000,1.500000,13,977,1680,ga-timeline,curated-textbook,lexicographic,goal-priority,20260927,1,2,true,true,true,38,0,0,10,0,1315,0.782738,false,0.000000,0.375636,1.573091,60,40,2440,51785,true,0.384996,0.384996,0.384996,1.000000,0.226958,0.500000,0.113479,0.738391,0.300000,0.221517,1.000000,0.200000,0.200000,0.000000,0.500000,-0.000000,0.300000,0.500000,-0.150000,0.000000,0.100000,-0.000000
t10-d0.4-a1.5-sparse,10,0.400000,1.500000,13,977,1680,ga-timeline,curated-textbook,lexicographic,goal-priority,20260928,1,2,true,true,true,36,0,0,10,0,1315,0.782738,false,0.000000,0.350909,1.680000,60,40,2440,85999,true,0.397671,0.397671,0.397671,1.000000,0.232237,0.500000,0.116118,0.771841,0.300000,0.231552,1.000000,0.200000,0.200000,0.000000,0.500000,-0.000000,0.300000,0.500000,-0.150000,0.000000,0.100000,-0.000000
t10-d0.4-a1.5-sparse,10,0.400000,1.500000,13,977,1680,ga-timeline,curated-textbook,lexicographic,goal-priority,20260929,1,2,true,true,true,28,0,0,10,0,1315,0.782738,false,0.000000,0.244727,1.573091,60,40,2440,54114,true,0.397671,0.397671,0.397671,1.000000,0.232237,0.500000,0.116118,0.771841,0.300000,0.231552,1.000000,0.200000,0.200000,0.000000,0.500000,-0.000000,0.300000,0.500000,-0.150000,0.000000,0.100000,-0.000000
t10-d0.4-a1.5-sparse,10,0.400000,1.500000,13,977,1680,ga-timeline,all,lexicographic,goal-priority,20260925,1,2,true,true,true,32,0,0,10,0,1315,0.782738,false,0.000000,0.211273,1.517091,60,40,2440,57718,true,0.389898,0.389898,0.389898,1.000000,0.228166,0.500000,0.114083,0.752716,0.300000,0.225815,1.000000,0.200000,0.200000,0.000000,0.500000,-0.000000,0.300000,0.500000,-0.150000,0.000000,0.100000,-0.000000
t10-d0.4-a1.5-sparse,10,0.400000,1.500000,13,977,1680,ga-timeline,all,lexicographic,goal-priority,20260926,1,2,true,true,true,36,0,0,10,0,1315,0.782738,false,0.000000,0.338182,1.573091,60,40,2440,55888,true,0.384996,0.384996,0.384996,1.000000,0.226958,0.500000,0.113479,0.738391,0.300000,0.221517,1.000000,0.200000,0.200000,0.000000,0.500000,-0.000000,0.300000,0.500000,-0.150000,0.000000,0.100000,-0.000000
t10-d0.4-a1.5-sparse,10,0.400000,1.500000,13,977,1680,ga-timeline,all,lexicographic,goal-priority,20260927,1,2,true,true,true,38,0,0,10,0,1315,0.782738,false,0.000000,0.375636,1.573091,60,40,2440,54224,true,0.384996,0.384996,0.384996,1.000000,0.226958,0.500000,0.113479,0.738391,0.300000,0.221517,1.000000,0.200000,0.200000,0.000000,0.500000,-0.000000,0.300000,0.500000,-0.150000,0.000000,0.100000,-0.000000
t10-d0.4-a1.5-sparse,10,0.400000,1.500000,13,977,1680,ga-timeline,all,lexicographic,goal-priority,20260928,1,2,true,true,true,36,0,0,10,0,1315,0.782738,false,0.000000,0.350909,1.680000,60,40,2440,62463,true,0.397671,0.397671,0.397671,1.000000,0.232237,0.500000,0.116118,0.771841,0.300000,0.231552,1.000000,0.200000,0.200000,0.000000,0.500000,-0.000000,0.300000,0.500000,-0.150000,0.000000,0.100000,-0.000000
t10-d0.4-a1.5-sparse,10,0.400000,1.500000,13,977,1680,ga-timeline,all,lexicographic,goal-priority,20260929,1,2,true,true,true,28,0,0,10,0,1315,0.782738,false,0.000000,0.244727,1.573091,60,40,2440,53033,true,0.397671,0.397671,0.397671,1.000000,0.232237,0.500000,0.116118,0.771841,0.300000,0.231552,1.000000,0.200000,0.200000,0.000000,0.500000,-0.000000,0.300000,0.500000,-0.150000,0.000000,0.100000,-0.000000
t10-d0.4-a1.5-sparse,10,0.400000,1.500000,13,977,1680,ga-timeline,curated,weighted,goal-priority,20260925,1,1,true,true,true,22,0,,10,0,1315,0.782738,false,0.000000,0.478182,2.128000,60,40,2440,50521,true,0.549765,0.549765,0.549765,1.000000,0.236426,0.500000,0.118213,0.771841,0.300000,0.231552,1.000000,0.200000,0.200000,0.000000,0.500000,-0.000000,0.000000,0.500000,-0.000000,0.000000,0.100000,-0.000000
t10-d0.4-a1.5-sparse,10,0.400000,1.500000,13,977,1680,ga-timeline,curated,weighted,goal-priority,20260926,1,1,true,true,true,28,0,,10,0,1315,0.782738,false,0.000000,0.396727,2.128000,60,40,2440,53419,true,0.537091,0.537091,0.537091,1.000000,0.231148,0.500000,0.115574,0.738391,0.300000,0.221517,1.000000,0.200000,0.200000,0.000000,0.500000,-0.000000,0.000000,0.500000,-0.000000,0.000000,0.100000,-0.000000
t10-d0.4-a1.5-sparse,10,0.400000,1.500000,13,977,1680,ga-timeline,curated,weighted,goal-priority,20260927,1,1,true,true,true,25,0,,10,0,1315,0.782738,false,0.000000,0.375636,2.275636,60,40,2440,59536,true,0.537091,0.537091,0.537091,1.000000,0.231148,0.500000,0.115574,0.738391,0.300000,0.221517,1.000000,0.200000,0.200000,0.000000,0.500000,-0.000000,0.000000,0.500000,-0.000000,0.000000,0.100000,-0.000000
t10-d0.4-a1.5-sparse,10,0.400000,1.500000,13,977,1680,ga-timeline,curated,weighted,goal-priority,20260928,1,1,true,true,true,24,0,,10,0,1315,0.782738,false,0.000000,0.542182,2.275636,60,40,2440,53074,true,0.548751,0.548751,0.548751,1.000000,0.231880,0.500000,0.115940,0.776036,0.300000,0.232811,1.000000,0.200000,0.200000,0.000000,0.500000,-0.000000,0.000000,0.500000,-0.000000,0.000000,0.100000,-0.000000
t10-d0.4-a1.5-sparse,10,0.400000,1.500000,13,977,1680,ga-timeline,curated,weighted,goal-priority,20260929,1,1,true,true,true,22,0,,10,0,1315,0.782738,false,0.000000,0.478182,1.824000,60,40,2440,60990,true,0.549765,0.549765,0.549765,1.000000,0.236426,0.500000,0.118213,0.771841,0.300000,0.231552,1.000000,0.200000,0.200000,0.000000,0.500000,-0.000000,0.000000,0.500000,-0.000000,0.000000,0.100000,-0.000000
t10-d0.4-a1.5-sparse,10,0.400000,1.500000,13,977,1680,ga-timeline,curated-textbook,weighted,goal-priority,20260925,1,2,true,true,true,32,0,,10,0,1315,0.782738,false,0.000000,0.211273,1.517091,60,40,2440,42807,true,0.539898,0.539898,0.539898,1.000000,0.228166,0.500000,0.114083,0.752716,0.300000,0.225815,1.000000,0.200000,0.200000,0.000000,0.500000,-0.000000,0.000000,0.500000,-0.000000,0.000000,0.100000,-0.000000
t10-d0.4-a1.5-sparse,10,0.400000,1.500000,13,977,1680,ga-timeline,curated-textbook,weighted,goal-priority,20260926,1,2,true,true,true,36,0,,10,0,1315,0.782738,false,0.000000,0.338182,1.573091,60,40,2440,67430,true,0.534996,0.534996,0.534996,1.000000,0.226958,0.500000,0.113479,0.738391,0.300000,0.221517,1.000000,0.200000,0.200000,0.000000,0.500000,-0.000000,0.000000,0.500000,-0.000000,0.000000,0.100000,-0.000000
t10-d0.4-a1.5-sparse,10,0.400000,1.500000,13,977,1680,ga-timeline,curated-textbook,weighted,goal-priority,20260927,1,2,true,true,true,38,0,,10,0,1315,0.782738,false,0.000000,0.375636,1.573091,60,40,2440,50832,true,0.534996,0.534996,0.534996,1.000000,0.226958,0.500000,0.113479,0.738391,0.300000,0.221517,1.000000,0.200000,0.200000,0.000000,0.500000,-0.000000,0.000000,0.500000,-0.000000,0.000000,0.100000,-0.000000
t10-d0.4-a1.5-sparse,10,0.400000,1.500000,13,977,1680,ga-timeline,curated-textbook,weighted,goal-priority,20260928,1,2,true,true,true,36,0,,10,0,1315,0.782738,false,0.000000,0.350909,1.680000,60,40,2440,53678,true,0.547671,0.547671,0.547671,1.000000,0.232237,0.500000,0.116118,0.771841,0.300000,0.231552,1.000000,0.200000,0.200000,0.000000,0.500000,-0.000000,0.000000,0.500000,-0.000000,0.000000,0.100000,-0.000000
t10-d0.4-a1.5-sparse,10,0.400000,1.500000,13,977,1680,ga-timeline,curated-textbook,weighted,goal-priority,20260929,1,2,true,true,true,28,0,,10,0,1315,0.782738,false,0.000000,0.244727,1.573091,60,40,2440,52406,true,0.547671,0.547671,0.547671,1.000000,0.232237,0.500000,0.116118,0.771841,0.300000,0.231552,1.000000,0.200000,0.200000,0.000000,0.500000,-0.000000,0.000000,0.500000,-0.000000,0.000000,0.100000,-0.000000
t10-d0.4-a1.5-sparse,10,0.400000,1.500000,13,977,1680,ga-timeline,all,weighted,goal-priority,20260925,1,2,true,true,true,32,0,,10,0,1315,0.782738,false,0.000000,0.211273,1.517091,60,40,2440,52168,true,0.539898,0.539898,0.539898,1.000000,0.228166,0.500000,0.114083,0.752716,0.300000,0.225815,1.000000,0.200000,0.200000,0.000000,0.500000,-0.000000,0.000000,0.500000,-0.000000,0.000000,0.100000,-0.000000
t10-d0.4-a1.5-sparse,10,0.400000,1.500000,13,977,1680,ga-timeline,all,weighted,goal-priority,20260926,1,2,true,true,true,36,0,,10,0,1315,0.782738,false,0.000000,0.338182,1.573091,60,40,2440,55839,true,0.534996,0.534996,0.534996,1.000000,0.226958,0.500000,0.113479,0.738391,0.300000,0.221517,1.000000,0.200000,0.200000,0.000000,0.500000,-0.000000,0.000000,0.500000,-0.000000,0.000000,0.100000,-0.000000
t10-d0.4-a1.5-sparse,10,0.400000,1.500000,13,977,1680,ga-timeline,all,weighted,goal-priority,20260927,1,2,true,true,true,38,0,,10,0,1315,0.782738,false,0.000000,0.375636,1.573091,60,40,2440,51516,true,0.534996,0.534996,0.534996,1.000000,0.226958,0.500000,0.113479,0.738391,0.300000,0.221517,1.000000,0.200000,0.200000,0.000000,0.500000,-0.000000,0.000000,0.500000,-0.000000,0.000000,0.100000,-0.000000
t10-d0.4-a1.5-sparse,10,0.400000,1.500000,13,977,1680,ga-timeline,all,weighted,goal-priority,20260928,1,2,true,true,true,36,0,,10,0,1315,0.782738,false,0.000000,0.350909,1.680000,60,40,2440,54909,true,0.547671,0.547671,0.547671,1.000000,0.232237,0.500000,0.116118,0.771841,0.300000,0.231552,1.000000,0.200000,0.200000,0.000000,0.500000,-0.000000,0.000000,0.500000,-0.000000,0.000000,0.100000,-0.000000
t10-d0.4-a1.5-sparse,10,0.400000,1.500000,13,977,1680,ga-timeline,all,weighted,goal-priority,20260929,1,2,true,true,true,28,0,,10,0,1315,0.782738,false,0.000000,0.244727,1.573091,60,40,2440,52529,true,0.547671,0.547671,0.547671,1.000000,0.232237,0.500000,0.116118,0.771841,0.300000,0.231552,1.000000,0.200000,0.200000,0.000000,0.500000,-0.000000,0.000000,0.500000,-0.000000,0.000000,0.100000,-0.000000
t10-d1.2-a0.7-compact,10,1.200000,0.700000,4,1219,960,ga,curated,lexicographic,goal-priority,20260925,2,2,true,true,true,1,1,0,6,4,712,0.741667,false,0.000000,0.099156,1.440225,60,40,2440,2664,false,0.000000,-0.339431,0.000000,1.000000,0.096471,0.500000,0.048235,0.541112,0.300000,0.162334,1.000000,0.200000,0.200000,0.400000,0.500000,-0.200000,1.000000,0.500000,-0.500000,0.500000,0.100000,-0.050000
t10-d1.2-a0.7-compact,10,1.200000,0.700000,4,1219,960,ga,curated,lexicographic,goal-priority,20260926,2,2,true,true,true,1,1,0,6,4,712,0.741667,false,0.000000,0.099156,1.440225,60,40,2440,2434,false,0.000000,-0.339431,0.000000,1.000000,0.096471,0.500000,0.048235,0.541112,0.300000,0.162334,1.000000,0.200000,0.200000,0.400000,0.500000,-0.200000,1.000000,0.500000,-0.500000,0.500000,0.100000,-0.050000
t10-d1.2-a0.7-compact,10,1.200000,0.700000,4,1219,960,ga,curated,lexicographic,goal-priority,20260927,2,2,true,true,true,1,1,0,6,4,712,0.741667,false,0.000000,0.099156,1.440225,60,40,2440,2358,false,0.000000,-0.339431,0.000000,1.000000,0.096471,0.500000,0.048235,0.541112,0.300000,0.162334,1.000000,0.200000,0.200000,0.400000,0.500000,-0.200000,1.000000,0.500000,-0.500000,0.500000,0.100000,-0.050000
t10-d1.2-a0.7-compact,10,1.200000,0.700000,4,1219,960,ga,curated,lexicographic,goal-priority,20260928,2,2,true,true,true,1,1,0,6,4,712,0.741667,false,0.000000,0.099156,1.440225,60,40,2440,2593,false,0.000000,-0.339431,0.000000,1.000000,0.096471,0.500000,0.048235,0.541112,0.300000,0.162334,1.000000,0.200000,0.200000,0.400000,0.500000,-0.200000,1.000000,0.500000,-0.500000,0.500000,0.100000,-0.050000
t10-d1.2-a0.7-compact,10,1.200000,0.700000,4,1219,960,ga,curated,lexicographic,goal-priority,20260929,2,2,true,true,true,1,1,0,6,4,712,0.741667,false,0.000000,0.099156,1.440225,60,40,2440,2451,false,0.000000,-0.339431,0.000000,1.000000,0.096471,0.500000,0.048235,0.541112,0.300000,0.162334,1.000000,0.200000,0.200000,0.400000,0.500000,-0.200000,1.000000,0.500000,-0.500000,0.500000,0.100000,-0.050000
t10-d1.2-a0.7-compact,10,1.200000,0.700000,4,1219,960,ga,curated-textbook,lexicographic,goal-priority,20260925,4,4,true,true,true,1,0,2,6,4,716,0.745833,false,0.000000,0.079661,1.450847,60,40,2440,2609,false,0.000000,-0.280272,0.000000,1.000000,0.087042,0.500000,0.043521,0.587359,0.300000,0.176208,1.000000,0.200000,0.200000,0.400000,0.500000,-0.200000,1.000000,0.500000,-0.500000,0.000000,0.100000,-0.000000
t10-d1.2-a0.7-compact,10,1.200000,0.700000,4,1219,960,ga,curated-textbook,lexicographic,goal-priority,20260926,4,4,true,true,true,1,0,2,6,4,716,0.745833,false,0.000000,0.079661,1.450847,60,40,2440,2444,false,0.000000,-0.280272,0.000000,1.000000,0.087042,0.500000,0.043521,0.587359,0.300000,0.176208,1.000000,0.200000,0.200000,0.400000,0.500000,-0.200000,1.000000,0.500000,-0.500000,0.000000,0.100000,-0.000000
t10-d1.2-a0.7-compact,10,1.200000,0.700000,4,1219,960,ga,curated-textbook,lexicographic,goal-priority,20260927,4,4,true,true,true,1,0,2,6,4,716,0.745833,false,0.000000,0.079661,1.450847,60,40,2440,2403,false,0.000000,-0.280272,0.000000,1.000000,0.087042,0.500000,0.043521,0.587359,0.300000,0.176208,1.000000,0.200000,0.200000,0.400000,0.500000,-0.200000,1.000000,0.500000,-0.500000,0.000000,0.100000,-0.000000
t10-d1.2-a0.7-compact,10,1.200000,0.700000,4,1219,960,ga,curated-textbook,lexicographic,goal-priority,20260928,4,4,true,true,true,1,0,2,6,4,716,0.745833,false,0.000000,0.079661,1.450847,60,40,2440,2361,false,0.000000,-0.280272,0.000000,1.000000,0.087042,0.500000,0.043521,0.587359,0.300000,0.176208,1.000000,0.200000,0.200000,0.400000,0.500000,-0.200000,1.000000,0.500000,-0.500000,0.000000,0.100000,-0.000000
t10-d1.2-a0.7-compact,10,1.200000,0.700000,4,1219,960,ga,curated-textbook,lexicographic,goal-priority,20260929,4,4,true,true,true,1,0,2,6,4,716,0.745833,false,0.000000,0.079661,1.450847,60,40,2440,2603,false,0.000000,-0.280272,0.000000,1.000000,0.087042,0.500000,0.043521,0.587359,0.300000,0.176208,1.000000,0.200000,0.200000,0.400000,0.500000,-0.200000,1.000000,0.500000,-0.500000,0.000000,0.100000,-0.000000
t10-d1.2-a0.7-compact,10,1.200000,0.700000,4,1219,960,ga,all,lexicographic,goal-priority,20260925,6,6,true,true,true,1,1,2,6,4,716,0.745833,false,0.000000,0.079661,1.450847,60,40,2440,2434,false,0.000000,-0.280272,0.000000,1.000000,0.087042,0.500000,0.043521,0.587359,0.300000,0.176208,1.000000,0.200000,0.200000,0.400000,0.500000,-0.200000,1.000000,0.500000,-0.500000,0.000000,0.100000,-0.000000
t10-d1.2-a0.7-compact,10,1.200000,0.700000,4,1219,960,ga,all,lexicographic,goal-priority,20260926,6,6,true,true,true,1,1,2,6,4,716,0.745833,false,0.000000,0.079661,1.450847,60,40,2440,2491,false,0.000000,-0.280272,0.000000,1.000000,0.087042,0.500000,0.043521,0.587359,0.300000,0.176208,1.000000,0.200000,0.200000,0.400000,0.500000,-0.200000,1.000000,0.500000,-0.500000,0.000000,0.100000,-0.000000
t10-d1.2-a0.7-compact,10,1.200000,0.700000,4,1219,960,ga,all,lexicographic,goal-priority,20260927,6,6,true,true,true,1,1,2,6,4,716,0.745833,false,0.000000,0.079661,1.450847,60,40,2440,2526,false,0.000000,-0.280272,0.000000,1.000000,0.087042,0.500000,0.043521,0.587359,0.300000,0.176208,1.000000,0.200000,0.200000,0.400000,0.500000,-0.200000,1.000000,0.500000,-0.500000,0.000000,0.100000,-0.000000
t10-d1.2-a0.7-compact,10,1.200000,0.700000,4,1219,960,ga,all,lexicographic,goal-priority,20260928,6,6,true,true,true,1,1,2,6,4,716,0.745833,false,0.000000,0.079661,1.450847,60,40,2440,2452,false,0.000000,-0.280272,0.000000,1.000000,0.087042,0.500000,0.043521,0.587359,0.300000,0.176208,1.000000,0.200000,0.200000,0.400000,0.500000,-0.200000,1.000000,0.500000,-0.500000,0.000000,0.100000,-0.000000
t10-d1.2-a0.7-compact,10,1.200000,0.700000,4,1219,960,ga,all,lexicographic,goal-priority,20260929,6,6,true,true,true,1,1,2,6,4,716,0.745833,false,0.000000,0.079661,1.450847,60,40,2440,2445,false,0.000000,-0.280272,0.000000,1.000000,0.087042,0.500000,0.043521,0.587359,0.300000,0.176208,1.000000,0.200000,0.200000,0.400000,0.500000,-0.200000,1.000000,0.500000,-0.500000,0.000000,0.100000,-0.000000
t10-d1.2-a0.7-compact,10,1.200000,0.700000,4,1219,960,ga,curated,weighted,goal-priority,20260925,2,2,true,true,true,1,1,,6,4,712,0.741667,false,0.000000,0.099156,1.440225,60,40,2440,2357,false,0.000000,-0.339431,0.000000,1.000000,0.096471,0.500000,0.048235,0.541112,0.300000,0.162334,1.000000,0.200000,0.200000,0.400000,0.500000,-0.200000,1.000000,0.500000,-0.500000,0.500000,0.100000,-0.050000
t10-d1.2-a0.7-compact,10,1.200000,0.700000,4,1219,960,ga,curated,weighted,goal-priority,20260926,2,2,true,true,true,1,1,,6,4,712,0.741667,false,0.000000,0.099156,1.440225,60,40,2440,2451,false,0.000000,-0.339431,0.000000,1.000000,0.096471,0.500000,0.048235,0.541112,0.300000,0.162334,1.000000,0.200000,0.200000,0.400000,0.500000,-0.200000,1.000000,0.500000,-0.500000,0.500000,0.100000,-0.050000
t10-d1.2-a0.7-compact,10,1.200000,0.700000,4,1219,960,ga,curated,weighted,goal-priority,20260927,2,2,true,true,true,1,1,,6,4,712,0.741667,false,0.000000,0.099156,1.440225,60,40,2440,2404,false,0.000000,-0.339431,0.000000,1.000000,0.096471,0.500000,0.048235,0.541112,0.300000,0.162334,1.000000,0.200000,0.200000,0.400000,0.500000,-0.200000,1.000000,0.500000,-0.500000,0.500000,0.100000,-0.050000
t10-d1.2-a0.7-compact,10,1.200000,0.700000,4,1219,960,ga,curated,weighted,goal-priority,20260928,2,2,true,true,true,1,1,,6,4,712,0.741667,false,0.000000,0.099156,1.440225,60,40,2440,2373,false,0.000000,-0.339431,0.000000,1.000000,0.096471,0.500000,0.048235,0.541112,0.300000,0.162334,1.000000,0.200000,0.200000,0.400000,0.500000,-0.200000,1.000000,0.500000,-0.500000,0.500000,0.100000,-0.050000
t10-d1.2-a0.7-compact,10,1.200000,0.700000,4,1219,960,ga,curated,weighted,goal-priority,20260929,2,2,true,true,true,1,1,,6,4,712,0.741667,false,0.000000,0.099156,1.440225,60,40,2440,2336,false,0.000000,-0.339431,0.000000,1.000000,0.096471,0.500000,0.048235,0.541112,0.300000,0.162334,1.000000,0.200000,0.200000,0.400000,0.500000,-0.200000,1.000000,0.500000,-0.500000,0.500000,0.100000,-0.050000
t10-d1.2-a0.7-compact,10,1.200000,0.700000,4,1219,960,ga,curated-textbook,weighted,goal-priority,20260925,4,4,true,true,true,1,2,,6,4,712,0.741667,false,0.000000,0.099156,1.440225,60,40,2440,2401,false,0.000000,-0.323388,0.000000,1.000000,0.096471,0.500000,0.048235,0.541112,0.300000,0.162334,1.000000,0.200000,0.200000,0.400000,0.500000,-0.200000,1.000000,0.500000,-0.500000,0.339572,0.100000,-0.033957
t10-d1.2-a0.7-compact,10,1.200000,0.700000,4,1219,960,ga,curated-textbook,weighted,goal-priority,20260926,4,4,true,true,true,1,2,,6,4,712,0.741667,false,0.000000,0.099156,1.440225,60,40,2440,2367,false,0.000000,-0.323388,0.000000,1.000000,0.096471,0.500000,0.048235,0.541112,0.300000,0.162334,1.000000,0.200000,0.200000,0.400000,0.500000,-0.200000,1.000000,0.500000,-0.500000,0.339572,0.100000,-0.033957
t10-d1.2-a0.7-compact,10,1.200000,0.700000,4,1219,960,ga,curated-textbook,weighted,goal-priority,20260927,4,4,true,true,true,1,2,,6,4,712,0.741667,false,0.000000,0.099156,1.440225,60,40,2440,2382,false,0.000000,-0.323388,0.000000,1.000000,0.096471,0.500000,0.048235,0.541112,0.300000,0.162334,1.000000,0.200000,0.200000,0.400000,0.500000,-0.200000,1.000000,0.500000,-0.500000,0.339572,0.100000,-0.033957
t10-d1.2-a0.7-compact,10,1.200000,0.700000,4,1219,960,ga,curated-textbook,weighted,goal-priority,20260928,4,4,true,true,true,1,2,,6,4,712,0.741667,false,0.000000,0.099156,1.440225,60,40,2440,2371,false,0.000000,-0.323388,0.000000,1.000000,0.096471,0.500000,0.048235,0.541112,0.300000,0.162334,1.000000,0.200000,0.200000,0.400000,0.500000,-0.200000,1.000000,0.500000,-0.500000,0.339572,0.100000,-0.033957
t10-d1.2-a0.7-compact,10,1.200000,0.700000,4,1219,960,ga,curated-textbook,weighted,goal-priority,20260929,4,4,true,true,true,1,2,,6,4,712,0.741667,false,0.000000,0.099156,1.440225,60,40,2440,2494,false,0.000000,-0.323388,0.000000,1.000000,0.096471,0.500000,0.048235,0.541112,0.300000,0.162334,1.000000,0.200000,0.200000,0.400000,0.500000,-0.200000,1.000000,0.500000,-0.500000,0.339572,0.100000,-0.033957
t10-d1.2-a0.7-compact,10,1.200000,0.700000,4,1219,960,ga,all,weighted,goal-priority,20260925,6,6,true,true,true,1,3,,6,4,712,0.741667,false,0.000000,0.099156,1.440225,60,40,2440,2443,false,0.000000,-0.312069,0.000000,1.000000,0.096471,0.500000,0.048235,0.541112,0.300000,0.162334,1.000000,0.200000,0.200000,0.400000,0.500000,-0.200000,1.000000,0.500000,-0.500000,0.226381,0.100000,-0.022638
t10-d1.2-a0.7-compact,10,1.200000,0.700000,4,1219,960,ga,all,weighted,goal-priority,20260926,6,6,true,true,true,1,3,,6,4,712,0.741667,false,0.000000,0.099156,1.440225,60,40,2440,2389,false,0.000000,-0.312069,0.000000,1.000000,0.096471,0.500000,0.048235,0.541112,0.300000,0.162334,1.000000,0.200000,0.200000,0.400000,0.500000,-0.200000,1.000000,0.500000,-0.500000,0.226381,0.100000,-0.022638
t10-d1.2-a0.7-compact,10,1.200000,0.700000,4,1219,960,ga,all,weighted,goal-priority,20260927,6,6,true,true,true,1,3,,6,4,712,0.741667,false,0.000000,0.099156,1.440225,60,40,2440,2311,false,0.000000,-0.312069,0.000000,1.000000,0.096471,0.500000,0.048235,0.541112,0.300000,0.162334,1.000000,0.200000,0.200000,0.400000,0.500000,-0.200000,1.000000,0.500000,-0.500000,0.226381,0.100000,-0.022638
t10-d1.2-a0.7-compact,10,1.200000,0.700000,4,1219,960,ga,all,weighted,goal-priority,20260928,6,6,true,true,true,1,3,,6,4,712,0.741667,false,0.000000,0.099156,1.440225,60,40,2440,2360,false,0.000000,-0.312069,0.000000,1.000000,0.096471,0.500000,0.048235,0.541112,0.300000,0.162334,1.000000,0.200000,0.200000,0.400000,0.500000,-0.200000,1.000000,0.500000,-0.500000,0.226381,0.100000,-0.022638
t10-d1.2-a0.7-compact,10,1.200000,0.700000,4,1219,960,ga,all,weighted,goal-priority,20260929,6,6,true,true,true,1,3,,6,4,712,0.741667,false,0.000000,0.099156,1.440225,60,40,2440,2432,false,0.000000,-0.312069,0.000000,1.000000,0.096471,0.500000,0.048235,0.541112,0.300000,0.162334,1.000000,0.200000,0.200000,0.400000,0.500000,-0.200000,1.000000,0.500000,-0.500000,0.226381,0.100000,-0.022638
t10-d1.2-a0.7-compact,10,1.200000,0.700000,4,1219,960,ga-timeline,curated,lexicographic,goal-priority,20260925,2,2,true,true,true,39,0,0,7,3,859,0.894792,true,0.028571,0.429872,1.719490,60,40,2440,25675,true,0.000000,-0.205481,0.000000,1.000000,0.080209,0.500000,0.040104,0.700428,0.300000,0.210129,0.971429,0.200000,0.194286,0.300000,0.500000,-0.150000,1.000000,0.500000,-0.500000,0.000000,0.100000,-0.000000
t10-d1.2-a0.7-compact,10,1.200000,0.700000,4,1219,960,ga-timeline,curated,lexicographic,goal-priority,20260926,2,2,true,true,true,35,0,0,7,3,859,0.894792,true,0.028571,0.429872,1.719490,60,40,2440,25802,true,0.000000,-0.205481,0.000000,1.000000,0.080209,0.500000,0.040104,0.700428,0.300000,0.210129,0.971429,0.200000,0.194286,0.300000,0.500000,-0.150000,1.000000,0.500000,-0.500000,0.000000,0.100000,-0.000000
t10-d1.2-a0.7-compact,10,1.200000,0.700000,4,1219,960,ga-timeline,curated,lexicographic,goal-priority,20260927,2,2,true,true,true,38,0,0,8,2,885,0.921875,true,0.050000,0.406196,1.624785,60,40,2440,28345,true,0.000000,-0.106550,0.000000,1.000000,0.115580,0.500000,0.057790,0.818865,0.300000,0.245660,0.950000,0.200000,0.190000,0.200000,0.500000,-0.100000,1.000000,0.500000,-0.500000,0.000000,0.100000,-0.000000
t10-d1.2-a0.7-compact,10,1.200000,0.700000,4,1219,960,ga-timeline,curated,lexicographic,goal-priority,20260928,2,2,true,true,true,37,0,0,8,2,885,0.921875,true,0.050000,0.406196,1.624785,60,40,2440,34980,true,0.000000,-0.106550,0.000000,1.000000,0.115580,0.500000,0.057790,0.818865,0.300000,0.245660,0.950000,0.200000,0.190000,0.200000,0.500000,-0.100000,1.000000,0.500000,-0.500000,0.000000,0.100000,-0.000000
t10-d1.2-a0.7-compact,10,1.200000,0.700000,4,1219,960,ga-timeline,curated,lexicographic,goal-priority,20260929,2,2,true,true,true,38,0,0,7,3,859,0.894792,true,0.028571,0.429872,1.719490,60,40,2440,36066,true,0.000000,-0.205481,0.000000,1.000000,0.080209,0.500000,0.040104,0.700428,0.300000,0.210129,0.971429,0.200000,0.194286,0.300000,0.500000,-0.150000,1.000000,0.500000,-0.500000,0.000000,0.100000,-0.000000
t10-d1.2-a0.7-compact,10,1.200000,0.700000,4,1219,960,ga-timeline,curated-textbook,lexicographic,goal-priority,20260925,4,4,true,true,true,37,0,0,6,4,696,0.725000,false,0.000000,0.382249,1.528994,60,40,2440,26526,true,0.000000,-0.291351,0.000000,1.000000,0.082526,0.500000,0.041263,0.557953,0.300000,0.167386,1.000000,0.200000,0.200000,0.400000,0.500000,-0.200000,1.000000,0.500000,-0.500000,0.000000,0.100000,-0.000000
t10-d1.2-a0.7-compact,10,1.200000,0.700000,4,1219,960,ga-timeline,curated-textbook,lexicographic,goal-priority,20260926,4,4,true,true,true,32,0,0,6,4,696,0.725000,false,0.000000,0.382249,1.528994,60,40,2440,24729,true,0.000000,-0.291351,0.000000,1.000000,0.082526,0.500000,0.041263,0.557953,0.300000,0.167386,1.000000,0.200000,0.200000,0.400000,0.500000,-0.200000,1.000000,0.500000,-0.500000,0.000000,0.100000,-0.000000
t10-d1.2-a0.7-compact,10,1.200000,0.700000,4,1219,960,ga-timeline,curated-textbook,lexicographic,goal-priority,20260927,4,4,true,true,true,36,0,0,6,4,696,0.725000,false,0.000000,0.382249,1.528994,60,40,2440,23232,true,0.000000,-0.291351,0.000000,1.000000,0.082526,0.500000,0.041263,0.557953,0.300000,0.167386,1.000000,0.200000,0.200000,0.400000,0.500000,-0.200000,1.000000,0.500000,-0.500000,0.000000,0.100000,-0.000000
t10-d1.2-a0.7-compact,10,1.200000,0.700000,4,1219,960,ga-timeline,curated-textbook,lexicographic,goal-priority,20260928,4,4,true,true,true,36,0,0,6,4,696,0.725000,false,0.000000,0.382249,1.528994,60,40,2440,30419,true,0.000000,-0.291351,0.000000,1.000000,0.082526,0.500000,0.041263,0.557953,0.300000,0.167386,1.000000,0.200000,0.200000,0.400000,0.500000,-0.200000,1.000000,0.500000,-0.500000,0.000000,0.100000,-0.000000
t10-d1.2-a0.7-compact,10,1.200000,0.700000,4,1219,960,ga-timeline,curated-textbook,lexicographic,goal-priority,20260929,4,4,true,true,true,39,1,0,6,4,692,0.720833,false,0.000000,0.321908,1.403875,60,40,2440,22014,true,0.000000,-0.325511,0.000000,1.000000,0.091955,0.500000,0.045977,0.511707,0.300000,0.153512,1.000000,0.200000,0.200000,0.400000,0.500000,-0.200000,1.000000,0.500000,-0.500000,0.250000,0.100000,-0.025000
t10-d1.2-a0.7-compact,10,1.200000,0.700000,4,1219,960,ga-timeline,all,lexicographic,goal-priority,20260925,6,6,true,true,true,26,1,1,6,4,700,0.729167,false,0.000000,0.330023,1.320092,60,40,2440,26381,true,0.000000,-0.288875,0.000000,1.000000,0.094547,0.500000,0.047273,0.548230,0.300000,0.164469,1.000000,0.200000,0.200000,0.400000,0.500000,-0.200000,1.000000,0.500000,-0.500000,0.006167,0.100000,-0.000617
t10-d1.2-a0.7-compact,10,1.200000,0.700000,4,1219,960,ga-timeline,all,lexicographic,goal-priority,20260926,6,6,true,true,true,26,1,1,6,4,700,0.729167,false,0.000000,0.429335,1.717341,60,40,2440,26428,true,0.000000,-0.288875,0.000000,1.000000,0.094547,0.500000,0.047273,0.548230,0.300000,0.164469,1.000000,0.200000,0.200000,0.400000,0.500000,-0.200000,1.000000,0.500000,-0.500000,0.006167,0.100000,-0.000617
t10-d1.2-a0.7-compact,10,1.200000,0.700000,4,1219,960,ga-timeline,all,lexicographic,goal-priority,20260927,6,6,true,true,true,27,1,1,6,4,700,0.729167,false,0.000000,0.330023,1.320092,60,40,2440,27578,true,0.000000,-0.288875,0.000000,1.000000,0.094547,0.500000,0.047273,0.548230,0.300000,0.164469,1.000000,0.200000,0.200000,0.400000,0.500000,-0.200000,1.000000,0.500000,-0.500000,0.006167,0.100000,-0.000617
t10-d1.2-a0.7-compact,10,1.200000,0.700000,4,1219,960,ga-timeline,all,lexicographic,goal-priority,20260928,6,6,true,true,true,22,1,1,6,4,700,0.729167,false,0.000000,0.330023,1.320092,60,40,2440,37014,true,0.000000,-0.288875,0.000000,1.000000,0.094547,0.500000,0.047273,0.548230,0.300000,0.164469,1.000000,0.200000,0.200000,0.400000,0.500000,-0.200000,1.000000,0.500000,-0.500000,0.006167,0.100000,-0.000617
t10-d1.2-a0.7-compact,10,1.200000,0.700000,4,1219,960,ga-timeline,all,lexicographic,goal-priority,20260929,6,6,true,true,true,24,1,1,6,4,700,0.729167,false,0.000000,0.330023,1.320092,60,40,2440,26107,true,0.000000,-0.288875,0.000000,1.000000,0.094547,0.500000,0.047273,0.548230,0.300000,0.164469,1.000000,0.200000,0.200000,0.400000,0.500000,-0.200000,1.000000,0.500000,-0.500000,0.006167,0.100000,-0.000617
t10-d1.2-a0.7-compact,10,1.200000,0.700000,4,1219,960,ga-timeline,curated,weighted,goal-priority,20260925,2,2,true,true,true,39,0,,7,3,859,0.894792,true,0.028571,0.429872,1.719490,60,40,2440,33547,true,0.144519,0.144519,0.144519,1.000000,0.080209,0.500000,0.040104,0.700428,0.300000,0.210129,0.971429,0.200000,0.194286,0.300000,0.500000,-0.150000,0.300000,0.500000,-0.150000,0.000000,0.100000,-0.000000
t10-d1.2-a0.7-compact,10,1.200000,0.700000,4,1219,960,ga-timeline,curated,weighted,goal-priority,20260926,2,2,true,true,true,35,0,,7,3,859,0.894792,true,0.028571,0.429872,1.719490,60,40,2440,31583,true,0.144519,0.144519,0.144519,1.000000,0.080209,0.500000,0.040104,0.700428,0.300000,0.210129,0.971429,0.200000,0.194286,0.300000,0.500000,-0.150000,0.300000,0.500000,-0.150000,0.000000,0.100000,-0.000000
t10-d1.2-a0.7-compact,10,1.200000,0.700000,4,1219,960,ga-timeline,curated,weighted,goal-priority,20260927,2,2,true,true,true,38,0,,7,3,834,0.868750,true,0.028571,0.434823,1.739291,60,40,2440,32481,true,0.128746,0.128746,0.128746,1.000000,0.112606,0.500000,0.056303,0.760524,0.300000,0.228157,0.971429,0.200000,0.194286,0.300000,0.500000,-0.150000,0.400000,0.500000,-0.200000,0.000000,0.100000,-0.000000
t10-d1.2-a0.7-compact,10,1.200000,0.700000,4,1219,960,ga-timeline,curated,weighted,goal-priority,20260928,2,2,true,true,true,37,0,,7,3,834,0.868750,true,0.028571,0.434823,1.739291,60,40,2440,26085,true,0.128746,0.128746,0.128746,1.000000,0.112606,0.500000,0.056303,0.760524,0.300000,0.228157,0.971429,0.200000,0.194286,0.300000,0.500000,-0.150000,0.400000,0.500000,-0.200000,0.000000,0.100000,-0.000000
t10-d1.2-a0.7-compact,10,1.200000,0.700000,4,1219,960,ga-timeline,curated,weighted,goal-priority,20260929,2,2,true,true,true,38,0,,7,3,859,0.894792,true,0.028571,0.429872,1.719490,60,40,2440,27017,true,0.144519,0.144519,0.144519,1.000000,0.080209,0.500000,0.040104,0.700428,0.300000,0.210129,0.971429,0.200000,0.194286,0.300000,0.500000,-0.150000,0.300000,0.500000,-0.150000,0.000000,0.100000,-0.000000
t10-d1.2-a0.7-compact,10,1.200000,0.700000,4,1219,960,ga-timeline,curated-textbook,weighted,goal-priority,20260925,4,4,true,true,true,37,0,,5,5,645,0.671875,false,0.000000,0.420299,1.681197,60,40,2440,25864,true,0.000000,-0.160341,0.000000,1.000000,0.079552,0.500000,0.039776,0.499612,0.300000,0.149884,1.000000,0.200000,0.200000,0.500000,0.500000,-0.250000,0.600000,0.500000,-0.300000,0.000000,0.100000,-0.000000
t10-d1.2-a0.7-compact,10,1.200000,0.700000,4,1219,960,ga-timeline,curated-textbook,weighted,goal-priority,20260926,4,4,true,true,true,32,0,,5,5,645,0.671875,false,0.000000,0.420299,1.681197,60,40,2440,22701,true,0.000000,-0.160341,0.000000,1.000000,0.079552,0.500000,0.039776,0.499612,0.300000,0.149884,1.000000,0.200000,0.200000,0.500000,0.500000,-0.250000,0.600000,0.500000,-0.300000,0.000000,0.100000,-0.000000
t10-d1.2-a0.7-compact,10,1.200000,0.700000,4,1219,960,ga-timeline,curated-textbook,weighted,goal-priority,20260927,4,4,true,true,true,36,0,,5,5,645,0.671875,false,0.000000,0.420299,1.681197,60,40,2440,21822,true,0.000000,-0.160341,0.000000,1.000000,0.079552,0.500000,0.039776,0.499612,0.300000,0.149884,1.000000,0.200000,0.200000,0.500000,0.500000,-0.250000,0.600000,0.500000,-0.300000,0.000000,0.100000,-0.000000
t10-d1.2-a0.7-compact,10,1.200000,0.700000,4,1219,960,ga-timeline,curated-textbook,weighted,goal-priority,20260928,4,4,true,true,true,36,0,,5,5,645,0.671875,false,0.000000,0.420299,1.681197,60,40,2440,26829,true,0.000000,-0.160341,0.000000,1.000000,0.079552,0.500000,0.039776,0.499612,0.300000,0.149884,1.000000,0.200000,0.200000,0.500000,0.500000,-0.250000,0.600000,0.500000,-0.300000,0.000000,0.100000,-0.000000
t10-d1.2-a0.7-compact,10,1.200000,0.700000,4,1219,960,ga-timeline,curated-textbook,weighted,goal-priority,20260929,4,4,true,true,true,39,1,,6,4,692,0.720833,false,0.000000,0.321908,1.403875,60,40,2440,25078,true,0.000000,-0.275511,0.000000,1.000000,0.091955,0.500000,0.045977,0.511707,0.300000,0.153512,1.000000,0.200000,0.200000,0.400000,0.500000,-0.200000,0.900000,0.500000,-0.450000,0.250000,0.100000,-0.025000
t10-d1.2-a0.7-compact,10,1.200000,0.700000,4,1219,960,ga-timeline,all,weighted,goal-priority,20260925,6,6,true,true,true,26,2,,6,4,700,0.729167,false,0.000000,0.330023,1.320092,60,40,2440,27988,true,0.000000,-0.088875,0.000000,1.000000,0.094547,0.500000,0.047273,0.548230,0.300000,0.164469,1.000000,0.200000,0.200000,0.400000,0.500000,-0.200000,0.600000,0.500000,-0.300000,0.006167,0.100000,-0.000617
t10-d1.2-a0.7-compact,10,1.200000,0.700000,4,1219,960,ga-timeline,all,weighted,goal-priority,20260926,6,6,true,true,true,26,2,,6,4,700,0.729167,false,0.000000,0.429335,1.717341,60,40,2440,48361,true,0.000000,-0.088875,0.000000,1.000000,0.094547,0.500000,0.047273,0.548230,0.300000,0.164469,1.000000,0.200000,0.200000,0.400000,0.500000,-0.200000,0.600000,0.500000,-0.300000,0.006167,0.100000,-0.000617
t10-d1.2-a0.7-compact,10,1.200000,0.700000,4,1219,960,ga-timeline,all,weighted,goal-priority,20260927,6,6,true,true,true,27,2,,6,4,700,0.729167,false,0.000000,0.330023,1.320092,60,40,2440,43810,true,0.000000,-0.088875,0.000000,1.000000,0.094547,0.500000,0.047273,0.548230,0.300000,0.164469,1.000000,0.200000,0.200000,0.400000,0.500000,-0.200000,0.600000,0.500000,-0.300000,0.006167,0.100000,-0.000617
t10-d1.2-a0.7-compact,10,1.200000,0.700000,4,1219,960,ga-timeline,all,weighted,goal-priority,20260928,6,6,true,true,true,22,2,,6,4,700,0.729167,false,0.000000,0.330023,1.320092,60,40,2440,42421,true,0.000000,-0.088875,0.000000,1.000000,0.094547,0.500000,0.047273,0.548230,0.300000,0.164469,1.000000,0.200000,0.200000,0.400000,0.500000,-0.200000,0.600000,0.500000,-0.300000,0.006167,0.100000,-0.000617
t10-d1.2-a0.7-compact,10,1.200000,0.700000,4,1219,960,ga-timeline,all,weighted,goal-priority,20260929,6,6,true,true,true,24,2,,6,4,700,0.729167,false,0.000000,0.330023,1.320092,60,40,2440,36582,true,0.000000,-0.088875,0.000000,1.000000,0.094547,0.500000,0.047273,0.548230,0.300000,0.164469,1.000000,0.200000,0.200000,0.400000,0.500000,-0.200000,0.600000,0.500000,-0.300000,0.006167,0.100000,-0.000617
t10-d1.2-a0.7-sparse,10,1.200000,0.700000,5,1005,720,ga,curated,lexicographic,goal-priority,20260925,2,2,true,true,true,1,1,0,6,4,558,0.775000,false,0.000000,0.271987,1.719870,60,40,2440,2532,false,0.000000,-0.301006,0.000000,1.000000,0.096471,0.500000,0.048235,0.502527,0.300000,0.150758,1.000000,0.200000,0.200000,0.400000,0.500000,-0.200000,1.000000,0.500000,-0.500000,0.000000,0.100000,-0.000000
t10-d1.2-a0.7-sparse,10,1.200000,0.700000,5,1005,720,ga,curated,lexicographic,goal-priority,20260926,2,2,true,true,true,1,1,0,6,4,558,0.775000,false,0.000000,0.271987,1.719870,60,40,2440,2444,false,0.000000,-0.301006,0.000000,1.000000,0.096471,0.500000,0.048235,0.502527,0.300000,0.150758,1.000000,0.200000,0.200000,0.400000,0.500000,-0.200000,1.000000,0.500000,-0.500000,0.000000,0.100000,-0.000000
t10-d1.2-a0.7-sparse,10,1.200000,0.700000,5,1005,720,ga,curated,lexicographic,goal-priority,20260927,2,2,true,true,true,1,1,0,6,4,558,0.775000,false,0.000000,0.271987,1.719870,60,40,2440,2694,false,0.000000,-0.301006,0.000000,1.000000,0.096471,0.500000,0.048235,0.502527,0.300000,0.150758,1.000000,0.200000,0.200000,0.400000,0.500000,-0.200000,1.000000,0.500000,-0.500000,0.000000,0.100000,-0.000000
t10-d1.2-a0.7-sparse,10,1.200000,0.700000,5,1005,720,ga,curated,lexicographic,goal-priority,20260928,2,2,true,true,true,1,1,0,6,4,558,0.775000,false,0.000000,0.271987,1.719870,60,40,2440,2372,false,0.000000,-0.301006,0.000000,1.000000,0.096471,0.500000,0.048235,0.502527,0.300000,0.150758,1.000000,0.200000,0.200000,0.400000,0.500000,-0.200000,1.000000,0.500000,-0.500000,0.000000,0.100000,-0.000000
t10-d1.2-a0.7-sparse,10,1.200000,0.700000,5,1005,720,ga,curated,lexicographic,goal-priority,20260929,2,2,true,true,true,1,1,0,6,4,558,0.775000,false,0.000000,0.271987,1.719870,60,40,2440,2419,false,0.000000,-0.301006,0.000000,1.000000,0.096471,0.500000,0.048235,0.502527,0.300000,0.150758,1.000000,0.200000,0.200000,0.400000,0.500000,-0.200000,1.000000,0.500000,-0.500000,0.000000,0.100000,-0.000000
t10-d1.2-a0.7-sparse,10,1.200000,0.700000,5,1005,720,ga,curated-textbook,lexicographic,goal-priority,20260925,4,4,true,true,true,1,2,0,6,4,558,0.775000,false,0.000000,0.271987,1.719870,60,40,2440,2431,false,0.000000,-0.326006,0.000000,1.000000,0.096471,0.500000,0.048235,0.502527,0.300000,0.150758,1.000000,0.200000,0.200000,0.400000,0.500000,-0.200000,1.000000,0.500000,-0.500000,0.250000,0.100000,-0.025000
t10-d1.2-a0.7-sparse,10,1.200000,0.700000,5,1005,720,ga,curated-textbook,lexicographic,goal-priority,20260926,4,4,true,true,true,1,2,0,6,4,558,0.775000,false,0.000000,0.271987,1.719870,60,40,2440,2560,false,0.000000,-0.326006,0.000000,1.000000,0.096471,0.500000,0.048235,0.502527,0.300000,0.150758,1.000000,0.200000,0.200000,0.400000,0.500000,-0.200000,1.000000,0.500000,-0.500000,0.250000,0.100000,-0.025000
t10-d1.2-a0.7-sparse,10,1.200000,0.700000,5,1005,720,ga,curated-textbook,lexicographic,goal-priority,20260927,4,4,true,true,true,1,2,0,6,4,558,0.775000,false,0.000000,0.271987,1.719870,60,40,2440,2384,false,0.000000,-0.326006,0.000000,1.000000,0.096471,0.500000,0.048235,0.502527,0.300000,0.150758,1.000000,0.200000,0.200000,0.400000,0.500000,-0.200000,1.000000,0.500000,-0.500000,0.250000,0.100000,-0.025000
t10-d1.2-a0.7-sparse,10,1.200000,0.700000,5,1005,720,ga,curated-textbook,lexicographic,goal-priority,20260928,4,4,true,true,true,1,2,0,6,4,558,0.775000,false,0.000000,0.271987,1.719870,60,40,2440,2380,false,0.000000,-0.326006,0.000000,1.000000,0.096471,0.500000,0.048235,0.502527,0.300000,0.150758,1.000000,0.200000,0.200000,0.400000,0.500000,-0.200000,1.000000,0.500000,-0.500000,0.250000,0.100000,-0.025000
t10-d1.2-a0.7-sparse,10,1.200000,0.700000,5,1005,720,ga,curated-textbook,lexicographic,goal-priority,20260929,4,4,true,true,true,1,2,0,6,4,558,0.775000,false,0.000000,0.271987,1.719870,60,40,2440,2438,false,0.000000,-0.326006,0.000000,1.000000,0.096471,0.500000,0.048235,0.502527,0.300000,0.150758,1.000000,0.200000,0.200000,0.400000,0.500000,-0.200000,1.000000,0.500000,-0.500000,0.250000,0.100000,-0.025000
t10-d1.2-a0.7-sparse,10,1.200000,0.700000,5,1005,720,ga,all,lexicographic,goal-priority,20260925,6,6,true,true,true,1,2,1,6,4,558,0.775000,false,0.000000,0.271987,1.719870,60,40,2440,2422,false,0.000000,-0.317673,0.000000,1.000000,0.096471,0.500000,0.048235,0.502527,0.300000,0.150758,1.000000,0.200000,0.200000,0.400000,0.500000,-0.200000,1.000000,0.500000,-0.500000,0.166667,0.100000,-0.016667
t10-d1.2-a0.7-sparse,10,1.200000,0.700000,5,1005,720,ga,all,lexicographic,goal-priority,20260926,6,6,true,true,true,1,2,1,6,4,558,0.775000,false,0.000000,0.271987,1.719870,60,40,2440,2392,false,0.000000,-0.317673,0.000000,1.000000,0.096471,0.500000,0.048235,0.502527,0.300000,0.150758,1.000000,0.200000,0.200000,0.400000,0.500000,-0.200000,1.000000,0.500000,-0.500000,0.166667,0.100000,-0.016667
t10-d1.2-a0.7-sparse,10,1.200000,0.700000,5,1005,720,ga,all,lexicographic,goal-priority,20260927,6,6,true,true,true,1,2,1,6,4,558,0.775000,false,0.000000,0.271987,1.719870,60,40,2440,2414,false,0.000000,-0.317673,0.000000,1.000000,0.096471,0.500000,0.048235,0.502527,0.300000,0.150758,1.000000,0.200000,0.200000,0.400000,0.500000,-0.200000,1.000000,0.500000,-0.500000,0.166667,0.100000,-0.016667
t10-d1.2-a0.7-sparse,10,1.200000,0.700000,5,1005,720,ga,all,lexicographic,goal-priority,20260928,6,6,true,true,true,1,2,1,6,4,558,0.775000,false,0.000000,0.271987,1.719870,60,40,2440,2879,false,0.000000,-0.317673,0.000000,1.000000,0.096471,0.500000,0.048235,0.502527,0.300000,0.150758,1.000000,0.200000,0.200000,0.400000,0.500000,-0.200000,1.000000,0.500000,-0.500000,0.166667,0.100000,-0.016667
t10-d1.2-a0.7-sparse,10,1.200000,0.700000,5,1005,720,ga,all,lexicographic,goal-priority,20260929,6,6,true,true,true,1,2,1,6,4,558,0.775000,false,0.000000,0.271987,1.719870,60,40,2440,5672,false,0.000000,-0.317673,0.000000,1.000000,0.096471,0.500000,0.048235,0.502527,0.300000,0.150758,1.000000,0.200000,0.200000,0.400000,0.500000,-0.200000,1.000000,0.500000,-0.500000,0.166667,0.100000,-0.016667
t10-d1.2-a0.7-sparse,10,1.200000,0.700000,5,1005,720,ga,curated,weighted,goal-priority,20260925,2,2,true,true,true,1,1,,6,4,558,0.775000,false,0.000000,0.271987,1.719870,60,40,2440,2629,false,0.000000,-0.301006,0.000000,1.000000,0.096471,0.500000,0.048235,0.502527,0.300000,0.150758,1.000000,0.200000,0.200000,0.400000,0.500000,-0.200000,1.000000,0.500000,-0.500000,0.000000,0.100000,-0.000000
t10-d1.2-a0.7-sparse,10,1.200000,0.700000,5,1005,720,ga,curated,weighted,goal-priority,20260926,2,2,true,true,true,1,1,,6,4,558,0.775000,false,0.000000,0.271987,1.719870,60,40,2440,4349,false,0.000000,-0.301006,0.000000,1.000000,0.096471,0.500000,0.048235,0.502527,0.300000,0.150758,1.000000,0.200000,0.200000,0.400000,0.500000,-0.200000,1.000000,0.500000,-0.500000,0.000000,0.100000,-0.000000
t10-d1.2-a0.7-sparse,10,1.200000,0.700000,5,1005,720,ga,curated,weighted,goal-priority,20260927,2,2,true,true,true,1,1,,6,4,558,0.775000,false,0.000000,0.271987,1.719870,60,40,2440,3489,false,0.000000,-0.301006,0.000000,1.000000,0.096471,0.500000,0.048235,0.502527,0.300000,0.150758,1.000000,0.200000,0.200000,0.400000,0.500000,-0.200000,1.000000,0.500000,-0.500000,0.000000,0.100000,-0.000000
t10-d1.2-a0.7-sparse,10,1.200000,0.700000,5,1005,720,ga,curated,weighted,goal-priority,20260928,2,2,true,true,true,1,1,,6,4,558,0.775000,false,0.000000,0.271987,1.719870,60,40,2440,3409,false,0.000000,-0.301006,0.000000,1.000000,0.096471,0.500000,0.048235,0.502527,0.300000,0.150758,1.000000,0.200000,0.200000,0.400000,0.500000,-0.200000,1.000000,0.500000,-0.500000,0.000000,0.100000,-0.000000
t10-d1.2-a0.7-sparse,10,1.200000,0.700000,5,1005,720,ga,curated,weighted,goal-priority,20260929,2,2,true,true,true,1,1,,6,4,558,0.775000,false,0.000000,0.271987,1.719870,60,40,2440,3483,false,0.000000,-0.301006,0.000000,1.000000,0.096471,0.500000,0.048235,0.502527,0.300000,0.150758,1.000000,0.200000,0.200000,0.400000,0.500000,-0.200000,1.000000,0.500000,-0.500000,0.000000,0.100000,-0.000000
t10-d1.2-a0.7-sparse,10,1.200000,0.700000,5,1005,720,ga,curated-textbook,weighted,goal-priority,20260925,4,4,true,true,true,1,2,,6,4,558,0.775000,false,0.000000,0.271987,1.719870,60,40,2440,3244,false,0.000000,-0.326006,0.000000,1.000000,0.096471,0.500000,0.048235,0.502527,0.300000,0.150758,1.000000,0.200000,0.200000,0.400000,0.500000,-0.200000,1.000000,0.500000,-0.500000,0.250000,0.100000,-0.025000
t10-d1.2-a0.7-sparse,10,1.200000,0.700000,5,1005,720,ga,curated-textbook,weighted,goal-priority,20260926,4,4,true,true,true,1,2,,6,4,558,0.775000,false,0.000000,0.271987,1.719870,60,40,2440,3249,false,0.000000,-0.326006,0.000000,1.000000,0.096471,0.500000,0.048235,0.502527,0.300000,0.150758,1.000000,0.200000,0.200000,0.400000,0.500000,-0.200000,1.000000,0.500000,-0.500000,0.250000,0.100000,-0.025000
t10-d1.2-a0.7-sparse,10,1.200000,0.700000,5,1005,720,ga,curated-textbook,weighted,goal-priority,20260927,4,4,true,true,true,1,2,,6,4,558,0.775000,false,0.000000,0.271987,1.719870,60,40,2440,3324,false,0.000000,-0.326006,0.000000,1.000000,0.096471,0.500000,0.048235,0.502527,0.300000,0.150758,1.000000,0.200000,0.200000,0.400000,0.500000,-0.200000,1.000000,0.500000,-0.500000,0.250000,0.100000,-0.025000
t10-d1.2-a0.7-sparse,10,1.200000,0.700000,5,1005,720,ga,curated-textbook,weighted,goal-priority,20260928,4,4,true,true,true,1,2,,6,4,558,0.775000,false,0.000000,0.271987,1.719870,60,40,2440,3415,false,0.000000,-0.326006,0.000000,1.000000,0.096471,0.500000,0.048235,0.502527,0.300000,0.150758,1.000000,0.200000,0.200000,0.400000,0.500000,-0.200000,1.000000,0.500000,-0.500000,0.250000,0.100000,-0.025000
t10-d1.2-a0.7-sparse,10,1.200000,0.700000,5,1005,720,ga,curated-textbook,weighted,goal-priority,20260929,4,4,true,true,true,1,2,,6,4,558,0.775000,false,0.000000,0.271987,1.719870,60,40,2440,3304,false,0.000000,-0.326006,0.000000,1.000000,0.096471,0.500000,0.048235,0.502527,0.300000,0.150758,1.000000,0.200000,0.200000,0.400000,0.500000,-0.200000,1.000000,0.500000,-0.500000,0.250000,0.100000,-0.025000
t10-d1.2-a0.7-sparse,10,1.200000,0.700000,5,1005,720,ga,all,weighted,goal-priority,20260925,6,6,true,true,true,1,3,,6,4,558,0.775000,false,0.000000,0.271987,1.719870,60,40,2440,2579,false,0.000000,-0.317673,0.000000,1.000000,0.096471,0.500000,0.048235,0.502527,0.300000,0.150758,1.000000,0.200000,0.200000,0.400000,0.500000,-0.200000,1.000000,0.500000,-0.500000,0.166667,0.100000,-0.016667
t10-d1.2-a0.7-sparse,10,1.200000,0.700000,5,1005,720,ga,all,weighted,goal-priority,20260926,6,6,true,true,true,1,3,,6,4,558,0.775000,false,0.000000,0.271987,1.719870,60,40,2440,2721,false,0.000000,-0.317673,0.000000,1.000000,0.096471,0.500000,0.048235,0.502527,0.300000,0.150758,1.000000,0.200000,0.200000,0.400000,0.500000,-0.200000,1.000000,0.500000,-0.500000,0.166667,0.100000,-0.016667
t10-d1.2-a0.7-sparse,10,1.200000,0.700000,5,1005,720,ga,all,weighted,goal-priority,20260927,6,6,true,true,true,1,3,,6,4,558,0.775000,false,0.000000,0.271987,1.719870,60,40,2440,3234,false,0.000000,-0.317673,0.000000,1.000000,0.096471,0.500000,0.048235,0.502527,0.300000,0.150758,1.000000,0.200000,0.200000,0.400000,0.500000,-0.200000,1.000000,0.500000,-0.500000,0.166667,0.100000,-0.016667
t10-d1.2-a0.7-sparse,10,1.200000,0.700000,5,1005,720,ga,all,weighted,goal-priority,20260928,6,6,true,true,true,1,3,,6,4,558,0.775000,false,0.000000,0.271987,1.719870,60,40,2440,3555,false,0.000000,-0.317673,0.000000,1.000000,0.096471,0.500000,0.048235,0.502527,0.300000,0.150758,1.000000,0.200000,0.200000,0.400000,0.500000,-0.200000,1.000000,0.500000,-0.500000,0.166667,0.100000,-0.016667
t10-d1.2-a0.7-sparse,10,1.200000,0.700000,5,1005,720,ga,all,weighted,goal-priority,20260929,6,6,true,true,true,1,3,,6,4,558,0.775000,false,0.000000,0.271987,1.719870,60,40,2440,2598,false,0.000000,-0.317673,0.000000,1.000000,0.096471,0.500000,0.048235,0.502527,0.300000,0.150758,1.000000,0.200000,0.200000,0.400000,0.500000,-0.200000,1.000000,0.500000,-0.500000,0.166667,0.100000,-0.016667
t10-d1.2-a0.7-sparse,10,1.200000,0.700000,5,1005,720,ga-timeline,curated,lexicographic,goal-priority,20260925,2,2,true,true,true,39,1,0,6,4,624,0.866667,true,0.062500,0.444199,1.332597,60,40,2440,25810,true,0.000000,-0.326972,0.000000,1.000000,0.065771,0.500000,0.032885,0.589654,0.300000,0.176896,0.937500,0.200000,0.187500,0.400000,0.500000,-0.200000,1.000000,0.500000,-0.500000,0.242536,0.100000,-0.024254
t10-d1.2-a0.7-sparse,10,1.200000,0.700000,5,1005,720,ga-timeline,curated,lexicographic,goal-priority,20260926,2,2,true,true,true,37,1,0,6,4,624,0.866667,true,0.062500,0.444199,1.332597,60,40,2440,24000,true,0.000000,-0.326972,0.000000,1.000000,0.065771,0.500000,0.032885,0.589654,0.300000,0.176896,0.937500,0.200000,0.187500,0.400000,0.500000,-0.200000,1.000000,0.500000,-0.500000,0.242536,0.100000,-0.024254
t10-d1.2-a0.7-sparse,10,1.200000,0.700000,5,1005,720,ga-timeline,curated,lexicographic,goal-priority,20260927,2,2,true,true,true,36,1,0,6,4,624,0.866667,true,0.062500,0.444199,1.332597,60,40,2440,30013,true,0.000000,-0.326972,0.000000,1.000000,0.065771,0.500000,0.032885,0.589654,0.300000,0.176896,0.937500,0.200000,0.187500,0.400000,0.500000,-0.200000,1.000000,0.500000,-0.500000,0.242536,0.100000,-0.024254
t10-d1.2-a0.7-sparse,10,1.200000,0.700000,5,1005,720,ga-timeline,curated,lexicographic,goal-priority,20260928,2,2,true,true,true,38,1,0,6,4,624,0.866667,true,0.062500,0.444199,1.332597,60,40,2440,40350,true,0.000000,-0.326972,0.000000,1.000000,0.065771,0.500000,0.032885,0.589654,0.300000,0.176896,0.937500,0.200000,0.187500,0.400000,0.500000,-0.200000,1.000000,0.500000,-0.500000,0.242536,0.100000,-0.024254
t10-d1.2-a0.7-sparse,10,1.200000,0.700000,5,1005,720,ga-timeline,curated,lexicographic,goal-priority,20260929,2,2,true,true,true,38,1,0,6,4,624,0.866667,true,0.062500,0.444199,1.332597,60,40,2440,39128,true,0.000000,-0.326972,0.000000,1.000000,0.065771,0.500000,0.032885,0.589654,0.300000,0.176896,0.937500,0.200000,0.187500,0.400000,0.500000,-0.200000,1.000000,0.500000,-0.500000,0.242536,0.100000,-0.024254
t10-d1.2-a0.7-sparse,10,1.200000,0.700000,5,1005,720,ga-timeline,curated-textbook,lexicographic,goal-priority,20260925,4,4,true,true,true,29,3,0,6,4,590,0.819444,false,0.000000,0.346749,1.520898,60,40,2440,43453,true,0.000000,-0.320666,0.000000,1.000000,0.113882,0.500000,0.056941,0.574642,0.300000,0.172392,1.000000,0.200000,0.200000,0.400000,0.500000,-0.200000,1.000000,0.500000,-0.500000,0.500000,0.100000,-0.050000
t10-d1.2-a0.7-sparse,10,1.200000,0.700000,5,1005,720,ga-timeline,curated-textbook,lexicographic,goal-priority,20260926,4,4,true,true,true,21,3,0,6,4,590,0.819444,false,0.000000,0.506966,1.520898,60,40,2440,37276,true,0.000000,-0.320666,0.000000,1.000000,0.113882,0.500000,0.056941,0.574642,0.300000,0.172392,1.000000,0.200000,0.200000,0.400000,0.500000,-0.200000,1.000000,0.500000,-0.500000,0.500000,0.100000,-0.050000
t10-d1.2-a0.7-sparse,10,1.200000,0.700000,5,1005,720,ga-timeline,curated-textbook,lexicographic,goal-priority,20260927,4,4,true,true,true,27,3,0,6,4,590,0.819444,false,0.000000,0.506966,1.520898,60,40,2440,34051,true,0.000000,-0.320666,0.000000,1.000000,0.113882,0.500000,0.056941,0.574642,0.300000,0.172392,1.000000,0.200000,0.200000,0.400000,0.500000,-0.200000,1.000000,0.500000,-0.500000,0.500000,0.100000,-0.050000
t10-d1.2-a0.7-sparse,10,1.200000,0.700000,5,1005,720,ga-timeline,curated-textbook,lexicographic,goal-priority,20260928,4,4,true,true,true,31,3,0,6,4,590,0.819444,false,0.000000,0.506966,1.520898,60,40,2440,36837,true,0.000000,-0.320666,0.000000,1.000000,0.113882,0.500000,0.056941,0.574642,0.300000,0.172392,1.000000,0.200000,0.200000,0.400000,0.500000,-0.200000,1.000000,0.500000,-0.500000,0.500000,0.100000,-0.050000
t10-d1.2-a0.7-sparse,10,1.200000,0.700000,5,1005,720,ga-timeline,curated-textbook,lexicographic,goal-priority,20260929,4,4,true,true,true,25,3,0,6,4,590,0.819444,false,0.000000,0.506966,1.520898,60,40,2440,34093,true,0.000000,-0.320666,0.000000,1.000000,0.113882,0.500000,0.056941,0.574642,0.300000,0.172392,1.000000,0.200000,0.200000,0.400000,0.500000,-0.200000,1.000000,0.500000,-0.500000,0.500000,0.100000,-0.050000
t10-d1.2-a0.7-sparse,10,1.200000,0.700000,5,1005,720,ga-timeline,all,lexicographic,goal-priority,20260925,6,6,true,true,true,13,3,0,6,4,590,0.819444,false,0.000000,0.506966,1.520898,60,40,2440,42090,true,0.000000,-0.304000,0.000000,1.000000,0.113882,0.500000,0.056941,0.574642,0.300000,0.172392,1.000000,0.200000,0.200000,0.400000,0.500000,-0.200000,1.000000,0.500000,-0.500000,0.333333,0.100000,-0.033333
t10-d1.2-a0.7-sparse,10,1.200000,0.700000,5,1005,720,ga-timeline,all,lexicographic,goal-priority,20260926,6,6,true,true,true,15,3,0,6,4,590,0.819444,false,0.000000,0.506966,1.520898,60,40,2440,40600,true,0.000000,-0.304000,0.000000,1.000000,0.113882,0.500000,0.056941,0.574642,0.300000,0.172392,1.000000,0.200000,0.200000,0.400000,0.500000,-0.200000,1.000000,0.500000,-0.500000,0.333333,0.100000,-0.033333
t10-d1.2-a0.7-sparse,10,1.200000,0.700000,5,1005,720,ga-timeline,all,lexicographic,goal-priority,20260927,6,6,true,true,true,12,3,0,6,4,590,0.819444,false,0.000000,0.506966,1.520898,60,40,2440,36254,true,0.000000,-0.304000,0.000000,1.000000,0.113882,0.500000,0.056941,0.574642,0.300000,0.172392,1.000000,0.200000,0.200000,0.400000,0.500000,-0.200000,1.000000,0.500000,-0.500000,0.333333,0.100000,-0.033333
t10-d1.2-a0.7-sparse,10,1.200000,0.700000,5,1005,720,ga-timeline,all,lexicographic,goal-priority,20260928,6,6,true,true,true,13,3,0,6,4,590,0.819444,false,0.000000,0.506966,1.520898,60,40,2440,39197,true,0.000000,-0.304000,0.000000,1.000000,0.113882,0.500000,0.056941,0.574642,0.300000,0.172392,1.000000,0.200000,0.200000,0.400000,0.500000,-0.200000,1.000000,0.500000,-0.500000,0.333333,0.100000,-0.033333
t10-d1.2-a0.7-sparse,10,1.200000,0.700000,5,1005,720,ga-timeline,all,lexicographic,goal-priority,20260929,6,6,true,true,true,10,3,0,6,4,590,0.819444,false,0.000000,0.506966,1.520898,60,40,2440,44891,true,0.000000,-0.304000,0.000000,1.000000,0.113882,0.500000,0.056941,0.574642,0.300000,0.172392,1.000000,0.200000,0.200000,0.400000,0.500000,-0.200000,1.000000,0.500000,-0.500000,0.333333,0.100000,-0.033333
t10-d1.2-a0.7-sparse,10,1.200000,0.700000,5,1005,720,ga-timeline,curated,weighted,goal-priority,20260925,2,2,true,true,true,39,1,,6,4,624,0.866667,true,0.062500,0.444199,1.332597,60,40,2440,48630,true,0.000000,-0.026972,0.000000,1.000000,0.065771,0.500000,0.032885,0.589654,0.300000,0.176896,0.937500,0.200000,0.187500,0.400000,0.500000,-0.200000,0.400000,0.500000,-0.200000,0.242536,0.100000,-0.024254
t10-d1.2-a0.7-sparse,10,1.200000,0.700000,5,1005,720,ga-timeline,curated,weighted,goal-priority,20260926,2,2,true,true,true,37,1,,6,4,624,0.866667,true,0.062500,0.444199,1.332597,60,40,2440,26989,true,0.000000,-0.026972,0.000000,1.000000,0.065771,0.500000,0.032885,0.589654,0.300000,0.176896,0.937500,0.200000,0.187500,0.400000,0.500000,-0.200000,0.400000,0.500000,-0.200000,0.242536,0.100000,-0.024254
t10-d1.2-a0.7-sparse,10,1.200000,0.700000,5,1005,720,ga-timeline,curated,weighted,goal-priority,20260927,2,2,true,true,true,36,1,,6,4,624,0.866667,true,0.062500,0.444199,1.332597,60,40,2440,28877,true,0.000000,-0.026972,0.000000,1.000000,0.065771,0.500000,0.032885,0.589654,0.300000,0.176896,0.937500,0.200000,0.187500,0.400000,0.500000,-0.200000,0.400000,0.500000,-0.200000,0.242536,0.100000,-0.024254
t10-d1.2-a0.7-sparse,10,1.200000,0.700000,5,1005,720,ga-timeline,curated,weighted,goal-priority,20260928,2,2,true,true,true,38,1,,6,4,624,0.866667,true,0.062500,0.444199,1.332597,60,40,2440,25295,true,0.000000,-0.026972,0.000000,1.000000,0.065771,0.500000,0.032885,0.589654,0.300000,0.176896,0.937500,0.200000,0.187500,0.400000,0.500000,-0.200000,0.400000,0.500000,-0.200000,0.242536,0.100000,-0.024254
t10-d1.2-a0.7-sparse,10,1.200000,0.700000,5,1005,720,ga-timeline,curated,weighted,goal-priority,20260929,2,2,true,true,true,38,1,,6,4,624,0.866667,true,0.062500,0.444199,1.332597,60,40,2440,32788,true,0.000000,-0.026972,0.000000,1.000000,0.065771,0.500000,0.032885,0.589654,0.300000,0.176896,0.937500,0.200000,0.187500,0.400000,0.500000,-0.200000,0.400000,0.500000,-0.200000,0.242536,0.100000,-0.024254
t10-d1.2-a0.7-sparse,10,1.200000,0.700000,5,1005,720,ga-timeline,curated-textbook,weighted,goal-priority,20260925,4,4,true,true,true,29,3,,6,4,590,0.819444,false,0.000000,0.346749,1.520898,60,40,2440,40150,true,0.000000,-0.120666,0.000000,1.000000,0.113882,0.500000,0.056941,0.574642,0.300000,0.172392,1.000000,0.200000,0.200000,0.400000,0.500000,-0.200000,0.600000,0.500000,-0.300000,0.500000,0.100000,-0.050000
t10-d1.2-a0.7-sparse,10,1.200000,0.700000,5,1005,720,ga-timeline,curated-textbook,weighted,goal-priority,20260926,4,4,true,true,true,21,3,,6,4,590,0.819444,false,0.000000,0.506966,1.520898,60,40,2440,38691,true,0.000000,-0.120666,0.000000,1.000000,0.113882,0.500000,0.056941,0.574642,0.300000,0.172392,1.000000,0.200000,0.200000,0.400000,0.500000,-0.200000,0.600000,0.500000,-0.300000,0.500000,0.100000,-0.050000
t10-d1.2-a0.7-sparse,10,1.200000,0.700000,5,1005,720,ga-timeline,curated-textbook,weighted,goal-priority,20260927,4,4,true,true,true,27,3,,6,4,590,0.819444,false,0.000000,0.506966,1.520898,60,40,2440,37718,true,0.000000,-0.120666,0.000000,1.000000,0.113882,0.500000,0.056941,0.574642,0.300000,0.172392,1.000000,0.200000,0.200000,0.400000,0.500000,-0.200000,0.600000,0.500000,-0.300000,0.500000,0.100000,-0.050000
t10-d1.2-a0.7-sparse,10,1.200000,0.700000,5,1005,720,ga-timeline,curated-textbook,weighted,goal-priority,20260928,4,4,true,true,true,31,3,,6,4,590,0.819444,false,0.000000,0.506966,1.520898,60,40,2440,37478,true,0.000000,-0.120666,0.000000,1.000000,0.113882,0.500000,0.056941,0.574642,0.300000,0.172392,1.000000,0.200000,0.200000,0.400000,0.500000,-0.200000,0.600000,0.500000,-0.300000,0.500000,0.100000,-0.050000
t10-d1.2-a0.7-sparse,10,1.200000,0.700000,5,1005,720,ga-timeline,curated-textbook,weighted,goal-priority,20260929,4,4,true,true,true,25,3,,6,4,590,0.819444,false,0.000000,0.506966,1.520898,60,40,2440,38727,true,0.000000,-0.120666,0.000000,1.000000,0.113882,0.500000,0.056941,0.574642,0.300000,0.172392,1.000000,0.200000,0.200000,0.400000,0.500000,-0.200000,0.600000,0.500000,-0.300000,0.500000,0.100000,-0.050000
t10-d1.2-a0.7-sparse,10,1.200000,0.700000,5,1005,720,ga-timeline,all,weighted,goal-priority,20260925,6,6,true,true,true,13,3,,6,4,590,0.819444,false,0.000000,0.506966,1.520898,60,40,2440,39156,true,0.000000,-0.154000,0.000000,1.000000,0.113882,0.500000,0.056941,0.574642,0.300000,0.172392,1.000000,0.200000,0.200000,0.400000,0.500000,-0.200000,0.700000,0.500000,-0.350000,0.333333,0.100000,-0.033333
t10-d1.2-a0.7-sparse,10,1.200000,0.700000,5,1005,720,ga-timeline,all,weighted,goal-priority,20260926,6,6,true,true,true,15,3,,6,4,590,0.819444,false,0.000000,0.506966,1.520898,60,40,2440,40384,true,0.000000,-0.154000,0.000000,1.000000,0.113882,0.500000,0.056941,0.574642,0.300000,0.172392,1.000000,0.200000,0.200000,0.400000,0.500000,-0.200000,0.700000,0.500000,-0.350000,0.333333,0.100000,-0.033333
t10-d1.2-a0.7-sparse,10,1.200000,0.700000,5,1005,720,ga-timeline,all,weighted,goal-priority,20260927,6,6,true,true,true,12,3,,6,4,590,0.819444,false,0.000000,0.506966,1.520898,60,40,2440,39739,true,0.000000,-0.154000,0.000000,1.000000,0.113882,0.500000,0.056941,0.574642,0.300000,0.172392,1.000000,0.200000,0.200000,0.400000,0.500000,-0.200000,0.700000,0.500000,-0.350000,0.333333,0.100000,-0.033333
t10-d1.2-a0.7-sparse,10,1.200000,0.700000,5,1005,720,ga-timeline,all,weighted,goal-priority,20260928,6,6,true,true,true,13,3,,6,4,590,0.819444,false,0.000000,0.506966,1.520898,60,40,2440,27010,true,0.000000,-0.154000,0.000000,1.000000,0.113882,0.500000,0.056941,0.574642,0.300000,0.172392,1.000000,0.200000,0.200000,0.400000,0.500000,-0.200000,0.700000,0.500000,-0.350000,0.333333,0.100000,-0.033333
t10-d1.2-a0.7-sparse,10,1.200000,0.700000,5,1005,720,ga-timeline,all,weighted,goal-priority,20260929,6,6,true,true,true,10,3,,6,4,590,0.819444,false,0.000000,0.506966,1.520898,60,40,2440,24690,true,0.000000,-0.154000,0.000000,1.000000,0.113882,0.500000,0.056941,0.574642,0.300000,0.172392,1.000000,0.200000,0.200000,0.400000,0.500000,-0.200000,0.700000,0.500000,-0.350000,0.333333,0.100000,-0.033333
t10-d1.2-a1.0-compact,10,1.200000,1.000000,6,1238,1440,ga,curated,lexicographic,goal-priority,20260925,2,2,true,true,true,10,1,0,8,2,1070,0.743056,false,0.000000,0.280742,1.798144,60,40,2440,2657,false,0.000000,-0.128450,0.000000,1.000000,0.118114,0.500000,0.059057,0.708311,0.300000,0.212493,1.000000,0.200000,0.200000,0.200000,0.500000,-0.100000,0.900000,0.500000,-0.450000,0.500000,0.100000,-0.050000
t10-d1.2-a1.0-compact,10,1.200000,1.000000,6,1238,1440,ga,curated,lexicographic,goal-priority,20260926,2,2,true,true,true,10,1,0,8,2,1070,0.743056,false,0.000000,0.280742,1.798144,60,40,2440,3349,false,0.000000,-0.128450,0.000000,1.000000,0.118114,0.500000,0.059057,0.708311,0.300000,0.212493,1.000000,0.200000,0.200000,0.200000,0.500000,-0.100000,0.900000,0.500000,-0.450000,0.500000,0.100000,-0.050000
t10-d1.2-a1.0-compact,10,1.200000,1.000000,6,1238,1440,ga,curated,lexicographic,goal-priority,20260927,2,2,true,true,true,10,1,0,8,2,1070,0.743056,false,0.000000,0.280742,1.798144,60,40,2440,3157,false,0.000000,-0.128450,0.000000,1.000000,0.118114,0.500000,0.059057,0.708311,0.300000,0.212493,1.000000,0.200000,0.200000,0.200000,0.500000,-0.100000,0.900000,0.500000,-0.450000,0.500000,0.100000,-0.050000
t10-d1.2-a1.0-compact,10,1.200000,1.000000,6,1238,1440,ga,curated,lexicographic,goal-priority,20260928,2,2,true,true,true,9,1,0,8,2,1070,0.743056,false,0.000000,0.280742,1.798144,60,40,2440,3278,false,0.000000,-0.128450,0.000000,1.000000,0.118114,0.500000,0.059057,0.708311,0.300000,0.212493,1.000000,0.200000,0.200000,0.200000,0.500000,-0.100000,0.900000,0.500000,-0.450000,0.500000,0.100000,-0.050000
t10-d1.2-a1.0-compact,10,1.200000,1.000000,6,1238,1440,ga,curated,lexicographic,goal-priority,20260929,2,2,true,true,true,10,1,0,8,2,1070,0.743056,false,0.000000,0.280742,1.798144,60,40,2440,3324,false,0.000000,-0.128450,0.000000,1.000000,0.118114,0.500000,0.059057,0.708311,0.300000,0.212493,1.000000,0.200000,0.200000,0.200000,0.500000,-0.100000,0.900000,0.500000,-0.450000,0.500000,0.100000,-0.050000
t10-d1.2-a1.0-compact,10,1.200000,1.000000,6,1238,1440,ga,curated-textbook,lexicographic,goal-priority,20260925,3,4,true,true,true,10,0,2,8,2,1041,0.722917,false,0.000000,0.307758,1.831284,60,40,2440,2774,false,0.000000,-0.075002,0.000000,1.000000,0.125009,0.500000,0.062505,0.708311,0.300000,0.212493,1.000000,0.200000,0.200000,0.200000,0.500000,-0.100000,0.900000,0.500000,-0.450000,0.000000,0.100000,-0.000000
t10-d1.2-a1.0-compact,10,1.200000,1.000000,6,1238,1440,ga,curated-textbook,lexicographic,goal-priority,20260926,3,4,true,true,true,10,0,2,8,2,1041,0.722917,false,0.000000,0.307758,1.831284,60,40,2440,2383,false,0.000000,-0.075002,0.000000,1.000000,0.125009,0.500000,0.062505,0.708311,0.300000,0.212493,1.000000,0.200000,0.200000,0.200000,0.500000,-0.100000,0.900000,0.500000,-0.450000,0.000000,0.100000,-0.000000
t10-d1.2-a1.0-compact,10,1.200000,1.000000,6,1238,1440,ga,curated-textbook,lexicographic,goal-priority,20260927,3,4,true,true,true,10,0,2,8,2,1041,0.722917,false,0.000000,0.307758,1.831284,60,40,2440,2568,false,0.000000,-0.075002,0.000000,1.000000,0.125009,0.500000,0.062505,0.708311,0.300000,0.212493,1.000000,0.200000,0.200000,0.200000,0.500000,-0.100000,0.900000,0.500000,-0.450000,0.000000,0.100000,-0.000000
t10-d1.2-a1.0-compact,10,1.200000,1.000000,6,1238,1440,ga,curated-textbook,lexicographic,goal-priority,20260928,3,4,true,true,true,9,0,2,8,2,1041,0.722917,false,0.000000,0.307758,1.831284,60,40,2440,2441,false,0.000000,-0.075002,0.000000,1.000000,0.125009,0.500000,0.062505,0.708311,0.300000,0.212493,1.000000,0.200000,0.200000,0.200000,0.500000,-0.100000,0.900000,0.500000,-0.450000,0.000000,0.100000,-0.000000
t10-d1.2-a1.0-compact,10,1.200000,1.000000,6,1238,1440,ga,curated-textbook,lexicographic,goal-priority,20260929,3,4,true,true,true,10,0,2,8,2,1041,0.722917,false,0.000000,0.307758,1.831284,60,40,2440,2602,false,0.000000,-0.075002,0.000000,1.000000,0.125009,0.500000,0.062505,0.708311,0.300000,0.212493,1.000000,0.200000,0.200000,0.200000,0.500000,-0.100000,0.900000,0.500000,-0.450000,0.000000,0.100000,-0.000000
t10-d1.2-a1.0-compact,10,1.200000,1.000000,6,1238,1440,ga,all,lexicographic,goal-priority,20260925,5,6,true,true,true,10,1,2,8,2,1041,0.722917,false,0.000000,0.307758,1.831284,60,40,2440,2548,false,0.000000,-0.088335,0.000000,1.000000,0.125009,0.500000,0.062505,0.708311,0.300000,0.212493,1.000000,0.200000,0.200000,0.200000,0.500000,-0.100000,0.900000,0.500000,-0.450000,0.133333,0.100000,-0.013333
t10-d1.2-a1.0-compact,10,1.200000,1.000000,6,1238,1440,ga,all,lexicographic,goal-priority,20260926,5,6,true,true,true,10,1,2,8,2,1041,0.722917,false,0.000000,0.307758,1.831284,60,40,2440,2414,false,0.000000,-0.088335,0.000000,1.000000,0.125009,0.500000,0.062505,0.708311,0.300000,0.212493,1.000000,0.200000,0.200000,0.200000,0.500000,-0.100000,0.900000,0.500000,-0.450000,0.133333,0.100000,-0.013333
t10-d1.2-a1.0-compact,10,1.200000,1.000000,6,1238,1440,ga,all,lexicographic,goal-priority,20260927,5,6,true,true,true,10,1,2,8,2,1041,0.722917,false,0.000000,0.307758,1.831284,60,40,2440,2960,false,0.000000,-0.088335,0.000000,1.000000,0.125009,0.500000,0.062505,0.708311,0.300000,0.212493,1.000000,0.200000,0.200000,0.200000,0.500000,-0.100000,0.900000,0.500000,-0.450000,0.133333,0.100000,-0.013333
t10-d1.2-a1.0-compact,10,1.200000,1.000000,6,1238,1440,ga,all,lexicographic,goal-priority,20260928,5,6,true,true,true,9,1,2,8,2,1041,0.722917,false,0.000000,0.307758,1.831284,60,40,2440,2452,false,0.000000,-0.088335,0.000000,1.000000,0.125009,0.500000,0.062505,0.708311,0.300000,0.212493,1.000000,0.200000,0.200000,0.200000,0.500000,-0.100000,0.900000,0.500000,-0.450000,0.133333,0.100000,-0.013333
t10-d1.2-a1.0-compact,10,1.200000,1.000000,6,1238,1440,ga,all,lexicographic,goal-priority,20260929,5,6,true,true,true,10,1,2,8,2,1041,0.722917,false,0.000000,0.307758,1.831284,60,40,2440,2580,false,0.000000,-0.088335,0.000000,1.000000,0.125009,0.500000,0.062505,0.708311,0.300000,0.212493,1.000000,0.200000,0.200000,0.200000,0.500000,-0.100000,0.900000,0.500000,-0.450000,0.133333,0.100000,-0.013333
t10-d1.2-a1.0-compact,10,1.200000,1.000000,6,1238,1440,ga,curated,weighted,goal-priority,20260925,2,2,true,true,true,10,1,,8,2,1070,0.743056,false,0.000000,0.280742,1.798144,60,40,2440,3017,false,0.000000,-0.128450,0.000000,1.000000,0.118114,0.500000,0.059057,0.708311,0.300000,0.212493,1.000000,0.200000,0.200000,0.200000,0.500000,-0.100000,0.900000,0.500000,-0.450000,0.500000,0.100000,-0.050000
t10-d1.2-a1.0-compact,10,1.200000,1.000000,6,1238,1440,ga,curated,weighted,goal-priority,20260926,2,2,true,true,true,10,1,,8,2,1070,0.743056,false,0.000000,0.280742,1.798144,60,40,2440,2556,false,0.000000,-0.128450,0.000000,1.000000,0.118114,0.500000,0.059057,0.708311,0.300000,0.212493,1.000000,0.200000,0.200000,0.200000,0.500000,-0.100000,0.900000,0.500000,-0.450000,0.500000,0.100000,-0.050000
t10-d1.2-a1.0-compact,10,1.200000,1.000000,6,1238,1440,ga,curated,weighted,goal-priority,20260927,2,2,true,true,true,10,1,,8,2,1070,0.743056,false,0.000000,0.280742,1.798144,60,40,2440,3030,false,0.000000,-0.128450,0.000000,1.000000,0.118114,0.500000,0.059057,0.708311,0.300000,0.212493,1.000000,0.200000,0.200000,0.200000,0.500000,-0.100000,0.900000,0.500000,-0.450000,0.500000,0.100000,-0.050000
t10-d1.2-a1.0-compact,10,1.200000,1.000000,6,1238,1440,ga,curated,weighted,goal-priority,20260928,2,2,true,true,true,9,1,,8,2,1070,0.743056,false,0.000000,0.280742,1.798144,60,40,2440,2581,false,0.000000,-0.128450,0.000000,1.000000,0.118114,0.500000,0.059057,0.708311,0.300000,0.212493,1.000000,0.200000,0.200000,0.200000,0.500000,-0.100000,0.900000,0.500000,-0.450000,0.500000,0.100000,-0.050000
t10-d1.2-a1.0-compact,10,1.200000,1.000000,6,1238,1440,ga,curated,weighted,goal-priority,20260929,2,2,true,true,true,10,1,,8,2,1070,0.743056,false,0.000000,0.280742,1.798144,60,40,2440,2526,false,0.000000,-0.128450,0.000000,1.000000,0.118114,0.500000,0.059057,0.708311,0.300000,0.212493,1.000000,0.200000,0.200000,0.200000,0.500000,-0.100000,0.900000,0.500000,-0.450000,0.500000,0.100000,-0.050000
t10-d1.2-a1.0-compact,10,1.200000,1.000000,6,1238,1440,ga,curated-textbook,weighted,goal-priority,20260925,3,4,true,true,true,10,2,,8,2,1070,0.743056,false,0.000000,0.280742,1.798144,60,40,2440,3198,false,0.000000,-0.104023,0.000000,1.000000,0.118114,0.500000,0.059057,0.708311,0.300000,0.212493,1.000000,0.200000,0.200000,0.200000,0.500000,-0.100000,0.900000,0.500000,-0.450000,0.255733,0.100000,-0.025573
t10-d1.2-a1.0-compact,10,1.200000,1.000000,6,1238,1440,ga,curated-textbook,weighted,goal-priority,20260926,3,4,true,true,true,10,2,,8,2,1070,0.743056,false,0.000000,0.280742,1.798144,60,40,2440,2491,false,0.000000,-0.104023,0.000000,1.000000,0.118114,0.500000,0.059057,0.708311,0.300000,0.212493,1.000000,0.200000,0.200000,0.200000,0.500000,-0.100000,0.900000,0.500000,-0.450000,0.255733,0.100000,-0.025573
t10-d1.2-a1.0-compact,10,1.200000,1.000000,6,1238,1440,ga,curated-textbook,weighted,goal-priority,20260927,3,4,true,true,true,10,2,,8,2,1070,0.743056,false,0.000000,0.280742,1.798144,60,40,2440,2757,false,0.000000,-0.104023,0.000000,1.000000,0.118114,0.500000,0.059057,0.708311,0.300000,0.212493,1.000000,0.200000,0.200000,0.200000,0.500000,-0.100000,0.900000,0.500000,-0.450000,0.255733,0.100000,-0.025573
t10-d1.2-a1.0-compact,10,1.200000,1.000000,6,1238,1440,ga,curated-textbook,weighted,goal-priority,20260928,3,4,true,true,true,9,2,,8,2,1070,0.743056,false,0.000000,0.280742,1.798144,60,40,2440,2536,false,0.000000,-0.104023,0.000000,1.000000,0.118114,0.500000,0.059057,0.708311,0.300000,0.212493,1.000000,0.200000,0.200000,0.200000,0.500000,-0.100000,0.900000,0.500000,-0.450000,0.255733,0.100000,-0.025573
t10-d1.2-a1.0-compact,10,1.200000,1.000000,6,1238,1440,ga,curated-textbook,weighted,goal-priority,20260929,3,4,true,true,true,10,2,,8,2,1070,0.743056,false,0.000000,0.280742,1.798144,60,40,2440,2713,false,0.000000,-0.104023,0.000000,1.000000,0.118114,0.500000,0.059057,0.708311,0.300000,0.212493,1.000000,0.200000,0.200000,0.200000,0.500000,-0.100000,0.900000,0.500000,-0.450000,0.255733,0.100000,-0.025573
t10-d1.2-a1.0-compact,10,1.200000,1.000000,6,1238,1440,ga,all,weighted,goal-priority,20260925,5,6,true,true,true,10,3,,8,2,1070,0.743056,false,0.000000,0.280742,1.798144,60,40,2440,2455,false,0.000000,-0.112165,0.000000,1.000000,0.118114,0.500000,0.059057,0.708311,0.300000,0.212493,1.000000,0.200000,0.200000,0.200000,0.500000,-0.100000,0.900000,0.500000,-0.450000,0.337156,0.100000,-0.033716
t10-d1.2-a1.0-compact,10,1.200000,1.000000,6,1238,1440,ga,all,weighted,goal-priority,20260926,5,6,true,true,true,10,3,,8,2,1070,0.743056,false,0.000000,0.280742,1.798144,60,40,2440,2972,false,0.000000,-0.112165,0.000000,1.000000,0.118114,0.500000,0.059057,0.708311,0.300000,0.212493,1.000000,0.200000,0.200000,0.200000,0.500000,-0.100000,0.900000,0.500000,-0.450000,0.337156,0.100000,-0.033716
t10-d1.2-a1.0-compact,10,1.200000,1.000000,6,1238,1440,ga,all,weighted,goal-priority,20260927,5,6,true,true,true,10,3,,8,2,1070,0.743056,false,0.000000,0.280742,1.798144,60,40,2440,3281,false,0.000000,-0.112165,0.000000,1.000000,0.118114,0.500000,0.059057,0.708311,0.300000,0.212493,1.000000,0.200000,0.200000,0.200000,0.500000,-0.100000,0.900000,0.500000,-0.450000,0.337156,0.100000,-0.033716
t10-d1.2-a1.0-compact,10,1.200000,1.000000,6,1238,1440,ga,all,weighted,goal-priority,20260928,5,6,true,true,true,9,3,,8,2,1070,0.743056,false,0.000000,0.280742,1.798144,60,40,2440,2434,false,0.000000,-0.112165,0.000000,1.000000,0.118114,0.500000,0.059057,0.708311,0.300000,0.212493,1.000000,0.200000,0.200000,0.200000,0.500000,-0.100000,0.900000,0.500000,-0.450000,0.337156,0.100000,-0.033716
t10-d1.2-a1.0-compact,10,1.200000,1.000000,6,1238,1440,ga,all,weighted,goal-priority,20260929,5,6,true,true,true,10,3,,8,2,1070,0.743056,false,0.000000,0.280742,1.798144,60,40,2440,2586,false,0.000000,-0.112165,0.000000,1.000000,0.118114,0.500000,0.059057,0.708311,0.300000,0.212493,1.000000,0.200000,0.200000,0.200000,0.500000,-0.100000,0.900000,0.500000,-0.450000,0.337156,0.100000,-0.033716
t10-d1.2-a1.0-compact,10,1.200000,1.000000,6,1238,1440,ga-timeline,curated,lexicographic,goal-priority,20260925,2,2,true,true,true,24,1,1,9,1,1133,0.786806,false,0.000000,0.437034,1.732489,60,40,2440,47142,true,0.000000,-0.054253,0.000000,1.000000,0.143625,0.500000,0.071812,0.812837,0.300000,0.243851,1.000000,0.200000,0.200000,0.100000,0.500000,-0.050000,1.000000,0.500000,-0.500000,0.199170,0.100000,-0.019917
t10-d1.2-a1.0-compact,10,1.200000,1.000000,6,1238,1440,ga-timeline,curated,lexicographic,goal-priority,20260926,2,2,true,true,true,24,1,1,9,1,1133,0.786806,false,0.000000,0.437034,1.732489,60,40,2440,35609,true,0.000000,-0.054253,0.000000,1.000000,0.143625,0.500000,0.071812,0.812837,0.300000,0.243851,1.000000,0.200000,0.200000,0.100000,0.500000,-0.050000,1.000000,0.500000,-0.500000,0.199170,0.100000,-0.019917
t10-d1.2-a1.0-compact,10,1.200000,1.000000,6,1238,1440,ga-timeline,curated,lexicographic,goal-priority,20260927,2,2,true,true,true,22,1,1,9,1,1133,0.786806,false,0.000000,0.437034,1.732489,60,40,2440,29104,true,0.000000,-0.053790,0.000000,1.000000,0.143625,0.500000,0.071812,0.812837,0.300000,0.243851,1.000000,0.200000,0.200000,0.100000,0.500000,-0.050000,1.000000,0.500000,-0.500000,0.194537,0.100000,-0.019454
t10-d1.2-a1.0-compact,10,1.200000,1.000000,6,1238,1440,ga-timeline,curated,lexicographic,goal-priority,20260928,2,2,true,true,true,22,1,1,9,1,1133,0.786806,false,0.000000,0.437034,1.732489,60,40,2440,35170,true,0.000000,-0.053790,0.000000,1.000000,0.143625,0.500000,0.071812,0.812837,0.300000,0.243851,1.000000,0.200000,0.200000,0.100000,0.500000,-0.050000,1.000000,0.500000,-0.500000,0.194537,0.100000,-0.019454
t10-d1.2-a1.0-compact,10,1.200000,1.000000,6,1238,1440,ga-timeline,curated,lexicographic,goal-priority,20260929,2,2,true,true,true,24,1,1,9,1,1133,0.786806,false,0.000000,0.536885,1.611773,60,40,2440,45579,true,0.000000,-0.054253,0.000000,1.000000,0.143625,0.500000,0.071812,0.812837,0.300000,0.243851,1.000000,0.200000,0.200000,0.100000,0.500000,-0.050000,1.000000,0.500000,-0.500000,0.199170,0.100000,-0.019917
t10-d1.2-a1.0-compact,10,1.200000,1.000000,6,1238,1440,ga-timeline,curated-textbook,lexicographic,goal-priority,20260925,3,4,true,true,true,39,1,1,9,1,1133,0.786806,false,0.000000,0.437034,1.732489,60,40,2440,42860,true,0.000000,-0.044063,0.000000,1.000000,0.143625,0.500000,0.071812,0.812837,0.300000,0.243851,1.000000,0.200000,0.200000,0.100000,0.500000,-0.050000,1.000000,0.500000,-0.500000,0.097268,0.100000,-0.009727
t10-d1.2-a1.0-compact,10,1.200000,1.000000,6,1238,1440,ga-timeline,curated-textbook,lexicographic,goal-priority,20260926,3,4,true,true,true,38,1,1,9,1,1133,0.786806,false,0.000000,0.536885,1.611773,60,40,2440,41115,true,0.000000,-0.044295,0.000000,1.000000,0.143625,0.500000,0.071812,0.812837,0.300000,0.243851,1.000000,0.200000,0.200000,0.100000,0.500000,-0.050000,1.000000,0.500000,-0.500000,0.099585,0.100000,-0.009959
t10-d1.2-a1.0-compact,10,1.200000,1.000000,6,1238,1440,ga-timeline,curated-textbook,lexicographic,goal-priority,20260927,3,4,true,true,true,38,1,1,9,1,1133,0.786806,false,0.000000,0.536885,1.611773,60,40,2440,38947,true,0.000000,-0.044295,0.000000,1.000000,0.143625,0.500000,0.071812,0.812837,0.300000,0.243851,1.000000,0.200000,0.200000,0.100000,0.500000,-0.050000,1.000000,0.500000,-0.500000,0.099585,0.100000,-0.009959
t10-d1.2-a1.0-compact,10,1.200000,1.000000,6,1238,1440,ga-timeline,curated-textbook,lexicographic,goal-priority,20260928,3,4,true,true,true,36,0,1,8,2,991,0.688194,false,0.000000,0.566876,1.701810,60,40,2440,37292,true,0.000000,-0.126328,0.000000,1.000000,0.103128,0.500000,0.051564,0.740362,0.300000,0.222108,1.000000,0.200000,0.200000,0.200000,0.500000,-0.100000,1.000000,0.500000,-0.500000,0.000000,0.100000,-0.000000
t10-d1.2-a1.0-compact,10,1.200000,1.000000,6,1238,1440,ga-timeline,curated-textbook,lexicographic,goal-priority,20260929,3,4,true,true,true,35,1,1,9,1,1133,0.786806,false,0.000000,0.536885,1.611773,60,40,2440,38620,true,0.000000,-0.044295,0.000000,1.000000,0.143625,0.500000,0.071812,0.812837,0.300000,0.243851,1.000000,0.200000,0.200000,0.100000,0.500000,-0.050000,1.000000,0.500000,-0.500000,0.099585,0.100000,-0.009959
t10-d1.2-a1.0-compact,10,1.200000,1.000000,6,1238,1440,ga-timeline,all,lexicographic,goal-priority,20260925,5,6,true,true,true,38,1,1,9,1,1204,0.836111,false,0.000000,0.338657,1.570236,60,40,2440,37032,true,0.012275,0.012275,0.012275,1.000000,0.143625,0.500000,0.071812,0.812837,0.300000,0.243851,1.000000,0.200000,0.200000,0.100000,0.500000,-0.050000,0.900000,0.500000,-0.450000,0.033887,0.100000,-0.003389
t10-d1.2-a1.0-compact,10,1.200000,1.000000,6,1238,1440,ga-timeline,all,lexicographic,goal-priority,20260926,5,6,true,true,true,36,1,1,9,1,1204,0.836111,false,0.000000,0.338657,1.568058,60,40,2440,38651,true,0.012275,0.012275,0.012275,1.000000,0.143625,0.500000,0.071812,0.812837,0.300000,0.243851,1.000000,0.200000,0.200000,0.100000,0.500000,-0.050000,0.900000,0.500000,-0.450000,0.033887,0.100000,-0.003389
t10-d1.2-a1.0-compact,10,1.200000,1.000000,6,1238,1440,ga-timeline,all,lexicographic,goal-priority,20260927,5,6,true,true,true,40,1,1,9,1,1204,0.836111,false,0.000000,0.339020,1.570236,60,40,2440,39320,true,0.012407,0.012407,0.012407,1.000000,0.143625,0.500000,0.071812,0.812837,0.300000,0.243851,1.000000,0.200000,0.200000,0.100000,0.500000,-0.050000,0.900000,0.500000,-0.450000,0.032569,0.100000,-0.003257
t10-d1.2-a1.0-compact,10,1.200000,1.000000,6,1238,1440,ga-timeline,all,lexicographic,goal-priority,20260928,5,6,true,true,true,33,0,3,8,2,1105,0.767361,false,0.000000,0.239458,1.626506,60,40,2440,43922,true,0.000000,-0.048110,0.000000,1.000000,0.135526,0.500000,0.067763,0.780425,0.300000,0.234128,1.000000,0.200000,0.200000,0.200000,0.500000,-0.100000,0.900000,0.500000,-0.450000,0.000000,0.100000,-0.000000
t10-d1.2-a1.0-compact,10,1.200000,1.000000,6,1238,1440,ga-timeline,all,lexicographic,goal-priority,20260929,5,6,true,true,true,35,1,2,7,3,936,0.650000,false,0.000000,0.434155,2.010237,60,40,2440,37779,true,0.000000,-0.154526,0.000000,1.000000,0.120656,0.500000,0.060328,0.649969,0.300000,0.194991,1.000000,0.200000,0.200000,0.300000,0.500000,-0.150000,0.900000,0.500000,-0.450000,0.098449,0.100000,-0.009845
t10-d1.2-a1.0-compact,10,1.200000,1.000000,6,1238,1440,ga-timeline,curated,weighted,goal-priority,20260925,2,2,true,true,true,24,2,,9,1,1204,0.836111,false,0.000000,0.425771,1.687840,60,40,2440,60306,true,0.417863,0.417863,0.417863,1.000000,0.173626,0.500000,0.086813,0.870817,0.300000,0.261245,1.000000,0.200000,0.200000,0.100000,0.500000,-0.050000,0.100000,0.500000,-0.050000,0.301953,0.100000,-0.030195
t10-d1.2-a1.0-compact,10,1.200000,1.000000,6,1238,1440,ga-timeline,curated,weighted,goal-priority,20260926,2,2,true,true,true,24,2,,9,1,1204,0.836111,false,0.000000,0.425771,1.687840,60,40,2440,59875,true,0.417863,0.417863,0.417863,1.000000,0.173626,0.500000,0.086813,0.870817,0.300000,0.261245,1.000000,0.200000,0.200000,0.100000,0.500000,-0.050000,0.100000,0.500000,-0.050000,0.301953,0.100000,-0.030195
t10-d1.2-a1.0-compact,10,1.200000,1.000000,6,1238,1440,ga-timeline,curated,weighted,goal-priority,20260927,2,2,true,true,true,22,2,,9,1,1204,0.836111,false,0.000000,0.425771,1.687840,60,40,2440,36033,true,0.418324,0.418324,0.418324,1.000000,0.173626,0.500000,0.086813,0.870817,0.300000,0.261245,1.000000,0.200000,0.200000,0.100000,0.500000,-0.050000,0.100000,0.500000,-0.050000,0.297346,0.100000,-0.029735
t10-d1.2-a1.0-compact,10,1.200000,1.000000,6,1238,1440,ga-timeline,curated,weighted,goal-priority,20260928,2,2,true,true,true,22,2,,9,1,1204,0.836111,false,0.000000,0.425771,1.687840,60,40,2440,36905,true,0.418324,0.418324,0.418324,1.000000,0.173626,0.500000,0.086813,0.870817,0.300000,0.261245,1.000000,0.200000,0.200000,0.100000,0.500000,-0.050000,0.100000,0.500000,-0.050000,0.297346,0.100000,-0.029735
t10-d1.2-a1.0-compact,10,1.200000,1.000000,6,1238,1440,ga-timeline,curated,weighted,goal-priority,20260929,2,2,true,true,true,24,2,,9,1,1204,0.836111,false,0.000000,0.523049,1.570236,60,40,2440,36579,true,0.417863,0.417863,0.417863,1.000000,0.173626,0.500000,0.086813,0.870817,0.300000,0.261245,1.000000,0.200000,0.200000,0.100000,0.500000,-0.050000,0.100000,0.500000,-0.050000,0.301953,0.100000,-0.030195
t10-d1.2-a1.0-compact,10,1.200000,1.000000,6,1238,1440,ga-timeline,curated-textbook,weighted,goal-priority,20260925,3,4,true,true,true,39,2,,9,1,1204,0.836111,false,0.000000,0.425771,1.687840,60,40,2440,54559,true,0.433191,0.433191,0.433191,1.000000,0.173626,0.500000,0.086813,0.870817,0.300000,0.261245,1.000000,0.200000,0.200000,0.100000,0.500000,-0.050000,0.100000,0.500000,-0.050000,0.148673,0.100000,-0.014867
t10-d1.2-a1.0-compact,10,1.200000,1.000000,6,1238,1440,ga-timeline,curated-textbook,weighted,goal-priority,20260926,3,4,true,true,true,38,2,,9,1,1204,0.836111,false,0.000000,0.523049,1.570236,60,40,2440,61466,true,0.432961,0.432961,0.432961,1.000000,0.173626,0.500000,0.086813,0.870817,0.300000,0.261245,1.000000,0.200000,0.200000,0.100000,0.500000,-0.050000,0.100000,0.500000,-0.050000,0.150976,0.100000,-0.015098
t10-d1.2-a1.0-compact,10,1.200000,1.000000,6,1238,1440,ga-timeline,curated-textbook,weighted,goal-priority,20260927,3,4,true,true,true,38,2,,9,1,1204,0.836111,false,0.000000,0.523049,1.570236,60,40,2440,35743,true,0.432961,0.432961,0.432961,1.000000,0.173626,0.500000,0.086813,0.870817,0.300000,0.261245,1.000000,0.200000,0.200000,0.100000,0.500000,-0.050000,0.100000,0.500000,-0.050000,0.150976,0.100000,-0.015098
t10-d1.2-a1.0-compact,10,1.200000,1.000000,6,1238,1440,ga-timeline,curated-textbook,weighted,goal-priority,20260928,3,4,true,true,true,36,1,,9,1,1204,0.836111,false,0.000000,0.523049,1.570236,60,40,2440,35219,true,0.438393,0.438393,0.438393,1.000000,0.173626,0.500000,0.086813,0.870817,0.300000,0.261245,1.000000,0.200000,0.200000,0.100000,0.500000,-0.050000,0.100000,0.500000,-0.050000,0.096651,0.100000,-0.009665
t10-d1.2-a1.0-compact,10,1.200000,1.000000,6,1238,1440,ga-timeline,curated-textbook,weighted,goal-priority,20260929,3,4,true,true,true,35,2,,9,1,1204,0.836111,false,0.000000,0.523049,1.570236,60,40,2440,37242,true,0.432961,0.432961,0.432961,1.000000,0.173626,0.500000,0.086813,0.870817,0.300000,0.261245,1.000000,0.200000,0.200000,0.100000,0.500000,-0.050000,0.100000,0.500000,-0.050000,0.150976,0.100000,-0.015098
t10-d1.2-a1.0-compact,10,1.200000,1.000000,6,1238,1440,ga-timeline,all,weighted,goal-priority,20260925,5,6,true,true,true,38,2,,9,1,1204,0.836111,false,0.000000,0.410163,1.568058,60,40,2440,42203,true,0.444515,0.444515,0.444515,1.000000,0.173626,0.500000,0.086813,0.870817,0.300000,0.261245,1.000000,0.200000,0.200000,0.100000,0.500000,-0.050000,0.100000,0.500000,-0.050000,0.035431,0.100000,-0.003543
t10-d1.2-a1.0-compact,10,1.200000,1.000000,6,1238,1440,ga-timeline,all,weighted,goal-priority,20260926,5,6,true,true,true,36,2,,9,1,1204,0.836111,false,0.000000,0.410163,1.568058,60,40,2440,37797,true,0.444515,0.444515,0.444515,1.000000,0.173626,0.500000,0.086813,0.870817,0.300000,0.261245,1.000000,0.200000,0.200000,0.100000,0.500000,-0.050000,0.100000,0.500000,-0.050000,0.035431,0.100000,-0.003543
t10-d1.2-a1.0-compact,10,1.200000,1.000000,6,1238,1440,ga-timeline,all,weighted,goal-priority,20260927,5,6,true,true,true,40,2,,9,1,1204,0.836111,false,0.000000,0.339020,1.568058,60,40,2440,59097,true,0.444650,0.444650,0.444650,1.000000,0.173626,0.500000,0.086813,0.870817,0.300000,0.261245,1.000000,0.200000,0.200000,0.100000,0.500000,-0.050000,0.100000,0.500000,-0.050000,0.034084,0.100000,-0.003408
t10-d1.2-a1.0-compact,10,1.200000,1.000000,6,1238,1440,ga-timeline,all,weighted,goal-priority,20260928,5,6,true,true,true,33,3,,9,1,1204,0.836111,false,0.000000,0.230853,1.698730,60,40,2440,39097,true,0.441977,0.441977,0.441977,1.000000,0.173626,0.500000,0.086813,0.870817,0.300000,0.261245,1.000000,0.200000,0.200000,0.100000,0.500000,-0.050000,0.100000,0.500000,-0.050000,0.060810,0.100000,-0.006081
t10-d1.2-a1.0-compact,10,1.200000,1.000000,6,1238,1440,ga-timeline,all,weighted,goal-priority,20260929,5,6,true,true,true,35,3,,9,1,1204,0.836111,false,0.000000,0.431942,1.568058,60,40,2440,39261,true,0.434980,0.434980,0.434980,1.000000,0.173626,0.500000,0.086813,0.870817,0.300000,0.261245,1.000000,0.200000,0.200000,0.100000,0.500000,-0.050000,0.100000,0.500000,-0.050000,0.130787,0.100000,-0.013079
t10-d1.2-a1.0-sparse,10,1.200000,1.000000,7,944,960,ga,curated,lexicographic,goal-priority,20260925,2,2,true,true,true,1,0,1,8,2,779,0.811458,false,0.000000,0.200210,1.507094,60,40,2440,2615,false,0.000000,-0.136239,0.000000,1.000000,0.118114,0.500000,0.059057,0.682347,0.300000,0.204704,1.000000,0.200000,0.200000,0.200000,0.500000,-0.100000,1.000000,0.500000,-0.500000,0.000000,0.100000,-0.000000
t10-d1.2-a1.0-sparse,10,1.200000,1.000000,7,944,960,ga,curated,lexicographic,goal-priority,20260926,2,2,true,true,true,1,0,1,8,2,779,0.811458,false,0.000000,0.200210,1.507094,60,40,2440,2330,false,0.000000,-0.136239,0.000000,1.000000,0.118114,0.500000,0.059057,0.682347,0.300000,0.204704,1.000000,0.200000,0.200000,0.200000,0.500000,-0.100000,1.000000,0.500000,-0.500000,0.000000,0.100000,-0.000000
t10-d1.2-a1.0-sparse,10,1.200000,1.000000,7,944,960,ga,curated,lexicographic,goal-priority,20260927,2,2,true,true,true,1,0,1,8,2,779,0.811458,false,0.000000,0.200210,1.507094,60,40,2440,2279,false,0.000000,-0.136239,0.000000,1.000000,0.118114,0.500000,0.059057,0.682347,0.300000,0.204704,1.000000,0.200000,0.200000,0.200000,0.500000,-0.100000,1.000000,0.500000,-0.500000,0.000000,0.100000,-0.000000
t10-d1.2-a1.0-sparse,10,1.200000,1.000000,7,944,960,ga,curated,lexicographic,goal-priority,20260928,2,2,true,true,true,1,0,1,8,2,779,0.811458,false,0.000000,0.200210,1.507094,60,40,2440,2427,false,0.000000,-0.136239,0.000000,1.000000,0.118114,0.500000,0.059057,0.682347,0.300000,0.204704,1.000000,0.200000,0.200000,0.200000,0.500000,-0.100000,1.000000,0.500000,-0.500000,0.000000,0.100000,-0.000000
t10-d1.2-a1.0-sparse,10,1.200000,1.000000,7,944,960,ga,curated,lexicographic,goal-priority,20260929,2,2,true,true,true,1,0,1,8,2,779,0.811458,false,0.000000,0.200210,1.507094,60,40,2440,2246,false,0.000000,-0.136239,0.000000,1.000000,0.118114,0.500000,0.059057,0.682347,0.300000,0.204704,1.000000,0.200000,0.200000,0.200000,0.500000,-0.100000,1.000000,0.500000,-0.500000,0.000000,0.100000,-0.000000
t10-d1.2-a1.0-sparse,10,1.200000,1.000000,7,944,960,ga,curated-textbook,lexicographic,goal-priority,20260925,4,4,true,true,true,1,1,1,8,2,779,0.811458,false,0.000000,0.200210,1.507094,60,40,2440,2252,false,0.000000,-0.160731,0.000000,1.000000,0.118114,0.500000,0.059057,0.682347,0.300000,0.204704,1.000000,0.200000,0.200000,0.200000,0.500000,-0.100000,1.000000,0.500000,-0.500000,0.244926,0.100000,-0.024493
t10-d1.2-a1.0-sparse,10,1.200000,1.000000,7,944,960,ga,curated-textbook,lexicographic,goal-priority,20260926,4,4,true,true,true,1,1,1,8,2,779,0.811458,false,0.000000,0.200210,1.507094,60,40,2440,2406,false,0.000000,-0.160731,0.000000,1.000000,0.118114,0.500000,0.059057,0.682347,0.300000,0.204704,1.000000,0.200000,0.200000,0.200000,0.500000,-0.100000,1.000000,0.500000,-0.500000,0.244926,0.100000,-0.024493
t10-d1.2-a1.0-sparse,10,1.200000,1.000000,7,944,960,ga,curated-textbook,lexicographic,goal-priority,20260927,4,4,true,true,true,1,1,1,8,2,779,0.811458,false,0.000000,0.200210,1.507094,60,40,2440,2523,false,0.000000,-0.160731,0.000000,1.000000,0.118114,0.500000,0.059057,0.682347,0.300000,0.204704,1.000000,0.200000,0.200000,0.200000,0.500000,-0.100000,1.000000,0.500000,-0.500000,0.244926,0.100000,-0.024493
t10-d1.2-a1.0-sparse,10,1.200000,1.000000,7,944,960,ga,curated-textbook,lexicographic,goal-priority,20260928,4,4,true,true,true,1,1,1,8,2,779,0.811458,false,0.000000,0.200210,1.507094,60,40,2440,2648,false,0.000000,-0.160731,0.000000,1.000000,0.118114,0.500000,0.059057,0.682347,0.300000,0.204704,1.000000,0.200000,0.200000,0.200000,0.500000,-0.100000,1.000000,0.500000,-0.500000,0.244926,0.100000,-0.024493
t10-d1.2-a1.0-sparse,10,1.200000,1.000000,7,944,960,ga,curated-textbook,lexicographic,goal-priority,20260929,4,4,true,true,true,1,1,1,8,2,779,0.811458,false,0.000000,0.200210,1.507094,60,40,2440,2388,false,0.000000,-0.160731,0.000000,1.000000,0.118114,0.500000,0.059057,0.682347,0.300000,0.204704,1.000000,0.200000,0.200000,0.200000,0.500000,-0.100000,1.000000,0.500000,-0.500000,0.244926,0.100000,-0.024493
t10-d1.2-a1.0-sparse,10,1.200000,1.000000,7,944,960,ga,all,lexicographic,goal-priority,20260925,6,6,true,true,true,1,1,2,8,2,779,0.811458,false,0.000000,0.200210,1.507094,60,40,2440,2263,false,0.000000,-0.152567,0.000000,1.000000,0.118114,0.500000,0.059057,0.682347,0.300000,0.204704,1.000000,0.200000,0.200000,0.200000,0.500000,-0.100000,1.000000,0.500000,-0.500000,0.163284,0.100000,-0.016328
t10-d1.2-a1.0-sparse,10,1.200000,1.000000,7,944,960,ga,all,lexicographic,goal-priority,20260926,6,6,true,true,true,1,1,2,8,2,779,0.811458,false,0.000000,0.200210,1.507094,60,40,2440,2900,false,0.000000,-0.152567,0.000000,1.000000,0.118114,0.500000,0.059057,0.682347,0.300000,0.204704,1.000000,0.200000,0.200000,0.200000,0.500000,-0.100000,1.000000,0.500000,-0.500000,0.163284,0.100000,-0.016328
t10-d1.2-a1.0-sparse,10,1.200000,1.000000,7,944,960,ga,all,lexicographic,goal-priority,20260927,6,6,true,true,true,1,1,2,8,2,779,0.811458,false,0.000000,0.200210,1.507094,60,40,2440,2291,false,0.000000,-0.152567,0.000000,1.000000,0.118114,0.500000,0.059057,0.682347,0.300000,0.204704,1.000000,0.200000,0.200000,0.200000,0.500000,-0.100000,1.000000,0.500000,-0.500000,0.163284,0.100000,-0.016328
t10-d1.2-a1.0-sparse,10,1.200000,1.000000,7,944,960,ga,all,lexicographic,goal-priority,20260928,6,6,true,true,true,1,1,2,8,2,779,0.811458,false,0.000000,0.200210,1.507094,60,40,2440,2476,false,0.000000,-0.152567,0.000000,1.000000,0.118114,0.500000,0.059057,0.682347,0.300000,0.204704,1.000000,0.200000,0.200000,0.200000,0.500000,-0.100000,1.000000,0.500000,-0.500000,0.163284,0.100000,-0.016328
t10-d1.2-a1.0-sparse,10,1.200000,1.000000,7,944,960,ga,all,lexicographic,goal-priority,20260929,6,6,true,true,true,1,1,2,8,2,779,0.811458,false,0.000000,0.200210,1.507094,60,40,2440,2436,false,0.000000,-0.152567,0.000000,1.000000,0.118114,0.500000,0.059057,0.682347,0.300000,0.204704,1.000000,0.200000,0.200000,0.200000,0.500000,-0.100000,1.000000,0.500000,-0.500000,0.163284,0.100000,-0.016328
t10-d1.2-a1.0-sparse,10,1.200000,1.000000,7,944,960,ga,curated,weighted,goal-priority,20260925,2,2,true,true,true,1,1,,8,2,779,0.811458,false,0.000000,0.200210,1.507094,60,40,2440,2788,false,0.000000,-0.136443,0.000000,1.000000,0.118114,0.500000,0.059057,0.682347,0.300000,0.204704,1.000000,0.200000,0.200000,0.200000,0.500000,-0.100000,1.000000,0.500000,-0.500000,0.002041,0.100000,-0.000204
t10-d1.2-a1.0-sparse,10,1.200000,1.000000,7,944,960,ga,curated,weighted,goal-priority,20260926,2,2,true,true,true,1,1,,8,2,779,0.811458,false,0.000000,0.200210,1.507094,60,40,2440,2472,false,0.000000,-0.136443,0.000000,1.000000,0.118114,0.500000,0.059057,0.682347,0.300000,0.204704,1.000000,0.200000,0.200000,0.200000,0.500000,-0.100000,1.000000,0.500000,-0.500000,0.002041,0.100000,-0.000204
t10-d1.2-a1.0-sparse,10,1.200000,1.000000,7,944,960,ga,curated,weighted,goal-priority,20260927,2,2,true,true,true,1,1,,8,2,779,0.811458,false,0.000000,0.200210,1.507094,60,40,2440,2480,false,0.000000,-0.136443,0.000000,1.000000,0.118114,0.500000,0.059057,0.682347,0.300000,0.204704,1.000000,0.200000,0.200000,0.200000,0.500000,-0.100000,1.000000,0.500000,-0.500000,0.002041,0.100000,-0.000204
t10-d1.2-a1.0-sparse,10,1.200000,1.000000,7,944,960,ga,curated,weighted,goal-priority,20260928,2,2,true,true,true,1,1,,8,2,779,0.811458,false,0.000000,0.200210,1.507094,60,40,2440,2435,false,0.000000,-0.136443,0.000000,1.000000,0.118114,0.500000,0.059057,0.682347,0.300000,0.204704,1.000000,0.200000,0.200000,0.200000,0.500000,-0.100000,1.000000,0.500000,-0.500000,0.002041,0.100000,-0.000204
t10-d1.2-a1.0-sparse,10,1.200000,1.000000,7,944,960,ga,curated,weighted,goal-priority,20260929,2,2,true,true,true,1,1,,8,2,779,0.811458,false,0.000000,0.200210,1.507094,60,40,2440,2371,false,0.000000,-0.136443,0.000000,1.000000,0.118114,0.500000,0.059057,0.682347,0.300000,0.204704,1.000000,0.200000,0.200000,0.200000,0.500000,-0.100000,1.000000,0.500000,-0.500000,0.002041,0.100000,-0.000204
t10-d1.2-a1.0-sparse,10,1.200000,1.000000,7,944,960,ga,curated-textbook,weighted,goal-priority,20260925,4,4,true,true,true,1,2,,8,2,779,0.811458,false,0.000000,0.200210,1.507094,60,40,2440,2348,false,0.000000,-0.160833,0.000000,1.000000,0.118114,0.500000,0.059057,0.682347,0.300000,0.204704,1.000000,0.200000,0.200000,0.200000,0.500000,-0.100000,1.000000,0.500000,-0.500000,0.245946,0.100000,-0.024595
t10-d1.2-a1.0-sparse,10,1.200000,1.000000,7,944,960,ga,curated-textbook,weighted,goal-priority,20260926,4,4,true,true,true,1,2,,8,2,779,0.811458,false,0.000000,0.200210,1.507094,60,40,2440,2364,false,0.000000,-0.160833,0.000000,1.000000,0.118114,0.500000,0.059057,0.682347,0.300000,0.204704,1.000000,0.200000,0.200000,0.200000,0.500000,-0.100000,1.000000,0.500000,-0.500000,0.245946,0.100000,-0.024595
t10-d1.2-a1.0-sparse,10,1.200000,1.000000,7,944,960,ga,curated-textbook,weighted,goal-priority,20260927,4,4,true,true,true,1,2,,8,2,779,0.811458,false,0.000000,0.200210,1.507094,60,40,2440,2304,false,0.000000,-0.160833,0.000000,1.000000,0.118114,0.500000,0.059057,0.682347,0.300000,0.204704,1.000000,0.200000,0.200000,0.200000,0.500000,-0.100000,1.000000,0.500000,-0.500000,0.245946,0.100000,-0.024595
t10-d1.2-a1.0-sparse,10,1.200000,1.000000,7,944,960,ga,curated-textbook,weighted,goal-priority,20260928,4,4,true,true,true,1,2,,8,2,779,0.811458,false,0.000000,0.200210,1.507094,60,40,2440,2309,false,0.000000,-0.160833,0.000000,1.000000,0.118114,0.500000,0.059057,0.682347,0.300000,0.204704,1.000000,0.200000,0.200000,0.200000,0.500000,-0.100000,1.000000,0.500000,-0.500000,0.245946,0.100000,-0.024595
t10-d1.2-a1.0-sparse,10,1.200000,1.000000,7,944,960,ga,curated-textbook,weighted,goal-priority,20260929,4,4,true,true,true,1,2,,8,2,779,0.811458,false,0.000000,0.200210,1.507094,60,40,2440,2315,false,0.000000,-0.160833,0.000000,1.000000,0.118114,0.500000,0.059057,0.682347,0.300000,0.204704,1.000000,0.200000,0.200000,0.200000,0.500000,-0.100000,1.000000,0.500000,-0.500000,0.245946,0.100000,-0.024595
t10-d1.2-a1.0-sparse,10,1.200000,1.000000,7,944,960,ga,all,weighted,goal-priority,20260925,6,6,true,true,true,1,3,,8,2,779,0.811458,false,0.000000,0.200210,1.507094,60,40,2440,2444,false,0.000000,-0.152635,0.000000,1.000000,0.118114,0.500000,0.059057,0.682347,0.300000,0.204704,1.000000,0.200000,0.200000,0.200000,0.500000,-0.100000,1.000000,0.500000,-0.500000,0.163964,0.100000,-0.016396
t10-d1.2-a1.0-sparse,10,1.200000,1.000000,7,944,960,ga,all,weighted,goal-priority,20260926,6,6,true,true,true,1,3,,8,2,779,0.811458,false,0.000000,0.200210,1.507094,60,40,2440,2356,false,0.000000,-0.152635,0.000000,1.000000,0.118114,0.500000,0.059057,0.682347,0.300000,0.204704,1.000000,0.200000,0.200000,0.200000,0.500000,-0.100000,1.000000,0.500000,-0.500000,0.163964,0.100000,-0.016396
t10-d1.2-a1.0-sparse,10,1.200000,1.000000,7,944,960,ga,all,weighted,goal-priority,20260927,6,6,true,true,true,1,3,,8,2,779,0.811458,false,0.000000,0.200210,1.507094,60,40,2440,2369,false,0.000000,-0.152635,0.000000,1.000000,0.118114,0.500000,0.059057,0.682347,0.300000,0.204704,1.000000,0.200000,0.200000,0.200000,0.500000,-0.100000,1.000000,0.500000,-0.500000,0.163964,0.100000,-0.016396
t10-d1.2-a1.0-sparse,10,1.200000,1.000000,7,944,960,ga,all,weighted,goal-priority,20260928,6,6,true,true,true,1,3,,8,2,779,0.811458,false,0.000000,0.200210,1.507094,60,40,2440,2376,false,0.000000,-0.152635,0.000000,1.000000,0.118114,0.500000,0.059057,0.682347,0.300000,0.204704,1.000000,0.200000,0.200000,0.200000,0.500000,-0.100000,1.000000,0.500000,-0.500000,0.163964,0.100000,-0.016396
t10-d1.2-a1.0-sparse,10,1.200000,1.000000,7,944,960,ga,all,weighted,goal-priority,20260929,6,6,true,true,true,1,3,,8,2,779,0.811458,false,0.000000,0.200210,1.507094,60,40,2440,2542,false,0.000000,-0.152635,0.000000,1.000000,0.118114,0.500000,0.059057,0.682347,0.300000,0.204704,1.000000,0.200000,0.200000,0.200000,0.500000,-0.100000,1.000000,0.500000,-0.500000,0.163964,0.100000,-0.016396
t10-d1.2-a1.0-sparse,10,1.200000,1.000000,7,944,960,ga-timeline,curated,lexicographic,goal-priority,20260925,2,2,true,true,true,35,0,0,9,1,822,0.856250,false,0.000000,0.301156,1.275013,60,40,2440,35687,true,0.000000,-0.038084,0.000000,1.000000,0.139878,0.500000,0.069939,0.806591,0.300000,0.241977,1.000000,0.200000,0.200000,0.100000,0.500000,-0.050000,1.000000,0.500000,-0.500000,0.000000,0.100000,-0.000000
t10-d1.2-a1.0-sparse,10,1.200000,1.000000,7,944,960,ga-timeline,curated,lexicographic,goal-priority,20260926,2,2,true,true,true,37,0,0,9,1,822,0.856250,false,0.000000,0.415787,1.663147,60,40,2440,36772,true,0.000000,-0.038084,0.000000,1.000000,0.139878,0.500000,0.069939,0.806591,0.300000,0.241977,1.000000,0.200000,0.200000,0.100000,0.500000,-0.050000,1.000000,0.500000,-0.500000,0.000000,0.100000,-0.000000
t10-d1.2-a1.0-sparse,10,1.200000,1.000000,7,944,960,ga-timeline,curated,lexicographic,goal-priority,20260927,2,2,true,true,true,39,0,0,9,1,822,0.856250,false,0.000000,0.415787,1.663147,60,40,2440,35591,true,0.000000,-0.038084,0.000000,1.000000,0.139878,0.500000,0.069939,0.806591,0.300000,0.241977,1.000000,0.200000,0.200000,0.100000,0.500000,-0.050000,1.000000,0.500000,-0.500000,0.000000,0.100000,-0.000000
t10-d1.2-a1.0-sparse,10,1.200000,1.000000,7,944,960,ga-timeline,curated,lexicographic,goal-priority,20260928,2,2,true,true,true,35,0,0,9,1,822,0.856250,false,0.000000,0.415787,1.663147,60,40,2440,54418,true,0.000000,-0.038084,0.000000,1.000000,0.139878,0.500000,0.069939,0.806591,0.300000,0.241977,1.000000,0.200000,0.200000,0.100000,0.500000,-0.050000,1.000000,0.500000,-0.500000,0.000000,0.100000,-0.000000
t10-d1.2-a1.0-sparse,10,1.200000,1.000000,7,944,960,ga-timeline,curated,lexicographic,goal-priority,20260929,2,2,true,true,true,31,0,0,9,1,822,0.856250,false,0.000000,0.301156,1.252891,60,40,2440,37063,true,0.000000,-0.038084,0.000000,1.000000,0.139878,0.500000,0.069939,0.806591,0.300000,0.241977,1.000000,0.200000,0.200000,0.100000,0.500000,-0.050000,1.000000,0.500000,-0.500000,0.000000,0.100000,-0.000000
t10-d1.2-a1.0-sparse,10,1.200000,1.000000,7,944,960,ga-timeline,curated-textbook,lexicographic,goal-priority,20260925,4,4,true,true,true,38,1,0,9,1,822,0.856250,false,0.000000,0.415787,1.663147,60,40,2440,34702,true,0.000000,-0.046176,0.000000,1.000000,0.139878,0.500000,0.069939,0.806591,0.300000,0.241977,1.000000,0.200000,0.200000,0.100000,0.500000,-0.050000,1.000000,0.500000,-0.500000,0.080928,0.100000,-0.008093
t10-d1.2-a1.0-sparse,10,1.200000,1.000000,7,944,960,ga-timeline,curated-textbook,lexicographic,goal-priority,20260926,4,4,true,true,true,39,0,0,9,1,822,0.856250,false,0.000000,0.415787,1.663147,60,40,2440,38551,true,0.000000,-0.038084,0.000000,1.000000,0.139878,0.500000,0.069939,0.806591,0.300000,0.241977,1.000000,0.200000,0.200000,0.100000,0.500000,-0.050000,1.000000,0.500000,-0.500000,0.000000,0.100000,-0.000000
t10-d1.2-a1.0-sparse,10,1.200000,1.000000,7,944,960,ga-timeline,curated-textbook,lexicographic,goal-priority,20260927,4,4,true,true,true,40,0,1,7,3,617,0.642708,true,0.017857,0.498193,1.992771,60,40,2440,34925,true,0.000000,-0.187085,0.000000,1.000000,0.111227,0.500000,0.055614,0.702908,0.300000,0.210872,0.982143,0.200000,0.196429,0.300000,0.500000,-0.150000,1.000000,0.500000,-0.500000,0.000000,0.100000,-0.000000
t10-d1.2-a1.0-sparse,10,1.200000,1.000000,7,944,960,ga-timeline,curated-textbook,lexicographic,goal-priority,20260928,4,4,true,true,true,39,0,0,9,1,822,0.856250,false,0.000000,0.415787,1.663147,60,40,2440,36334,true,0.000000,-0.038084,0.000000,1.000000,0.139878,0.500000,0.069939,0.806591,0.300000,0.241977,1.000000,0.200000,0.200000,0.100000,0.500000,-0.050000,1.000000,0.500000,-0.500000,0.000000,0.100000,-0.000000
t10-d1.2-a1.0-sparse,10,1.200000,1.000000,7,944,960,ga-timeline,curated-textbook,lexicographic,goal-priority,20260929,4,4,true,true,true,39,0,0,9,1,822,0.856250,false,0.000000,0.415787,1.663147,60,40,2440,34701,true,0.000000,-0.038084,0.000000,1.000000,0.139878,0.500000,0.069939,0.806591,0.300000,0.241977,1.000000,0.200000,0.200000,0.100000,0.500000,-0.050000,1.000000,0.500000,-0.500000,0.000000,0.100000,-0.000000
t10-d1.2-a1.0-sparse,10,1.200000,1.000000,7,944,960,ga-timeline,all,lexicographic,goal-priority,20260925,6,6,true,true,true,31,0,0,9,1,822,0.856250,false,0.000000,0.361488,1.445953,60,40,2440,35178,true,0.000000,-0.038084,0.000000,1.000000,0.139878,0.500000,0.069939,0.806591,0.300000,0.241977,1.000000,0.200000,0.200000,0.100000,0.500000,-0.050000,1.000000,0.500000,-0.500000,0.000000,0.100000,-0.000000
t10-d1.2-a1.0-sparse,10,1.200000,1.000000,7,944,960,ga-timeline,all,lexicographic,goal-priority,20260926,6,6,true,true,true,33,0,0,9,1,822,0.856250,false,0.000000,0.361488,1.445953,60,40,2440,55195,true,0.000000,-0.038084,0.000000,1.000000,0.139878,0.500000,0.069939,0.806591,0.300000,0.241977,1.000000,0.200000,0.200000,0.100000,0.500000,-0.050000,1.000000,0.500000,-0.500000,0.000000,0.100000,-0.000000
t10-d1.2-a1.0-sparse,10,1.200000,1.000000,7,944,960,ga-timeline,all,lexicographic,goal-priority,20260927,6,6,true,true,true,34,0,0,9,1,822,0.856250,false,0.000000,0.361488,1.445953,60,40,2440,49720,true,0.000000,-0.038084,0.000000,1.000000,0.139878,0.500000,0.069939,0.806591,0.300000,0.241977,1.000000,0.200000,0.200000,0.100000,0.500000,-0.050000,1.000000,0.500000,-0.500000,0.000000,0.100000,-0.000000
t10-d1.2-a1.0-sparse,10,1.200000,1.000000,7,944,960,ga-timeline,all,lexicographic,goal-priority,20260928,6,6,true,true,true,34,0,0,9,1,822,0.856250,false,0.000000,0.361488,1.445953,60,40,2440,52984,true,0.000000,-0.038084,0.000000,1.000000,0.139878,0.500000,0.069939,0.806591,0.300000,0.241977,1.000000,0.200000,0.200000,0.100000,0.500000,-0.050000,1.000000,0.500000,-0.500000,0.000000,0.100000,-0.000000
t10-d1.2-a1.0-sparse,10,1.200000,1.000000,7,944,960,ga-timeline,all,lexicographic,goal-priority,20260929,6,6,true,true,true,34,0,0,9,1,822,0.856250,false,0.000000,0.361488,1.445953,60,40,2440,36859,true,0.000000,-0.038084,0.000000,1.000000,0.139878,0.500000,0.069939,0.806591,0.300000,0.241977,1.000000,0.200000,0.200000,0.100000,0.500000,-0.050000,1.000000,0.500000,-0.500000,0.000000,0.100000,-0.000000
t10-d1.2-a1.0-sparse,10,1.200000,1.000000,7,944,960,ga-timeline,curated,weighted,goal-priority,20260925,2,2,true,true,true,35,0,,9,1,822,0.856250,false,0.000000,0.301156,1.275013,60,40,2440,35526,true,0.411916,0.411916,0.411916,1.000000,0.139878,0.500000,0.069939,0.806591,0.300000,0.241977,1.000000,0.200000,0.200000,0.100000,0.500000,-0.050000,0.100000,0.500000,-0.050000,0.000000,0.100000,-0.000000
t10-d1.2-a1.0-sparse,10,1.200000,1.000000,7,944,960,ga-timeline,curated,weighted,goal-priority,20260926,2,2,true,true,true,37,0,,9,1,822,0.856250,false,0.000000,0.415787,1.663147,60,40,2440,36298,true,0.411916,0.411916,0.411916,1.000000,0.139878,0.500000,0.069939,0.806591,0.300000,0.241977,1.000000,0.200000,0.200000,0.100000,0.500000,-0.050000,0.100000,0.500000,-0.050000,0.000000,0.100000,-0.000000
t10-d1.2-a1.0-sparse,10,1.200000,1.000000,7,944,960,ga-timeline,curated,weighted,goal-priority,20260927,2,2,true,true,true,39,0,,9,1,822,0.856250,false,0.000000,0.415787,1.663147,60,40,2440,39388,true,0.411916,0.411916,0.411916,1.000000,0.139878,0.500000,0.069939,0.806591,0.300000,0.241977,1.000000,0.200000,0.200000,0.100000,0.500000,-0.050000,0.100000,0.500000,-0.050000,0.000000,0.100000,-0.000000
t10-d1.2-a1.0-sparse,10,1.200000,1.000000,7,944,960,ga-timeline,curated,weighted,goal-priority,20260928,2,2,true,true,true,35,0,,9,1,822,0.856250,false,0.000000,0.415787,1.663147,60,40,2440,35757,true,0.411916,0.411916,0.411916,1.000000,0.139878,0.500000,0.069939,0.806591,0.300000,0.241977,1.000000,0.200000,0.200000,0.100000,0.500000,-0.050000,0.100000,0.500000,-0.050000,0.000000,0.100000,-0.000000
t10-d1.2-a1.0-sparse,10,1.200000,1.000000,7,944,960,ga-timeline,curated,weighted,goal-priority,20260929,2,2,true,true,true,31,0,,9,1,822,0.856250,false,0.000000,0.301156,1.252891,60,40,2440,33907,true,0.411916,0.411916,0.411916,1.000000,0.139878,0.500000,0.069939,0.806591,0.300000,0.241977,1.000000,0.200000,0.200000,0.100000,0.500000,-0.050000,0.100000,0.500000,-0.050000,0.000000,0.100000,-0.000000
t10-d1.2-a1.0-sparse,10,1.200000,1.000000,7,944,960,ga-timeline,curated-textbook,weighted,goal-priority,20260925,4,4,true,true,true,38,1,,9,1,822,0.856250,false,0.000000,0.415787,1.663147,60,40,2440,35773,true,0.403824,0.403824,0.403824,1.000000,0.139878,0.500000,0.069939,0.806591,0.300000,0.241977,1.000000,0.200000,0.200000,0.100000,0.500000,-0.050000,0.100000,0.500000,-0.050000,0.080928,0.100000,-0.008093
t10-d1.2-a1.0-sparse,10,1.200000,1.000000,7,944,960,ga-timeline,curated-textbook,weighted,goal-priority,20260926,4,4,true,true,true,39,0,,9,1,822,0.856250,false,0.000000,0.415787,1.663147,60,40,2440,35192,true,0.411916,0.411916,0.411916,1.000000,0.139878,0.500000,0.069939,0.806591,0.300000,0.241977,1.000000,0.200000,0.200000,0.100000,0.500000,-0.050000,0.100000,0.500000,-0.050000,0.000000,0.100000,-0.000000
t10-d1.2-a1.0-sparse,10,1.200000,1.000000,7,944,960,ga-timeline,curated-textbook,weighted,goal-priority,20260927,4,4,true,true,true,40,1,,9,1,822,0.856250,false,0.000000,0.415787,1.663147,60,40,2440,34725,true,0.403926,0.403926,0.403926,1.000000,0.139878,0.500000,0.069939,0.806591,0.300000,0.241977,1.000000,0.200000,0.200000,0.100000,0.500000,-0.050000,0.100000,0.500000,-0.050000,0.079901,0.100000,-0.007990
t10-d1.2-a1.0-sparse,10,1.200000,1.000000,7,944,960,ga-timeline,curated-textbook,weighted,goal-priority,20260928,4,4,true,true,true,39,0,,9,1,822,0.856250,false,0.000000,0.415787,1.663147,60,40,2440,39316,true,0.411916,0.411916,0.411916,1.000000,0.139878,0.500000,0.069939,0.806591,0.300000,0.241977,1.000000,0.200000,0.200000,0.100000,0.500000,-0.050000,0.100000,0.500000,-0.050000,0.000000,0.100000,-0.000000
t10-d1.2-a1.0-sparse,10,1.200000,1.000000,7,944,960,ga-timeline,curated-textbook,weighted,goal-priority,20260929,4,4,true,true,true,39,0,,9,1,822,0.856250,false,0.000000,0.415787,1.663147,60,40,2440,59024,true,0.411916,0.411916,0.411916,1.000000,0.139878,0.500000,0.069939,0.806591,0.300000,0.241977,1.000000,0.200000,0.200000,0.100000,0.500000,-0.050000,0.100000,0.500000,-0.050000,0.000000,0.100000,-0.000000
t10-d1.2-a1.0-sparse,10,1.200000,1.000000,7,944,960,ga-timeline,all,weighted,goal-priority,20260925,6,6,true,true,true,31,0,,9,1,822,0.856250,false,0.000000,0.361488,1.445953,60,40,2440,32889,true,0.411916,0.411916,0.411916,1.000000,0.139878,0.500000,0.069939,0.806591,0.300000,0.241977,1.000000,0.200000,0.200000,0.100000,0.500000,-0.050000,0.100000,0.500000,-0.050000,0.000000,0.100000,-0.000000
t10-d1.2-a1.0-sparse,10,1.200000,1.000000,7,944,960,ga-timeline,all,weighted,goal-priority,20260926,6,6,true,true,true,33,0,,9,1,822,0.856250,false,0.000000,0.361488,1.445953,60,40,2440,36498,true,0.411916,0.411916,0.411916,1.000000,0.139878,0.500000,0.069939,0.806591,0.300000,0.241977,1.000000,0.200000,0.200000,0.100000,0.500000,-0.050000,0.100000,0.500000,-0.050000,0.000000,0.100000,-0.000000
t10-d1.2-a1.0-sparse,10,1.200000,1.000000,7,944,960,ga-timeline,all,weighted,goal-priority,20260927,6,6,true,true,true,34,0,,9,1,822,0.856250,false,0.000000,0.361488,1.445953,60,40,2440,42504,true,0.411916,0.411916,0.411916,1.000000,0.139878,0.500000,0.069939,0.806591,0.300000,0.241977,1.000000,0.200000,0.200000,0.100000,0.500000,-0.050000,0.100000,0.500000,-0.050000,0.000000,0.100000,-0.000000
t10-d1.2-a1.0-sparse,10,1.200000,1.000000,7,944,960,ga-timeline,all,weighted,goal-priority,20260928,6,6,true,true,true,34,0,,9,1,822,0.856250,false,0.000000,0.361488,1.445953,60,40,2440,38938,true,0.411916,0.411916,0.411916,1.000000,0.139878,0.500000,0.069939,0.806591,0.300000,0.241977,1.000000,0.200000,0.200000,0.100000,0.500000,-0.050000,0.100000,0.500000,-0.050000,0.000000,0.100000,-0.000000
t10-d1.2-a1.0-sparse,10,1.200000,1.000000,7,944,960,ga-timeline,all,weighted,goal-priority,20260929,6,6,true,true,true,34,0,,9,1,822,0.856250,false,0.000000,0.361488,1.445953,60,40,2440,35792,true,0.411916,0.411916,0.411916,1.000000,0.139878,0.500000,0.069939,0.806591,0.300000,0.241977,1.000000,0.200000,0.200000,0.100000,0.500000,-0.050000,0.100000,0.500000,-0.050000,0.000000,0.100000,-0.000000
t10-d1.2-a1.5-compact,10,1.200000,1.500000,7,1055,1680,ga,curated,lexicographic,goal-priority,20260925,2,2,true,true,true,39,1,0,10,0,1317,0.783929,false,0.000000,0.153355,1.878594,60,40,2440,2797,true,0.257222,0.257222,0.257222,1.000000,0.177979,0.500000,0.088989,0.896494,0.300000,0.268948,1.000000,0.200000,0.200000,0.000000,0.500000,-0.000000,0.600000,0.500000,-0.300000,0.007162,0.100000,-0.000716
t10-d1.2-a1.5-compact,10,1.200000,1.500000,7,1055,1680,ga,curated,lexicographic,goal-priority,20260926,2,2,true,true,true,39,1,0,10,0,1317,0.783929,false,0.000000,0.153355,1.878594,60,40,2440,2416,false,0.257222,0.257222,0.257222,1.000000,0.177979,0.500000,0.088989,0.896494,0.300000,0.268948,1.000000,0.200000,0.200000,0.000000,0.500000,-0.000000,0.600000,0.500000,-0.300000,0.007162,0.100000,-0.000716
t10-d1.2-a1.5-compact,10,1.200000,1.500000,7,1055,1680,ga,curated,lexicographic,goal-priority,20260927,2,2,true,true,true,40,1,0,10,0,1317,0.783929,false,0.000000,0.153355,1.878594,60,40,2440,2586,true,0.257222,0.257222,0.257222,1.000000,0.177979,0.500000,0.088989,0.896494,0.300000,0.268948,1.000000,0.200000,0.200000,0.000000,0.500000,-0.000000,0.600000,0.500000,-0.300000,0.007162,0.100000,-0.000716
t10-d1.2-a1.5-compact,10,1.200000,1.500000,7,1055,1680,ga,curated,lexicographic,goal-priority,20260928,2,2,true,true,true,39,1,0,10,0,1267,0.754167,false,0.000000,0.130294,1.899497,60,40,2440,2421,true,0.223584,0.223584,0.223584,1.000000,0.147978,0.500000,0.073989,0.834373,0.300000,0.250312,1.000000,0.200000,0.200000,0.000000,0.500000,-0.000000,0.600000,0.500000,-0.300000,0.007162,0.100000,-0.000716
t10-d1.2-a1.5-compact,10,1.200000,1.500000,7,1055,1680,ga,curated,lexicographic,goal-priority,20260929,2,2,true,true,true,40,1,0,10,0,1317,0.783929,false,0.000000,0.153355,1.878594,60,40,2440,2471,true,0.257222,0.257222,0.257222,1.000000,0.177979,0.500000,0.088989,0.896494,0.300000,0.268948,1.000000,0.200000,0.200000,0.000000,0.500000,-0.000000,0.600000,0.500000,-0.300000,0.007162,0.100000,-0.000716
t10-d1.2-a1.5-compact,10,1.200000,1.500000,7,1055,1680,ga,curated-textbook,lexicographic,goal-priority,20260925,4,4,true,true,true,39,2,0,10,0,1317,0.783929,false,0.000000,0.154420,1.878594,60,40,2440,2498,true,0.240765,0.240765,0.240765,1.000000,0.177979,0.500000,0.088989,0.896494,0.300000,0.268948,1.000000,0.200000,0.200000,0.000000,0.500000,-0.000000,0.600000,0.500000,-0.300000,0.171726,0.100000,-0.017173
t10-d1.2-a1.5-compact,10,1.200000,1.500000,7,1055,1680,ga,curated-textbook,lexicographic,goal-priority,20260926,4,4,true,true,true,39,2,0,10,0,1317,0.783929,false,0.000000,0.154420,1.878594,60,40,2440,2525,false,0.240765,0.240765,0.240765,1.000000,0.177979,0.500000,0.088989,0.896494,0.300000,0.268948,1.000000,0.200000,0.200000,0.000000,0.500000,-0.000000,0.600000,0.500000,-0.300000,0.171726,0.100000,-0.017173
t10-d1.2-a1.5-compact,10,1.200000,1.500000,7,1055,1680,ga,curated-textbook,lexicographic,goal-priority,20260927,4,4,true,true,true,40,2,0,10,0,1317,0.783929,false,0.000000,0.154420,1.878594,60,40,2440,2466,true,0.240765,0.240765,0.240765,1.000000,0.177979,0.500000,0.088989,0.896494,0.300000,0.268948,1.000000,0.200000,0.200000,0.000000,0.500000,-0.000000,0.600000,0.500000,-0.300000,0.171726,0.100000,-0.017173
t10-d1.2-a1.5-compact,10,1.200000,1.500000,7,1055,1680,ga,curated-textbook,lexicographic,goal-priority,20260928,4,4,true,true,true,39,2,0,10,0,1267,0.754167,false,0.000000,0.131371,1.899497,60,40,2440,2457,true,0.207128,0.207128,0.207128,1.000000,0.147978,0.500000,0.073989,0.834373,0.300000,0.250312,1.000000,0.200000,0.200000,0.000000,0.500000,-0.000000,0.600000,0.500000,-0.300000,0.171726,0.100000,-0.017173
t10-d1.2-a1.5-compact,10,1.200000,1.500000,7,1055,1680,ga,curated-textbook,lexicographic,goal-priority,20260929,4,4,true,true,true,40,2,0,10,0,1317,0.783929,false,0.000000,0.154420,1.878594,60,40,2440,2602,true,0.240765,0.240765,0.240765,1.000000,0.177979,0.500000,0.088989,0.896494,0.300000,0.268948,1.000000,0.200000,0.200000,0.000000,0.500000,-0.000000,0.600000,0.500000,-0.300000,0.171726,0.100000,-0.017173
t10-d1.2-a1.5-compact,10,1.200000,1.500000,7,1055,1680,ga,all,lexicographic,goal-priority,20260925,5,6,true,true,true,39,3,0,10,0,1317,0.783929,false,0.000000,0.154420,1.878594,60,40,2440,2562,true,0.243444,0.243444,0.243444,1.000000,0.177979,0.500000,0.088989,0.896494,0.300000,0.268948,1.000000,0.200000,0.200000,0.000000,0.500000,-0.000000,0.600000,0.500000,-0.300000,0.144933,0.100000,-0.014493
t10-d1.2-a1.5-compact,10,1.200000,1.500000,7,1055,1680,ga,all,lexicographic,goal-priority,20260926,5,6,true,true,true,39,3,0,10,0,1317,0.783929,false,0.000000,0.154420,1.878594,60,40,2440,2622,false,0.243444,0.243444,0.243444,1.000000,0.177979,0.500000,0.088989,0.896494,0.300000,0.268948,1.000000,0.200000,0.200000,0.000000,0.500000,-0.000000,0.600000,0.500000,-0.300000,0.144933,0.100000,-0.014493
t10-d1.2-a1.5-compact,10,1.200000,1.500000,7,1055,1680,ga,all,lexicographic,goal-priority,20260927,5,6,true,true,true,40,3,0,10,0,1317,0.783929,false,0.000000,0.154420,1.878594,60,40,2440,2505,true,0.243444,0.243444,0.243444,1.000000,0.177979,0.500000,0.088989,0.896494,0.300000,0.268948,1.000000,0.200000,0.200000,0.000000,0.500000,-0.000000,0.600000,0.500000,-0.300000,0.144933,0.100000,-0.014493
t10-d1.2-a1.5-compact,10,1.200000,1.500000,7,1055,1680,ga,all,lexicographic,goal-priority,20260928,5,6,true,true,true,39,3,0,10,0,1267,0.754167,false,0.000000,0.131371,1.899497,60,40,2440,2562,true,0.209807,0.209807,0.209807,1.000000,0.147978,0.500000,0.073989,0.834373,0.300000,0.250312,1.000000,0.200000,0.200000,0.000000,0.500000,-0.000000,0.600000,0.500000,-0.300000,0.144933,0.100000,-0.014493
t10-d1.2-a1.5-compact,10,1.200000,1.500000,7,1055,1680,ga,all,lexicographic,goal-priority,20260929,5,6,true,true,true,40,3,0,10,0,1317,0.783929,false,0.000000,0.154420,1.878594,60,40,2440,2769,true,0.243444,0.243444,0.243444,1.000000,0.177979,0.500000,0.088989,0.896494,0.300000,0.268948,1.000000,0.200000,0.200000,0.000000,0.500000,-0.000000,0.600000,0.500000,-0.300000,0.144933,0.100000,-0.014493
t10-d1.2-a1.5-compact,10,1.200000,1.500000,7,1055,1680,ga,curated,weighted,goal-priority,20260925,2,2,true,true,true,39,1,,10,0,1317,0.783929,false,0.000000,0.153355,1.878594,60,40,2440,2645,true,0.257222,0.257222,0.257222,1.000000,0.177979,0.500000,0.088989,0.896494,0.300000,0.268948,1.000000,0.200000,0.200000,0.000000,0.500000,-0.000000,0.600000,0.500000,-0.300000,0.007162,0.100000,-0.000716
t10-d1.2-a1.5-compact,10,1.200000,1.500000,7,1055,1680,ga,curated,weighted,goal-priority,20260926,2,2,true,true,true,39,1,,10,0,1317,0.783929,false,0.000000,0.153355,1.878594,60,40,2440,2497,false,0.257222,0.257222,0.257222,1.000000,0.177979,0.500000,0.088989,0.896494,0.300000,0.268948,1.000000,0.200000,0.200000,0.000000,0.500000,-0.000000,0.600000,0.500000,-0.300000,0.007162,0.100000,-0.000716
t10-d1.2-a1.5-compact,10,1.200000,1.500000,7,1055,1680,ga,curated,weighted,goal-priority,20260927,2,2,true,true,true,40,1,,10,0,1317,0.783929,false,0.000000,0.153355,1.878594,60,40,2440,2388,true,0.257222,0.257222,0.257222,1.000000,0.177979,0.500000,0.088989,0.896494,0.300000,0.268948,1.000000,0.200000,0.200000,0.000000,0.500000,-0.000000,0.600000,0.500000,-0.300000,0.007162,0.100000,-0.000716
t10-d1.2-a1.5-compact,10,1.200000,1.500000,7,1055,1680,ga,curated,weighted,goal-priority,20260928,2,2,true,true,true,39,1,,10,0,1267,0.754167,false,0.000000,0.130294,1.899497,60,40,2440,2462,true,0.223584,0.223584,0.223584,1.000000,0.147978,0.500000,0.073989,0.834373,0.300000,0.250312,1.000000,0.200000,0.200000,0.000000,0.500000,-0.000000,0.600000,0.500000,-0.300000,0.007162,0.100000,-0.000716
t10-d1.2-a1.5-compact,10,1.200000,1.500000,7,1055,1680,ga,curated,weighted,goal-priority,20260929,2,2,true,true,true,40,1,,10,0,1317,0.783929,false,0.000000,0.153355,1.878594,60,40,2440,2433,true,0.257222,0.257222,0.257222,1.000000,0.177979,0.500000,0.088989,0.896494,0.300000,0.268948,1.000000,0.200000,0.200000,0.000000,0.500000,-0.000000,0.600000,0.500000,-0.300000,0.007162,0.100000,-0.000716
t10-d1.2-a1.5-compact,10,1.200000,1.500000,7,1055,1680,ga,curated-textbook,weighted,goal-priority,20260925,4,4,true,true,true,39,2,,10,0,1317,0.783929,false,0.000000,0.154420,1.878594,60,40,2440,2708,true,0.240765,0.240765,0.240765,1.000000,0.177979,0.500000,0.088989,0.896494,0.300000,0.268948,1.000000,0.200000,0.200000,0.000000,0.500000,-0.000000,0.600000,0.500000,-0.300000,0.171726,0.100000,-0.017173
t10-d1.2-a1.5-compact,10,1.200000,1.500000,7,1055,1680,ga,curated-textbook,weighted,goal-priority,20260926,4,4,true,true,true,39,2,,10,0,1317,0.783929,false,0.000000,0.154420,1.878594,60,40,2440,2629,false,0.240765,0.240765,0.240765,1.000000,0.177979,0.500000,0.088989,0.896494,0.300000,0.268948,1.000000,0.200000,0.200000,0.000000,0.500000,-0.000000,0.600000,0.500000,-0.300000,0.171726,0.100000,-0.017173
t10-d1.2-a1.5-compact,10,1.200000,1.500000,7,1055,1680,ga,curated-textbook,weighted,goal-priority,20260927,4,4,true,true,true,40,2,,10,0,1317,0.783929,false,0.000000,0.154420,1.878594,60,40,2440,2773,true,0.240765,0.240765,0.240765,1.000000,0.177979,0.500000,0.088989,0.896494,0.300000,0.268948,1.000000,0.200000,0.200000,0.000000,0.500000,-0.000000,0.600000,0.500000,-0.300000,0.171726,0.100000,-0.017173
t10-d1.2-a1.5-compact,10,1.200000,1.500000,7,1055,1680,ga,curated-textbook,weighted,goal-priority,20260928,4,4,true,true,true,39,2,,10,0,1267,0.754167,false,0.000000,0.131371,1.899497,60,40,2440,2613,true,0.207128,0.207128,0.207128,1.000000,0.147978,0.500000,0.073989,0.834373,0.300000,0.250312,1.000000,0.200000,0.200000,0.000000,0.500000,-0.000000,0.600000,0.500000,-0.300000,0.171726,0.100000,-0.017173
t10-d1.2-a1.5-compact,10,1.200000,1.500000,7,1055,1680,ga,curated-textbook,weighted,goal-priority,20260929,4,4,true,true,true,40,2,,10,0,1317,0.783929,false,0.000000,0.154420,1.878594,60,40,2440,2601,true,0.240765,0.240765,0.240765,1.000000,0.177979,0.500000,0.088989,0.896494,0.300000,0.268948,1.000000,0.200000,0.200000,0.000000,0.500000,-0.000000,0.600000,0.500000,-0.300000,0.171726,0.100000,-0.017173
t10-d1.2-a1.5-compact,10,1.200000,1.500000,7,1055,1680,ga,all,weighted,goal-priority,20260925,5,6,true,true,true,39,3,,10,0,1317,0.783929,false,0.000000,0.154420,1.878594,60,40,2440,2560,true,0.243444,0.243444,0.243444,1.000000,0.177979,0.500000,0.088989,0.896494,0.300000,0.268948,1.000000,0.200000,0.200000,0.000000,0.500000,-0.000000,0.600000,0.500000,-0.300000,0.144933,0.100000,-0.014493
t10-d1.2-a1.5-compact,10,1.200000,1.500000,7,1055,1680,ga,all,weighted,goal-priority,20260926,5,6,true,true,true,39,3,,10,0,1317,0.783929,false,0.000000,0.154420,1.878594,60,40,2440,2601,false,0.243444,0.243444,0.243444,1.000000,0.177979,0.500000,0.088989,0.896494,0.300000,0.268948,1.000000,0.200000,0.200000,0.000000,0.500000,-0.000000,0.600000,0.500000,-0.300000,0.144933,0.100000,-0.014493
t10-d1.2-a1.5-compact,10,1.200000,1.500000,7,1055,1680,ga,all,weighted,goal-priority,20260927,5,6,true,true,true,40,3,,10,0,1317,0.783929,false,0.000000,0.154420,1.878594,60,40,2440,2441,true,0.243444,0.243444,0.243444,1.000000,0.177979,0.500000,0.088989,0.896494,0.300000,0.268948,1.000000,0.200000,0.200000,0.000000,0.500000,-0.000000,0.600000,0.500000,-0.300000,0.144933,0.100000,-0.014493
t10-d1.2-a1.5-compact,10,1.200000,1.500000,7,1055,1680,ga,all,weighted,goal-priority,20260928,5,6,true,true,true,39,3,,10,0,1267,0.754167,false,0.000000,0.131371,1.899497,60,40,2440,2880,true,0.209807,0.209807,0.209807,1.000000,0.147978,0.500000,0.073989,0.834373,0.300000,0.250312,1.000000,0.200000,0.200000,0.000000,0.500000,-0.000000,0.600000,0.500000,-0.300000,0.144933,0.100000,-0.014493
t10-d1.2-a1.5-compact,10,1.200000,1.500000,7,1055,1680,ga,all,weighted,goal-priority,20260929,5,6,true,true,true,40,3,,10,0,1317,0.783929,false,0.000000,0.154420,1.878594,60,40,2440,2444,true,0.243444,0.243444,0.243444,1.000000,0.177979,0.500000,0.088989,0.896494,0.300000,0.268948,1.000000,0.200000,0.200000,0.000000,0.500000,-0.000000,0.600000,0.500000,-0.300000,0.144933,0.100000,-0.014493
t10-d1.2-a1.5-compact,10,1.200000,1.500000,7,1055,1680,ga-timeline,curated,lexicographic,goal-priority,20260925,2,2,true,true,true,26,1,0,10,0,1315,0.782738,false,0.000000,0.319558,1.574448,60,40,2440,51262,true,0.337344,0.337344,0.337344,1.000000,0.231880,0.500000,0.115940,0.907518,0.300000,0.272256,1.000000,0.200000,0.200000,0.000000,0.500000,-0.000000,0.500000,0.500000,-0.250000,0.008519,0.100000,-0.000852
t10-d1.2-a1.5-compact,10,1.200000,1.500000,7,1055,1680,ga-timeline,curated,lexicographic,goal-priority,20260926,2,2,true,true,true,23,1,0,10,0,1315,0.782738,false,0.000000,0.252681,1.598738,60,40,2440,52130,true,0.337468,0.337468,0.337468,1.000000,0.231880,0.500000,0.115940,0.907518,0.300000,0.272256,1.000000,0.200000,0.200000,0.000000,0.500000,-0.000000,0.500000,0.500000,-0.250000,0.007276,0.100000,-0.000728
t10-d1.2-a1.5-compact,10,1.200000,1.500000,7,1055,1680,ga-timeline,curated,lexicographic,goal-priority,20260927,2,2,true,true,true,28,1,0,10,0,1315,0.782738,false,0.000000,0.253312,1.598738,60,40,2440,78052,true,0.337468,0.337468,0.337468,1.000000,0.231880,0.500000,0.115940,0.907518,0.300000,0.272256,1.000000,0.200000,0.200000,0.000000,0.500000,-0.000000,0.500000,0.500000,-0.250000,0.007276,0.100000,-0.000728
t10-d1.2-a1.5-compact,10,1.200000,1.500000,7,1055,1680,ga-timeline,curated,lexicographic,goal-priority,20260928,2,2,true,true,true,30,1,0,10,0,1315,0.782738,false,0.000000,0.408202,1.475079,60,40,2440,53608,true,0.337344,0.337344,0.337344,1.000000,0.231880,0.500000,0.115940,0.907518,0.300000,0.272256,1.000000,0.200000,0.200000,0.000000,0.500000,-0.000000,0.500000,0.500000,-0.250000,0.008519,0.100000,-0.000852
t10-d1.2-a1.5-compact,10,1.200000,1.500000,7,1055,1680,ga-timeline,curated,lexicographic,goal-priority,20260929,2,2,true,true,true,29,1,0,10,0,1315,0.782738,false,0.000000,0.360252,1.475079,60,40,2440,51366,true,0.330741,0.330741,0.330741,1.000000,0.218426,0.500000,0.109213,0.907518,0.300000,0.272256,1.000000,0.200000,0.200000,0.000000,0.500000,-0.000000,0.500000,0.500000,-0.250000,0.007276,0.100000,-0.000728
t10-d1.2-a1.5-compact,10,1.200000,1.500000,7,1055,1680,ga-timeline,curated-textbook,lexicographic,goal-priority,20260925,4,4,true,true,true,34,2,0,10,0,1315,0.782738,false,0.000000,0.257413,1.598738,60,40,2440,72537,true,0.326673,0.326673,0.326673,1.000000,0.218426,0.500000,0.109213,0.907518,0.300000,0.272256,1.000000,0.200000,0.200000,0.000000,0.500000,-0.000000,0.500000,0.500000,-0.250000,0.047957,0.100000,-0.004796
t10-d1.2-a1.5-compact,10,1.200000,1.500000,7,1055,1680,ga-timeline,curated-textbook,lexicographic,goal-priority,20260926,4,4,true,true,true,34,1,1,10,0,1315,0.782738,false,0.000000,0.257413,1.475079,60,40,2440,56677,true,0.319881,0.319881,0.319881,1.000000,0.199693,0.500000,0.099846,0.901306,0.300000,0.270392,1.000000,0.200000,0.200000,0.000000,0.500000,-0.000000,0.500000,0.500000,-0.250000,0.003573,0.100000,-0.000357
t10-d1.2-a1.5-compact,10,1.200000,1.500000,7,1055,1680,ga-timeline,curated-textbook,lexicographic,goal-priority,20260927,4,4,true,true,true,36,2,0,10,0,1315,0.782738,false,0.000000,0.141325,1.598738,60,40,2440,49623,true,0.326673,0.326673,0.326673,1.000000,0.218426,0.500000,0.109213,0.907518,0.300000,0.272256,1.000000,0.200000,0.200000,0.000000,0.500000,-0.000000,0.500000,0.500000,-0.250000,0.047957,0.100000,-0.004796
t10-d1.2-a1.5-compact,10,1.200000,1.500000,7,1055,1680,ga-timeline,curated-textbook,lexicographic,goal-priority,20260928,4,4,true,true,true,34,2,0,10,0,1315,0.782738,false,0.000000,0.257413,1.598738,60,40,2440,55701,true,0.326673,0.326673,0.326673,1.000000,0.218426,0.500000,0.109213,0.907518,0.300000,0.272256,1.000000,0.200000,0.200000,0.000000,0.500000,-0.000000,0.500000,0.500000,-0.250000,0.047957,0.100000,-0.004796
t10-d1.2-a1.5-compact,10,1.200000,1.500000,7,1055,1680,ga-timeline,curated-textbook,lexicographic,goal-priority,20260929,4,4,true,true,true,33,2,0,10,0,1315,0.782738,false,0.000000,0.141325,1.598738,60,40,2440,54065,true,0.326673,0.326673,0.326673,1.000000,0.218426,0.500000,0.109213,0.907518,0.300000,0.272256,1.000000,0.200000,0.200000,0.000000,0.500000,-0.000000,0.500000,0.500000,-0.250000,0.047957,0.100000,-0.004796
t10-d1.2-a1.5-compact,10,1.200000,1.500000,7,1055,1680,ga-timeline,all,lexicographic,goal-priority,20260925,5,6,true,true,true,39,1,1,10,0,1315,0.782738,false,0.000000,0.360252,1.475079,60,40,2440,50432,true,0.312932,0.312932,0.312932,1.000000,0.188453,0.500000,0.094227,0.896494,0.300000,0.268948,1.000000,0.200000,0.200000,0.000000,0.500000,-0.000000,0.500000,0.500000,-0.250000,0.002431,0.100000,-0.000243
t10-d1.2-a1.5-compact,10,1.200000,1.500000,7,1055,1680,ga-timeline,all,lexicographic,goal-priority,20260926,5,6,true,true,true,38,3,0,10,0,1315,0.782738,false,0.000000,0.141325,1.598738,60,40,2440,71664,true,0.325467,0.325467,0.325467,1.000000,0.218426,0.500000,0.109213,0.907518,0.300000,0.272256,1.000000,0.200000,0.200000,0.000000,0.500000,-0.000000,0.500000,0.500000,-0.250000,0.060012,0.100000,-0.006001
t10-d1.2-a1.5-compact,10,1.200000,1.500000,7,1055,1680,ga-timeline,all,lexicographic,goal-priority,20260927,5,6,true,true,true,40,3,0,10,0,1315,0.782738,false,0.000000,0.141325,1.598738,60,40,2440,55346,true,0.325467,0.325467,0.325467,1.000000,0.218426,0.500000,0.109213,0.907518,0.300000,0.272256,1.000000,0.200000,0.200000,0.000000,0.500000,-0.000000,0.500000,0.500000,-0.250000,0.060012,0.100000,-0.006001
t10-d1.2-a1.5-compact,10,1.200000,1.500000,7,1055,1680,ga-timeline,all,lexicographic,goal-priority,20260928,5,6,true,true,true,38,3,0,10,0,1315,0.782738,false,0.000000,0.141325,1.598738,60,40,2440,65068,true,0.325467,0.325467,0.325467,1.000000,0.218426,0.500000,0.109213,0.907518,0.300000,0.272256,1.000000,0.200000,0.200000,0.000000,0.500000,-0.000000,0.500000,0.500000,-0.250000,0.060012,0.100000,-0.006001
t10-d1.2-a1.5-compact,10,1.200000,1.500000,7,1055,1680,ga-timeline,all,lexicographic,goal-priority,20260929,5,6,true,true,true,40,3,0,10,0,1315,0.782738,false,0.000000,0.286751,1.598738,60,40,2440,52849,true,0.325438,0.325438,0.325438,1.000000,0.218426,0.500000,0.109213,0.907518,0.300000,0.272256,1.000000,0.200000,0.200000,0.000000,0.500000,-0.000000,0.500000,0.500000,-0.250000,0.060301,0.100000,-0.006030
t10-d1.2-a1.5-compact,10,1.200000,1.500000,7,1055,1680,ga-timeline,curated,weighted,goal-priority,20260925,2,2,true,true,true,26,1,,10,0,1315,0.782738,false,0.000000,0.319558,1.574448,60,40,2440,49918,true,0.587344,0.587344,0.587344,1.000000,0.231880,0.500000,0.115940,0.907518,0.300000,0.272256,1.000000,0.200000,0.200000,0.000000,0.500000,-0.000000,0.000000,0.500000,-0.000000,0.008519,0.100000,-0.000852
t10-d1.2-a1.5-compact,10,1.200000,1.500000,7,1055,1680,ga-timeline,curated,weighted,goal-priority,20260926,2,2,true,true,true,23,1,,10,0,1315,0.782738,false,0.000000,0.252681,1.598738,60,40,2440,53096,true,0.587468,0.587468,0.587468,1.000000,0.231880,0.500000,0.115940,0.907518,0.300000,0.272256,1.000000,0.200000,0.200000,0.000000,0.500000,-0.000000,0.000000,0.500000,-0.000000,0.007276,0.100000,-0.000728
t10-d1.2-a1.5-compact,10,1.200000,1.500000,7,1055,1680,ga-timeline,curated,weighted,goal-priority,20260927,2,2,true,true,true,28,1,,10,0,1315,0.782738,false,0.000000,0.253312,1.598738,60,40,2440,62323,true,0.587468,0.587468,0.587468,1.000000,0.231880,0.500000,0.115940,0.907518,0.300000,0.272256,1.000000,0.200000,0.200000,0.000000,0.500000,-0.000000,0.000000,0.500000,-0.000000,0.007276,0.100000,-0.000728
t10-d1.2-a1.5-compact,10,1.200000,1.500000,7,1055,1680,ga-timeline,curated,weighted,goal-priority,20260928,2,2,true,true,true,30,1,,10,0,1315,0.782738,false,0.000000,0.408202,1.475079,60,40,2440,59599,true,0.587344,0.587344,0.587344,1.000000,0.231880,0.500000,0.115940,0.907518,0.300000,0.272256,1.000000,0.200000,0.200000,0.000000,0.500000,-0.000000,0.000000,0.500000,-0.000000,0.008519,0.100000,-0.000852
t10-d1.2-a1.5-compact,10,1.200000,1.500000,7,1055,1680,ga-timeline,curated,weighted,goal-priority,20260929,2,2,true,true,true,29,1,,10,0,1315,0.782738,false,0.000000,0.360252,1.475079,60,40,2440,50357,true,0.580741,0.580741,0.580741,1.000000,0.218426,0.500000,0.109213,0.907518,0.300000,0.272256,1.000000,0.200000,0.200000,0.000000,0.500000,-0.000000,0.000000,0.500000,-0.000000,0.007276,0.100000,-0.000728
t10-d1.2-a1.5-compact,10,1.200000,1.500000,7,1055,1680,ga-timeline,curated-textbook,weighted,goal-priority,20260925,4,4,true,true,true,34,2,,10,0,1315,0.782738,false,0.000000,0.257413,1.598738,60,40,2440,46048,true,0.576673,0.576673,0.576673,1.000000,0.218426,0.500000,0.109213,0.907518,0.300000,0.272256,1.000000,0.200000,0.200000,0.000000,0.500000,-0.000000,0.000000,0.500000,-0.000000,0.047957,0.100000,-0.004796
t10-d1.2-a1.5-compact,10,1.200000,1.500000,7,1055,1680,ga-timeline,curated-textbook,weighted,goal-priority,20260926,4,4,true,true,true,34,2,,10,0,1315,0.782738,false,0.000000,0.290221,1.475079,60,40,2440,67870,true,0.577170,0.577170,0.577170,1.000000,0.218426,0.500000,0.109213,0.907518,0.300000,0.272256,1.000000,0.200000,0.200000,0.000000,0.500000,-0.000000,0.000000,0.500000,-0.000000,0.042985,0.100000,-0.004299
t10-d1.2-a1.5-compact,10,1.200000,1.500000,7,1055,1680,ga-timeline,curated-textbook,weighted,goal-priority,20260927,4,4,true,true,true,36,2,,10,0,1315,0.782738,false,0.000000,0.141325,1.598738,60,40,2440,53877,true,0.576673,0.576673,0.576673,1.000000,0.218426,0.500000,0.109213,0.907518,0.300000,0.272256,1.000000,0.200000,0.200000,0.000000,0.500000,-0.000000,0.000000,0.500000,-0.000000,0.047957,0.100000,-0.004796
t10-d1.2-a1.5-compact,10,1.200000,1.500000,7,1055,1680,ga-timeline,curated-textbook,weighted,goal-priority,20260928,4,4,true,true,true,34,2,,10,0,1315,0.782738,false,0.000000,0.257413,1.598738,60,40,2440,49946,true,0.576673,0.576673,0.576673,1.000000,0.218426,0.500000,0.109213,0.907518,0.300000,0.272256,1.000000,0.200000,0.200000,0.000000,0.500000,-0.000000,0.000000,0.500000,-0.000000,0.047957,0.100000,-0.004796
t10-d1.2-a1.5-compact,10,1.200000,1.500000,7,1055,1680,ga-timeline,curated-textbook,weighted,goal-priority,20260929,4,4,true,true,true,33,2,,10,0,1315,0.782738,false,0.000000,0.141325,1.598738,60,40,2440,46906,true,0.576673,0.576673,0.576673,1.000000,0.218426,0.500000,0.109213,0.907518,0.300000,0.272256,1.000000,0.200000,0.200000,0.000000,0.500000,-0.000000,0.000000,0.500000,-0.000000,0.047957,0.100000,-0.004796
t10-d1.2-a1.5-compact,10,1.200000,1.500000,7,1055,1680,ga-timeline,all,weighted,goal-priority,20260925,5,6,true,true,true,39,2,,10,0,1315,0.782738,false,0.000000,0.360252,1.475079,60,40,2440,54017,true,0.569354,0.569354,0.569354,1.000000,0.201907,0.500000,0.100954,0.896494,0.300000,0.268948,1.000000,0.200000,0.200000,0.000000,0.500000,-0.000000,0.000000,0.500000,-0.000000,0.005478,0.100000,-0.000548
t10-d1.2-a1.5-compact,10,1.200000,1.500000,7,1055,1680,ga-timeline,all,weighted,goal-priority,20260926,5,6,true,true,true,38,3,,10,0,1315,0.782738,false,0.000000,0.141325,1.598738,60,40,2440,50466,true,0.575467,0.575467,0.575467,1.000000,0.218426,0.500000,0.109213,0.907518,0.300000,0.272256,1.000000,0.200000,0.200000,0.000000,0.500000,-0.000000,0.000000,0.500000,-0.000000,0.060012,0.100000,-0.006001
t10-d1.2-a1.5-compact,10,1.200000,1.500000,7,1055,1680,ga-timeline,all,weighted,goal-priority,20260927,5,6,true,true,true,40,3,,10,0,1315,0.782738,false,0.000000,0.141325,1.598738,60,40,2440,56834,true,0.575467,0.575467,0.575467,1.000000,0.218426,0.500000,0.109213,0.907518,0.300000,0.272256,1.000000,0.200000,0.200000,0.000000,0.500000,-0.000000,0.000000,0.500000,-0.000000,0.060012,0.100000,-0.006001
t10-d1.2-a1.5-compact,10,1.200000,1.500000,7,1055,1680,ga-timeline,all,weighted,goal-priority,20260928,5,6,true,true,true,38,3,,10,0,1315,0.782738,false,0.000000,0.141325,1.598738,60,40,2440,49409,true,0.575467,0.575467,0.575467,1.000000,0.218426,0.500000,0.109213,0.907518,0.300000,0.272256,1.000000,0.200000,0.200000,0.000000,0.500000,-0.000000,0.000000,0.500000,-0.000000,0.060012,0.100000,-0.006001
t10-d1.2-a1.5-compact,10,1.200000,1.500000,7,1055,1680,ga-timeline,all,weighted,goal-priority,20260929,5,6,true,true,true,40,3,,10,0,1315,0.782738,false,0.000000,0.286751,1.598738,60,40,2440,48532,true,0.575438,0.575438,0.575438,1.000000,0.218426,0.500000,0.109213,0.907518,0.300000,0.272256,1.000000,0.200000,0.200000,0.000000,0.500000,-0.000000,0.000000,0.500000,-0.000000,0.060301,0.100000,-0.006030
t10-d1.2-a1.5-sparse,10,1.200000,1.500000,15,1184,1920,ga,curated,lexicographic,goal-priority,20260925,2,2,true,true,true,40,0,0,8,2,1312,0.683333,false,0.000000,0.139287,1.896362,60,40,2440,3391,true,0.016878,0.016878,0.016878,1.000000,0.163105,0.500000,0.081553,0.451083,0.300000,0.135325,1.000000,0.200000,0.200000,0.200000,0.500000,-0.100000,0.600000,0.500000,-0.300000,0.000000,0.100000,-0.000000
t10-d1.2-a1.5-sparse,10,1.200000,1.500000,15,1184,1920,ga,curated,lexicographic,goal-priority,20260926,2,2,true,true,true,40,0,0,9,1,1419,0.739063,false,0.000000,0.120623,1.637833,60,40,2440,2360,true,0.123514,0.123514,0.123514,1.000000,0.139878,0.500000,0.069939,0.511916,0.300000,0.153575,1.000000,0.200000,0.200000,0.100000,0.500000,-0.050000,0.500000,0.500000,-0.250000,0.000000,0.100000,-0.000000
t10-d1.2-a1.5-sparse,10,1.200000,1.500000,15,1184,1920,ga,curated,lexicographic,goal-priority,20260927,2,2,true,true,true,40,0,0,8,2,1312,0.683333,false,0.000000,0.139287,1.896362,60,40,2440,2367,true,0.016878,0.016878,0.016878,1.000000,0.163105,0.500000,0.081553,0.451083,0.300000,0.135325,1.000000,0.200000,0.200000,0.200000,0.500000,-0.100000,0.600000,0.500000,-0.300000,0.000000,0.100000,-0.000000
t10-d1.2-a1.5-sparse,10,1.200000,1.500000,15,1184,1920,ga,curated,lexicographic,goal-priority,20260928,2,2,true,true,true,40,0,0,8,2,1312,0.683333,false,0.000000,0.139287,1.896362,60,40,2440,2370,true,0.016878,0.016878,0.016878,1.000000,0.163105,0.500000,0.081553,0.451083,0.300000,0.135325,1.000000,0.200000,0.200000,0.200000,0.500000,-0.100000,0.600000,0.500000,-0.300000,0.000000,0.100000,-0.000000
t10-d1.2-a1.5-sparse,10,1.200000,1.500000,15,1184,1920,ga,curated,lexicographic,goal-priority,20260929,2,2,true,true,true,40,0,0,8,2,1312,0.683333,false,0.000000,0.139287,1.896362,60,40,2440,2363,true,0.016878,0.016878,0.016878,1.000000,0.163105,0.500000,0.081553,0.451083,0.300000,0.135325,1.000000,0.200000,0.200000,0.200000,0.500000,-0.100000,0.600000,0.500000,-0.300000,0.000000,0.100000,-0.000000
t10-d1.2-a1.5-sparse,10,1.200000,1.500000,15,1184,1920,ga,curated-textbook,lexicographic,goal-priority,20260925,4,4,true,true,true,40,1,0,8,2,1405,0.731771,false,0.000000,0.116651,1.684211,60,40,2440,4622,true,0.000000,-0.056065,0.000000,1.000000,0.148115,0.500000,0.074058,0.482926,0.300000,0.144878,1.000000,0.200000,0.200000,0.200000,0.500000,-0.100000,0.700000,0.500000,-0.350000,0.250000,0.100000,-0.025000
t10-d1.2-a1.5-sparse,10,1.200000,1.500000,15,1184,1920,ga,curated-textbook,lexicographic,goal-priority,20260926,4,4,true,true,true,40,1,0,10,0,1515,0.789063,false,0.000000,0.117253,1.592086,60,40,2440,3153,true,0.167117,0.167117,0.167117,1.000000,0.147978,0.500000,0.073989,0.524881,0.300000,0.157464,1.000000,0.200000,0.200000,0.000000,0.500000,-0.000000,0.500000,0.500000,-0.250000,0.143365,0.100000,-0.014336
t10-d1.2-a1.5-sparse,10,1.200000,1.500000,15,1184,1920,ga,curated-textbook,lexicographic,goal-priority,20260927,4,4,true,true,true,40,1,0,8,2,1405,0.731771,false,0.000000,0.116651,1.684211,60,40,2440,2944,true,0.000000,-0.056065,0.000000,1.000000,0.148115,0.500000,0.074058,0.482926,0.300000,0.144878,1.000000,0.200000,0.200000,0.200000,0.500000,-0.100000,0.700000,0.500000,-0.350000,0.250000,0.100000,-0.025000
t10-d1.2-a1.5-sparse,10,1.200000,1.500000,15,1184,1920,ga,curated-textbook,lexicographic,goal-priority,20260928,4,4,true,true,true,40,1,0,8,2,1405,0.731771,false,0.000000,0.116651,1.684211,60,40,2440,2364,true,0.000000,-0.056065,0.000000,1.000000,0.148115,0.500000,0.074058,0.482926,0.300000,0.144878,1.000000,0.200000,0.200000,0.200000,0.500000,-0.100000,0.700000,0.500000,-0.350000,0.250000,0.100000,-0.025000
t10-d1.2-a1.5-sparse,10,1.200000,1.500000,15,1184,1920,ga,curated-textbook,lexicographic,goal-priority,20260929,4,4,true,true,true,40,1,0,8,2,1405,0.731771,false,0.000000,0.116651,1.684211,60,40,2440,2322,true,0.000000,-0.056065,0.000000,1.000000,0.148115,0.500000,0.074058,0.482926,0.300000,0.144878,1.000000,0.200000,0.200000,0.200000,0.500000,-0.100000,0.700000,0.500000,-0.350000,0.250000,0.100000,-0.025000
t10-d1.2-a1.5-sparse,10,1.200000,1.500000,15,1184,1920,ga,all,lexicographic,goal-priority,20260925,6,5,true,true,true,40,2,0,8,2,1405,0.731771,false,0.000000,0.116651,1.684211,60,40,2440,2352,true,0.000000,-0.053922,0.000000,1.000000,0.148115,0.500000,0.074058,0.482926,0.300000,0.144878,1.000000,0.200000,0.200000,0.200000,0.500000,-0.100000,0.700000,0.500000,-0.350000,0.228571,0.100000,-0.022857
t10-d1.2-a1.5-sparse,10,1.200000,1.500000,15,1184,1920,ga,all,lexicographic,goal-priority,20260926,6,5,true,true,true,40,2,0,10,0,1515,0.789063,false,0.000000,0.117253,1.592086,60,40,2440,2268,true,0.167140,0.167140,0.167140,1.000000,0.147978,0.500000,0.073989,0.524881,0.300000,0.157464,1.000000,0.200000,0.200000,0.000000,0.500000,-0.000000,0.500000,0.500000,-0.250000,0.143128,0.100000,-0.014313
t10-d1.2-a1.5-sparse,10,1.200000,1.500000,15,1184,1920,ga,all,lexicographic,goal-priority,20260927,6,5,true,true,true,40,2,0,8,2,1405,0.731771,false,0.000000,0.116651,1.684211,60,40,2440,2284,true,0.000000,-0.053922,0.000000,1.000000,0.148115,0.500000,0.074058,0.482926,0.300000,0.144878,1.000000,0.200000,0.200000,0.200000,0.500000,-0.100000,0.700000,0.500000,-0.350000,0.228571,0.100000,-0.022857
t10-d1.2-a1.5-sparse,10,1.200000,1.500000,15,1184,1920,ga,all,lexicographic,goal-priority,20260928,6,5,true,true,true,40,2,0,8,2,1405,0.731771,false,0.000000,0.116651,1.684211,60,40,2440,2322,true,0.000000,-0.053922,0.000000,1.000000,0.148115,0.500000,0.074058,0.482926,0.300000,0.144878,1.000000,0.200000,0.200000,0.200000,0.500000,-0.100000,0.700000,0.500000,-0.350000,0.228571,0.100000,-0.022857
t10-d1.2-a1.5-sparse,10,1.200000,1.500000,15,1184,1920,ga,all,lexicographic,goal-priority,20260929,6,5,true,true,true,40,2,0,8,2,1405,0.731771,false,0.000000,0.116651,1.684211,60,40,2440,2331,true,0.000000,-0.053922,0.000000,1.000000,0.148115,0.500000,0.074058,0.482926,0.300000,0.144878,1.000000,0.200000,0.200000,0.200000,0.500000,-0.100000,0.700000,0.500000,-0.350000,0.228571,0.100000,-0.022857
t10-d1.2-a1.5-sparse,10,1.200000,1.500000,15,1184,1920,ga,curated,weighted,goal-priority,20260925,2,2,true,true,true,40,0,,8,2,1312,0.683333,false,0.000000,0.139287,1.896362,60,40,2440,2769,true,0.016878,0.016878,0.016878,1.000000,0.163105,0.500000,0.081553,0.451083,0.300000,0.135325,1.000000,0.200000,0.200000,0.200000,0.500000,-0.100000,0.600000,0.500000,-0.300000,0.000000,0.100000,-0.000000
t10-d1.2-a1.5-sparse,10,1.200000,1.500000,15,1184,1920,ga,curated,weighted,goal-priority,20260926,2,2,true,true,true,40,0,,9,1,1419,0.739063,false,0.000000,0.120623,1.637833,60,40,2440,2281,true,0.123514,0.123514,0.123514,1.000000,0.139878,0.500000,0.069939,0.511916,0.300000,0.153575,1.000000,0.200000,0.200000,0.100000,0.500000,-0.050000,0.500000,0.500000,-0.250000,0.000000,0.100000,-0.000000
t10-d1.2-a1.5-sparse,10,1.200000,1.500000,15,1184,1920,ga,curated,weighted,goal-priority,20260927,2,2,true,true,true,40,0,,8,2,1312,0.683333,false,0.000000,0.139287,1.896362,60,40,2440,2278,true,0.016878,0.016878,0.016878,1.000000,0.163105,0.500000,0.081553,0.451083,0.300000,0.135325,1.000000,0.200000,0.200000,0.200000,0.500000,-0.100000,0.600000,0.500000,-0.300000,0.000000,0.100000,-0.000000
t10-d1.2-a1.5-sparse,10,1.200000,1.500000,15,1184,1920,ga,curated,weighted,goal-priority,20260928,2,2,true,true,true,40,0,,8,2,1312,0.683333,false,0.000000,0.139287,1.896362,60,40,2440,2368,true,0.016878,0.016878,0.016878,1.000000,0.163105,0.500000,0.081553,0.451083,0.300000,0.135325,1.000000,0.200000,0.200000,0.200000,0.500000,-0.100000,0.600000,0.500000,-0.300000,0.000000,0.100000,-0.000000
t10-d1.2-a1.5-sparse,10,1.200000,1.500000,15,1184,1920,ga,curated,weighted,goal-priority,20260929,2,2,true,true,true,40,0,,8,2,1312,0.683333,false,0.000000,0.139287,1.896362,60,40,2440,2401,true,0.016878,0.016878,0.016878,1.000000,0.163105,0.500000,0.081553,0.451083,0.300000,0.135325,1.000000,0.200000,0.200000,0.200000,0.500000,-0.100000,0.600000,0.500000,-0.300000,0.000000,0.100000,-0.000000
t10-d1.2-a1.5-sparse,10,1.200000,1.500000,15,1184,1920,ga,curated-textbook,weighted,goal-priority,20260925,4,4,true,true,true,40,1,,8,2,1405,0.731771,false,0.000000,0.116651,1.684211,60,40,2440,2376,true,0.000000,-0.056065,0.000000,1.000000,0.148115,0.500000,0.074058,0.482926,0.300000,0.144878,1.000000,0.200000,0.200000,0.200000,0.500000,-0.100000,0.700000,0.500000,-0.350000,0.250000,0.100000,-0.025000
t10-d1.2-a1.5-sparse,10,1.200000,1.500000,15,1184,1920,ga,curated-textbook,weighted,goal-priority,20260926,4,4,true,true,true,40,1,,10,0,1515,0.789063,false,0.000000,0.117253,1.592086,60,40,2440,2431,true,0.167117,0.167117,0.167117,1.000000,0.147978,0.500000,0.073989,0.524881,0.300000,0.157464,1.000000,0.200000,0.200000,0.000000,0.500000,-0.000000,0.500000,0.500000,-0.250000,0.143365,0.100000,-0.014336
t10-d1.2-a1.5-sparse,10,1.200000,1.500000,15,1184,1920,ga,curated-textbook,weighted,goal-priority,20260927,4,4,true,true,true,40,1,,8,2,1405,0.731771,false,0.000000,0.116651,1.684211,60,40,2440,2376,true,0.000000,-0.056065,0.000000,1.000000,0.148115,0.500000,0.074058,0.482926,0.300000,0.144878,1.000000,0.200000,0.200000,0.200000,0.500000,-0.100000,0.700000,0.500000,-0.350000,0.250000,0.100000,-0.025000
t10-d1.2-a1.5-sparse,10,1.200000,1.500000,15,1184,1920,ga,curated-textbook,weighted,goal-priority,20260928,4,4,true,true,true,40,1,,8,2,1405,0.731771,false,0.000000,0.116651,1.684211,60,40,2440,2489,true,0.000000,-0.056065,0.000000,1.000000,0.148115,0.500000,0.074058,0.482926,0.300000,0.144878,1.000000,0.200000,0.200000,0.200000,0.500000,-0.100000,0.700000,0.500000,-0.350000,0.250000,0.100000,-0.025000
t10-d1.2-a1.5-sparse,10,1.200000,1.500000,15,1184,1920,ga,curated-textbook,weighted,goal-priority,20260929,4,4,true,true,true,40,1,,8,2,1405,0.731771,false,0.000000,0.116651,1.684211,60,40,2440,2581,true,0.000000,-0.056065,0.000000,1.000000,0.148115,0.500000,0.074058,0.482926,0.300000,0.144878,1.000000,0.200000,0.200000,0.200000,0.500000,-0.100000,0.700000,0.500000,-0.350000,0.250000,0.100000,-0.025000
t10-d1.2-a1.5-sparse,10,1.200000,1.500000,15,1184,1920,ga,all,weighted,goal-priority,20260925,6,5,true,true,true,40,2,,8,2,1405,0.731771,false,0.000000,0.116651,1.684211,60,40,2440,2416,true,0.000000,-0.053922,0.000000,1.000000,0.148115,0.500000,0.074058,0.482926,0.300000,0.144878,1.000000,0.200000,0.200000,0.200000,0.500000,-0.100000,0.700000,0.500000,-0.350000,0.228571,0.100000,-0.022857
t10-d1.2-a1.5-sparse,10,1.200000,1.500000,15,1184,1920,ga,all,weighted,goal-priority,20260926,6,5,true,true,true,40,2,,10,0,1515,0.789063,false,0.000000,0.117253,1.592086,60,40,2440,2481,true,0.167140,0.167140,0.167140,1.000000,0.147978,0.500000,0.073989,0.524881,0.300000,0.157464,1.000000,0.200000,0.200000,0.000000,0.500000,-0.000000,0.500000,0.500000,-0.250000,0.143128,0.100000,-0.014313
t10-d1.2-a1.5-sparse,10,1.200000,1.500000,15,1184,1920,ga,all,weighted,goal-priority,20260927,6,5,true,true,true,40,2,,8,2,1405,0.731771,false,0.000000,0.116651,1.684211,60,40,2440,2352,true,0.000000,-0.053922,0.000000,1.000000,0.148115,0.500000,0.074058,0.482926,0.300000,0.144878,1.000000,0.200000,0.200000,0.200000,0.500000,-0.100000,0.700000,0.500000,-0.350000,0.228571,0.100000,-0.022857
t10-d1.2-a1.5-sparse,10,1.200000,1.500000,15,1184,1920,ga,all,weighted,goal-priority,20260928,6,5,true,true,true,40,2,,8,2,1405,0.731771,false,0.000000,0.116651,1.684211,60,40,2440,2444,true,0.000000,-0.053922,0.000000,1.000000,0.148115,0.500000,0.074058,0.482926,0.300000,0.144878,1.000000,0.200000,0.200000,0.200000,0.500000,-0.100000,0.700000,0.500000,-0.350000,0.228571,0.100000,-0.022857
t10-d1.2-a1.5-sparse,10,1.200000,1.500000,15,1184,1920,ga,all,weighted,goal-priority,20260929,6,5,true,true,true,40,2,,8,2,1405,0.731771,false,0.000000,0.116651,1.684211,60,40,2440,4392,true,0.000000,-0.053922,0.000000,1.000000,0.148115,0.500000,0.074058,0.482926,0.300000,0.144878,1.000000,0.200000,0.200000,0.200000,0.500000,-0.100000,0.700000,0.500000,-0.350000,0.228571,0.100000,-0.022857
t10-d1.2-a1.5-sparse,10,1.200000,1.500000,15,1184,1920,ga-timeline,curated,lexicographic,goal-priority,20260925,2,2,true,true,true,34,0,0,10,0,1551,0.807813,false,0.000000,0.356854,1.697818,60,40,2440,51618,true,0.346100,0.346100,0.346100,1.000000,0.249880,0.500000,0.124940,0.737198,0.300000,0.221160,1.000000,0.200000,0.200000,0.000000,0.500000,-0.000000,0.400000,0.500000,-0.200000,0.000000,0.100000,-0.000000
t10-d1.2-a1.5-sparse,10,1.200000,1.500000,15,1184,1920,ga-timeline,curated,lexicographic,goal-priority,20260926,2,2,true,true,true,36,0,0,10,0,1551,0.807813,false,0.000000,0.397522,1.697818,60,40,2440,51889,true,0.346100,0.346100,0.346100,1.000000,0.249880,0.500000,0.124940,0.737198,0.300000,0.221160,1.000000,0.200000,0.200000,0.000000,0.500000,-0.000000,0.400000,0.500000,-0.200000,0.000000,0.100000,-0.000000
t10-d1.2-a1.5-sparse,10,1.200000,1.500000,15,1184,1920,ga-timeline,curated,lexicographic,goal-priority,20260927,2,2,true,true,true,38,0,0,10,0,1551,0.807813,false,0.000000,0.266900,1.697818,60,40,2440,49706,true,0.346100,0.346100,0.346100,1.000000,0.249880,0.500000,0.124940,0.737198,0.300000,0.221160,1.000000,0.200000,0.200000,0.000000,0.500000,-0.000000,0.400000,0.500000,-0.200000,0.000000,0.100000,-0.000000
t10-d1.2-a1.5-sparse,10,1.200000,1.500000,15,1184,1920,ga-timeline,curated,lexicographic,goal-priority,20260928,2,2,true,true,true,35,0,0,10,0,1551,0.807813,false,0.000000,0.397522,1.697818,60,40,2440,50779,true,0.346100,0.346100,0.346100,1.000000,0.249880,0.500000,0.124940,0.737198,0.300000,0.221160,1.000000,0.200000,0.200000,0.000000,0.500000,-0.000000,0.400000,0.500000,-0.200000,0.000000,0.100000,-0.000000
t10-d1.2-a1.5-sparse,10,1.200000,1.500000,15,1184,1920,ga-timeline,curated,lexicographic,goal-priority,20260929,2,2,true,true,true,39,0,0,10,0,1551,0.807813,false,0.000000,0.422569,1.485591,60,40,2440,79868,true,0.330363,0.330363,0.330363,1.000000,0.231880,0.500000,0.115940,0.714743,0.300000,0.214423,1.000000,0.200000,0.200000,0.000000,0.500000,-0.000000,0.400000,0.500000,-0.200000,0.000000,0.100000,-0.000000
t10-d1.2-a1.5-sparse,10,1.200000,1.500000,15,1184,1920,ga-timeline,curated-textbook,lexicographic,goal-priority,20260925,4,4,true,true,true,33,1,1,9,1,1396,0.727083,false,0.000000,0.175140,1.819571,60,40,2440,55097,true,0.229328,0.229328,0.229328,1.000000,0.208794,0.500000,0.104397,0.630833,0.300000,0.189250,1.000000,0.200000,0.200000,0.100000,0.500000,-0.050000,0.400000,0.500000,-0.200000,0.143192,0.100000,-0.014319
t10-d1.2-a1.5-sparse,10,1.200000,1.500000,15,1184,1920,ga-timeline,curated-textbook,lexicographic,goal-priority,20260926,4,4,true,true,true,33,1,1,9,1,1396,0.727083,false,0.000000,0.175140,1.819571,60,40,2440,51247,true,0.213126,0.213126,0.213126,1.000000,0.195340,0.500000,0.097670,0.587348,0.300000,0.176204,1.000000,0.200000,0.200000,0.100000,0.500000,-0.050000,0.400000,0.500000,-0.200000,0.107478,0.100000,-0.010748
t10-d1.2-a1.5-sparse,10,1.200000,1.500000,15,1184,1920,ga-timeline,curated-textbook,lexicographic,goal-priority,20260927,4,4,true,true,true,31,1,1,9,1,1396,0.727083,false,0.000000,0.175140,1.819571,60,40,2440,49328,true,0.229328,0.229328,0.229328,1.000000,0.208794,0.500000,0.104397,0.630833,0.300000,0.189250,1.000000,0.200000,0.200000,0.100000,0.500000,-0.050000,0.400000,0.500000,-0.200000,0.143192,0.100000,-0.014319
t10-d1.2-a1.5-sparse,10,1.200000,1.500000,15,1184,1920,ga-timeline,curated-textbook,lexicographic,goal-priority,20260928,4,4,true,true,true,30,1,1,9,1,1396,0.727083,false,0.000000,0.175140,1.819571,60,40,2440,48658,true,0.229328,0.229328,0.229328,1.000000,0.208794,0.500000,0.104397,0.630833,0.300000,0.189250,1.000000,0.200000,0.200000,0.100000,0.500000,-0.050000,0.400000,0.500000,-0.200000,0.143192,0.100000,-0.014319
t10-d1.2-a1.5-sparse,10,1.200000,1.500000,15,1184,1920,ga-timeline,curated-textbook,lexicographic,goal-priority,20260929,4,4,true,true,true,29,1,1,10,0,1551,0.807813,false,0.000000,0.160517,1.667654,60,40,2440,53379,true,0.285796,0.285796,0.285796,1.000000,0.213147,0.500000,0.106574,0.656762,0.300000,0.197029,1.000000,0.200000,0.200000,0.000000,0.500000,-0.000000,0.400000,0.500000,-0.200000,0.178058,0.100000,-0.017806
t10-d1.2-a1.5-sparse,10,1.200000,1.500000,15,1184,1920,ga-timeline,all,lexicographic,goal-priority,20260925,6,5,true,true,true,35,2,1,10,0,1551,0.807813,false,0.000000,0.160517,1.667654,60,40,2440,50042,true,0.261025,0.261025,0.261025,1.000000,0.199693,0.500000,0.099846,0.613277,0.300000,0.183983,1.000000,0.200000,0.200000,0.000000,0.500000,-0.000000,0.400000,0.500000,-0.200000,0.228046,0.100000,-0.022805
t10-d1.2-a1.5-sparse,10,1.200000,1.500000,15,1184,1920,ga-timeline,all,lexicographic,goal-priority,20260926,6,5,true,true,true,36,2,1,10,0,1551,0.807813,false,0.000000,0.160517,1.667654,60,40,2440,77279,true,0.261025,0.261025,0.261025,1.000000,0.199693,0.500000,0.099846,0.613277,0.300000,0.183983,1.000000,0.200000,0.200000,0.000000,0.500000,-0.000000,0.400000,0.500000,-0.200000,0.228046,0.100000,-0.022805
t10-d1.2-a1.5-sparse,10,1.200000,1.500000,15,1184,1920,ga-timeline,all,lexicographic,goal-priority,20260927,6,5,true,true,true,34,2,1,10,0,1551,0.807813,false,0.000000,0.160517,1.667654,60,40,2440,57768,true,0.261025,0.261025,0.261025,1.000000,0.199693,0.500000,0.099846,0.613277,0.300000,0.183983,1.000000,0.200000,0.200000,0.000000,0.500000,-0.000000,0.400000,0.500000,-0.200000,0.228046,0.100000,-0.022805
t10-d1.2-a1.5-sparse,10,1.200000,1.500000,15,1184,1920,ga-timeline,all,lexicographic,goal-priority,20260928,6,5,true,true,true,34,3,1,10,0,1551,0.807813,false,0.000000,0.160517,1.697818,60,40,2440,50999,true,0.307123,0.307123,0.307123,1.000000,0.231880,0.500000,0.115940,0.714743,0.300000,0.214423,1.000000,0.200000,0.200000,0.000000,0.500000,-0.000000,0.400000,0.500000,-0.200000,0.232399,0.100000,-0.023240
t10-d1.2-a1.5-sparse,10,1.200000,1.500000,15,1184,1920,ga-timeline,all,lexicographic,goal-priority,20260929,6,5,true,true,true,33,2,1,10,0,1551,0.807813,false,0.000000,0.368974,2.059790,60,40,2440,57947,true,0.217014,0.217014,0.217014,1.000000,0.147978,0.500000,0.073989,0.524881,0.300000,0.157464,1.000000,0.200000,0.200000,0.000000,0.500000,-0.000000,0.400000,0.500000,-0.200000,0.144395,0.100000,-0.014439
t10-d1.2-a1.5-sparse,10,1.200000,1.500000,15,1184,1920,ga-timeline,curated,weighted,goal-priority,20260925,2,2,true,true,true,34,0,,10,0,1551,0.807813,false,0.000000,0.356854,1.697818,60,40,2440,51763,true,0.546100,0.546100,0.546100,1.000000,0.249880,0.500000,0.124940,0.737198,0.300000,0.221160,1.000000,0.200000,0.200000,0.000000,0.500000,-0.000000,0.000000,0.500000,-0.000000,0.000000,0.100000,-0.000000
t10-d1.2-a1.5-sparse,10,1.200000,1.500000,15,1184,1920,ga-timeline,curated,weighted,goal-priority,20260926,2,2,true,true,true,36,0,,10,0,1551,0.807813,false,0.000000,0.397522,1.697818,60,40,2440,54068,true,0.546100,0.546100,0.546100,1.000000,0.249880,0.500000,0.124940,0.737198,0.300000,0.221160,1.000000,0.200000,0.200000,0.000000,0.500000,-0.000000,0.000000,0.500000,-0.000000,0.000000,0.100000,-0.000000
t10-d1.2-a1.5-sparse,10,1.200000,1.500000,15,1184,1920,ga-timeline,curated,weighted,goal-priority,20260927,2,2,true,true,true,38,0,,10,0,1551,0.807813,false,0.000000,0.266900,1.697818,60,40,2440,53125,true,0.546100,0.546100,0.546100,1.000000,0.249880,0.500000,0.124940,0.737198,0.300000,0.221160,1.000000,0.200000,0.200000,0.000000,0.500000,-0.000000,0.000000,0.500000,-0.000000,0.000000,0.100000,-0.000000
t10-d1.2-a1.5-sparse,10,1.200000,1.500000,15,1184,1920,ga-timeline,curated,weighted,goal-priority,20260928,2,2,true,true,true,35,0,,10,0,1551,0.807813,false,0.000000,0.397522,1.697818,60,40,2440,50430,true,0.546100,0.546100,0.546100,1.000000,0.249880,0.500000,0.124940,0.737198,0.300000,0.221160,1.000000,0.200000,0.200000,0.000000,0.500000,-0.000000,0.000000,0.500000,-0.000000,0.000000,0.100000,-0.000000
t10-d1.2-a1.5-sparse,10,1.200000,1.500000,15,1184,1920,ga-timeline,curated,weighted,goal-priority,20260929,2,2,true,true,true,39,0,,10,0,1551,0.807813,false,0.000000,0.422569,1.485591,60,40,2440,53379,true,0.530363,0.530363,0.530363,1.000000,0.231880,0.500000,0.115940,0.714743,0.300000,0.214423,1.000000,0.200000,0.200000,0.000000,0.500000,-0.000000,0.000000,0.500000,-0.000000,0.000000,0.100000,-0.000000
t10-d1.2-a1.5-sparse,10,1.200000,1.500000,15,1184,1920,ga-timeline,curated-textbook,weighted,goal-priority,20260925,4,4,true,true,true,33,2,,10,0,1551,0.807813,false,0.000000,0.160517,1.667654,60,40,2440,58490,true,0.519583,0.519583,0.519583,1.000000,0.231880,0.500000,0.115940,0.714743,0.300000,0.214423,1.000000,0.200000,0.200000,0.000000,0.500000,-0.000000,0.000000,0.500000,-0.000000,0.107800,0.100000,-0.010780
t10-d1.2-a1.5-sparse,10,1.200000,1.500000,15,1184,1920,ga-timeline,curated-textbook,weighted,goal-priority,20260926,4,4,true,true,true,33,2,,10,0,1551,0.807813,false,0.000000,0.160517,1.697818,60,40,2440,53631,true,0.519621,0.519621,0.519621,1.000000,0.231880,0.500000,0.115940,0.714743,0.300000,0.214423,1.000000,0.200000,0.200000,0.000000,0.500000,-0.000000,0.000000,0.500000,-0.000000,0.107416,0.100000,-0.010742
t10-d1.2-a1.5-sparse,10,1.200000,1.500000,15,1184,1920,ga-timeline,curated-textbook,weighted,goal-priority,20260927,4,4,true,true,true,31,2,,10,0,1551,0.807813,false,0.000000,0.160517,1.697818,60,40,2440,51124,true,0.516040,0.516040,0.516040,1.000000,0.231880,0.500000,0.115940,0.714743,0.300000,0.214423,1.000000,0.200000,0.200000,0.000000,0.500000,-0.000000,0.000000,0.500000,-0.000000,0.143229,0.100000,-0.014323
t10-d1.2-a1.5-sparse,10,1.200000,1.500000,15,1184,1920,ga-timeline,curated-textbook,weighted,goal-priority,20260928,4,4,true,true,true,30,2,,10,0,1551,0.807813,false,0.000000,0.160517,1.667654,60,40,2440,57594,true,0.519583,0.519583,0.519583,1.000000,0.231880,0.500000,0.115940,0.714743,0.300000,0.214423,1.000000,0.200000,0.200000,0.000000,0.500000,-0.000000,0.000000,0.500000,-0.000000,0.107800,0.100000,-0.010780
t10-d1.2-a1.5-sparse,10,1.200000,1.500000,15,1184,1920,ga-timeline,curated-textbook,weighted,goal-priority,20260929,4,4,true,true,true,29,2,,10,0,1551,0.807813,false,0.000000,0.160517,1.697818,60,40,2440,74899,true,0.509777,0.509777,0.509777,1.000000,0.231880,0.500000,0.115940,0.714743,0.300000,0.214423,1.000000,0.200000,0.200000,0.000000,0.500000,-0.000000,0.000000,0.500000,-0.000000,0.205862,0.100000,-0.020586
t10-d1.2-a1.5-sparse,10,1.200000,1.500000,15,1184,1920,ga-timeline,all,weighted,goal-priority,20260925,6,5,true,true,true,35,3,,10,0,1551,0.807813,false,0.000000,0.160517,1.697818,60,40,2440,46474,true,0.507162,0.507162,0.507162,1.000000,0.231880,0.500000,0.115940,0.714743,0.300000,0.214423,1.000000,0.200000,0.200000,0.000000,0.500000,-0.000000,0.000000,0.500000,-0.000000,0.232012,0.100000,-0.023201
t10-d1.2-a1.5-sparse,10,1.200000,1.500000,15,1184,1920,ga-timeline,all,weighted,goal-priority,20260926,6,5,true,true,true,36,3,,10,0,1551,0.807813,false,0.000000,0.160517,1.697818,60,40,2440,56598,true,0.507162,0.507162,0.507162,1.000000,0.231880,0.500000,0.115940,0.714743,0.300000,0.214423,1.000000,0.200000,0.200000,0.000000,0.500000,-0.000000,0.000000,0.500000,-0.000000,0.232012,0.100000,-0.023201
t10-d1.2-a1.5-sparse,10,1.200000,1.500000,15,1184,1920,ga-timeline,all,weighted,goal-priority,20260927,6,5,true,true,true,34,3,,10,0,1551,0.807813,false,0.000000,0.160517,1.697818,60,40,2440,50230,true,0.507162,0.507162,0.507162,1.000000,0.231880,0.500000,0.115940,0.714743,0.300000,0.214423,1.000000,0.200000,0.200000,0.000000,0.500000,-0.000000,0.000000,0.500000,-0.000000,0.232012,0.100000,-0.023201
t10-d1.2-a1.5-sparse,10,1.200000,1.500000,15,1184,1920,ga-timeline,all,weighted,goal-priority,20260928,6,5,true,true,true,34,4,,10,0,1551,0.807813,false,0.000000,0.160517,1.697818,60,40,2440,51501,true,0.507392,0.507392,0.507392,1.000000,0.231880,0.500000,0.115940,0.714743,0.300000,0.214423,1.000000,0.200000,0.200000,0.000000,0.500000,-0.000000,0.000000,0.500000,-0.000000,0.229704,0.100000,-0.022970
t10-d1.2-a1.5-sparse,10,1.200000,1.500000,15,1184,1920,ga-timeline,all,weighted,goal-priority,20260929,6,5,true,true,true,33,3,,10,0,1551,0.807813,false,0.000000,0.368974,2.059790,60,40,2440,50649,true,0.484878,0.484878,0.484878,1.000000,0.210166,0.500000,0.105083,0.655336,0.300000,0.196601,1.000000,0.200000,0.200000,0.000000,0.500000,-0.000000,0.000000,0.500000,-0.000000,0.168061,0.100000,-0.016806
t25-d0.4-a0.7-compact,25,0.400000,0.700000,8,2472,1920,ga,curated,lexicographic,goal-priority,20260925,2,2,true,true,true,1,1,0,16,9,1550,0.807292,false,0.000000,0.132194,1.581078,60,40,2440,5220,false,0.000000,-0.327355,0.000000,1.000000,0.094328,0.500000,0.047164,0.518271,0.300000,0.155481,1.000000,0.200000,0.200000,0.360000,0.500000,-0.180000,1.000000,0.500000,-0.500000,0.500000,0.100000,-0.050000
t25-d0.4-a0.7-compact,25,0.400000,0.700000,8,2472,1920,ga,curated,lexicographic,goal-priority,20260926,2,2,true,true,true,1,1,0,16,9,1550,0.807292,false,0.000000,0.132194,1.581078,60,40,2440,4859,false,0.000000,-0.327355,0.000000,1.000000,0.094328,0.500000,0.047164,0.518271,0.300000,0.155481,1.000000,0.200000,0.200000,0.360000,0.500000,-0.180000,1.000000,0.500000,-0.500000,0.500000,0.100000,-0.050000
t25-d0.4-a0.7-compact,25,0.400000,0.700000,8,2472,1920,ga,curated,lexicographic,goal-priority,20260927,2,2,true,true,true,1,1,0,16,9,1550,0.807292,false,0.000000,0.132194,1.581078,60,40,2440,4799,false,0.000000,-0.327355,0.000000,1.000000,0.094328,0.500000,0.047164,0.518271,0.300000,0.155481,1.000000,0.200000,0.200000,0.360000,0.500000,-0.180000,1.000000,0.500000,-0.500000,0.500000,0.100000,-0.050000
t25-d0.4-a0.7-compact,25,0.400000,0.700000,8,2472,1920,ga,curated,lexicographic,goal-priority,20260928,2,2,true,true,true,1,1,0,16,9,1550,0.807292,false,0.000000,0.132194,1.581078,60,40,2440,4833,false,0.000000,-0.327355,0.000000,1.000000,0.094328,0.500000,0.047164,0.518271,0.300000,0.155481,1.000000,0.200000,0.200000,0.360000,0.500000,-0.180000,1.000000,0.500000,-0.500000,0.500000,0.100000,-0.050000
t25-d0.4-a0.7-compact,25,0.400000,0.700000,8,2472,1920,ga,curated,lexicographic,goal-priority,20260929,2,2,true,true,true,1,1,0,16,9,1550,0.807292,false,0.000000,0.132194,1.581078,60,40,2440,5123,false,0.000000,-0.327355,0.000000,1.000000,0.094328,0.500000,0.047164,0.518271,0.300000,0.155481,1.000000,0.200000,0.200000,0.360000,0.500000,-0.180000,1.000000,0.500000,-0.500000,0.500000,0.100000,-0.050000
t25-d0.4-a0.7-compact,25,0.400000,0.700000,8,2472,1920,ga,curated-textbook,lexicographic,goal-priority,20260925,3,4,true,true,true,1,1,1,17,8,1621,0.844271,false,0.000000,0.129773,1.552116,60,40,2440,5127,false,0.000000,-0.267282,0.000000,1.000000,0.111158,0.500000,0.055579,0.540464,0.300000,0.162139,1.000000,0.200000,0.200000,0.320000,0.500000,-0.160000,1.000000,0.500000,-0.500000,0.250000,0.100000,-0.025000
t25-d0.4-a0.7-compact,25,0.400000,0.700000,8,2472,1920,ga,curated-textbook,lexicographic,goal-priority,20260926,3,4,true,true,true,1,1,1,17,8,1621,0.844271,false,0.000000,0.129773,1.552116,60,40,2440,4765,false,0.000000,-0.267282,0.000000,1.000000,0.111158,0.500000,0.055579,0.540464,0.300000,0.162139,1.000000,0.200000,0.200000,0.320000,0.500000,-0.160000,1.000000,0.500000,-0.500000,0.250000,0.100000,-0.025000
t25-d0.4-a0.7-compact,25,0.400000,0.700000,8,2472,1920,ga,curated-textbook,lexicographic,goal-priority,20260927,3,4,true,true,true,1,1,1,17,8,1621,0.844271,false,0.000000,0.129773,1.552116,60,40,2440,4695,false,0.000000,-0.267282,0.000000,1.000000,0.111158,0.500000,0.055579,0.540464,0.300000,0.162139,1.000000,0.200000,0.200000,0.320000,0.500000,-0.160000,1.000000,0.500000,-0.500000,0.250000,0.100000,-0.025000
t25-d0.4-a0.7-compact,25,0.400000,0.700000,8,2472,1920,ga,curated-textbook,lexicographic,goal-priority,20260928,3,4,true,true,true,1,1,1,17,8,1621,0.844271,false,0.000000,0.129773,1.552116,60,40,2440,5026,false,0.000000,-0.267282,0.000000,1.000000,0.111158,0.500000,0.055579,0.540464,0.300000,0.162139,1.000000,0.200000,0.200000,0.320000,0.500000,-0.160000,1.000000,0.500000,-0.500000,0.250000,0.100000,-0.025000
t25-d0.4-a0.7-compact,25,0.400000,0.700000,8,2472,1920,ga,curated-textbook,lexicographic,goal-priority,20260929,3,4,true,true,true,1,1,1,17,8,1621,0.844271,false,0.000000,0.129773,1.552116,60,40,2440,4641,false,0.000000,-0.267282,0.000000,1.000000,0.111158,0.500000,0.055579,0.540464,0.300000,0.162139,1.000000,0.200000,0.200000,0.320000,0.500000,-0.160000,1.000000,0.500000,-0.500000,0.250000,0.100000,-0.025000
t25-d0.4-a0.7-compact,25,0.400000,0.700000,8,2472,1920,ga,all,lexicographic,goal-priority,20260925,5,5,true,true,true,1,2,0,16,9,1550,0.807292,false,0.000000,0.132194,1.581078,60,40,2440,4897,false,0.000000,-0.317355,0.000000,1.000000,0.094328,0.500000,0.047164,0.518271,0.300000,0.155481,1.000000,0.200000,0.200000,0.360000,0.500000,-0.180000,1.000000,0.500000,-0.500000,0.400000,0.100000,-0.040000
t25-d0.4-a0.7-compact,25,0.400000,0.700000,8,2472,1920,ga,all,lexicographic,goal-priority,20260926,5,5,true,true,true,1,2,0,16,9,1550,0.807292,false,0.000000,0.132194,1.581078,60,40,2440,5289,false,0.000000,-0.317355,0.000000,1.000000,0.094328,0.500000,0.047164,0.518271,0.300000,0.155481,1.000000,0.200000,0.200000,0.360000,0.500000,-0.180000,1.000000,0.500000,-0.500000,0.400000,0.100000,-0.040000
t25-d0.4-a0.7-compact,25,0.400000,0.700000,8,2472,1920,ga,all,lexicographic,goal-priority,20260927,5,5,true,true,true,1,2,0,16,9,1550,0.807292,false,0.000000,0.132194,1.581078,60,40,2440,5262,false,0.000000,-0.317355,0.000000,1.000000,0.094328,0.500000,0.047164,0.518271,0.300000,0.155481,1.000000,0.200000,0.200000,0.360000,0.500000,-0.180000,1.000000,0.500000,-0.500000,0.400000,0.100000,-0.040000
t25-d0.4-a0.7-compact,25,0.400000,0.700000,8,2472,1920,ga,all,lexicographic,goal-priority,20260928,5,5,true,true,true,1,2,0,16,9,1550,0.807292,false,0.000000,0.132194,1.581078,60,40,2440,5066,false,0.000000,-0.317355,0.000000,1.000000,0.094328,0.500000,0.047164,0.518271,0.300000,0.155481,1.000000,0.200000,0.200000,0.360000,0.500000,-0.180000,1.000000,0.500000,-0.500000,0.400000,0.100000,-0.040000
t25-d0.4-a0.7-compact,25,0.400000,0.700000,8,2472,1920,ga,all,lexicographic,goal-priority,20260929,5,5,true,true,true,1,2,0,16,9,1550,0.807292,false,0.000000,0.132194,1.581078,60,40,2440,4822,false,0.000000,-0.317355,0.000000,1.000000,0.094328,0.500000,0.047164,0.518271,0.300000,0.155481,1.000000,0.200000,0.200000,0.360000,0.500000,-0.180000,1.000000,0.500000,-0.500000,0.400000,0.100000,-0.040000
t25-d0.4-a0.7-compact,25,0.400000,0.700000,8,2472,1920,ga,curated,weighted,goal-priority,20260925,2,2,true,true,true,1,1,,16,9,1550,0.807292,false,0.000000,0.132194,1.581078,60,40,2440,4731,false,0.000000,-0.327355,0.000000,1.000000,0.094328,0.500000,0.047164,0.518271,0.300000,0.155481,1.000000,0.200000,0.200000,0.360000,0.500000,-0.180000,1.000000,0.500000,-0.500000,0.500000,0.100000,-0.050000
t25-d0.4-a0.7-compact,25,0.400000,0.700000,8,2472,1920,ga,curated,weighted,goal-priority,20260926,2,2,true,true,true,1,1,,16,9,1550,0.807292,false,0.000000,0.132194,1.581078,60,40,2440,4732,false,0.000000,-0.327355,0.000000,1.000000,0.094328,0.500000,0.047164,0.518271,0.300000,0.155481,1.000000,0.200000,0.200000,0.360000,0.500000,-0.180000,1.000000,0.500000,-0.500000,0.500000,0.100000,-0.050000
t25-d0.4-a0.7-compact,25,0.400000,0.700000,8,2472,1920,ga,curated,weighted,goal-priority,20260927,2,2,true,true,true,1,1,,16,9,1550,0.807292,false,0.000000,0.132194,1.581078,60,40,2440,4731,false,0.000000,-0.327355,0.000000,1.000000,0.094328,0.500000,0.047164,0.518271,0.300000,0.155481,1.000000,0.200000,0.200000,0.360000,0.500000,-0.180000,1.000000,0.500000,-0.500000,0.500000,0.100000,-0.050000
t25-d0.4-a0.7-compact,25,0.400000,0.700000,8,2472,1920,ga,curated,weighted,goal-priority,20260928,2,2,true,true,true,1,1,,16,9,1550,0.807292,false,0.000000,0.132194,1.581078,60,40,2440,4674,false,0.000000,-0.327355,0.000000,1.000000,0.094328,0.500000,0.047164,0.518271,0.300000,0.155481,1.000000,0.200000,0.200000,0.360000,0.500000,-0.180000,1.000000,0.500000,-0.500000,0.500000,0.100000,-0.050000
t25-d0.4-a0.7-compact,25,0.400000,0.700000,8,2472,1920,ga,curated,weighted,goal-priority,20260929,2,2,true,true,true,1,1,,16,9,1550,0.807292,false,0.000000,0.132194,1.581078,60,40,2440,4754,false,0.000000,-0.327355,0.000000,1.000000,0.094328,0.500000,0.047164,0.518271,0.300000,0.155481,1.000000,0.200000,0.200000,0.360000,0.500000,-0.180000,1.000000,0.500000,-0.500000,0.500000,0.100000,-0.050000
t25-d0.4-a0.7-compact,25,0.400000,0.700000,8,2472,1920,ga,curated-textbook,weighted,goal-priority,20260925,3,4,true,true,true,1,2,,16,9,1550,0.807292,false,0.000000,0.132194,1.581078,60,40,2440,4732,false,0.000000,-0.327355,0.000000,1.000000,0.094328,0.500000,0.047164,0.518271,0.300000,0.155481,1.000000,0.200000,0.200000,0.360000,0.500000,-0.180000,1.000000,0.500000,-0.500000,0.500000,0.100000,-0.050000
t25-d0.4-a0.7-compact,25,0.400000,0.700000,8,2472,1920,ga,curated-textbook,weighted,goal-priority,20260926,3,4,true,true,true,1,2,,16,9,1550,0.807292,false,0.000000,0.132194,1.581078,60,40,2440,4777,false,0.000000,-0.327355,0.000000,1.000000,0.094328,0.500000,0.047164,0.518271,0.300000,0.155481,1.000000,0.200000,0.200000,0.360000,0.500000,-0.180000,1.000000,0.500000,-0.500000,0.500000,0.100000,-0.050000
t25-d0.4-a0.7-compact,25,0.400000,0.700000,8,2472,1920,ga,curated-textbook,weighted,goal-priority,20260927,3,4,true,true,true,1,2,,16,9,1550,0.807292,false,0.000000,0.132194,1.581078,60,40,2440,5272,false,0.000000,-0.327355,0.000000,1.000000,0.094328,0.500000,0.047164,0.518271,0.300000,0.155481,1.000000,0.200000,0.200000,0.360000,0.500000,-0.180000,1.000000,0.500000,-0.500000,0.500000,0.100000,-0.050000
t25-d0.4-a0.7-compact,25,0.400000,0.700000,8,2472,1920,ga,curated-textbook,weighted,goal-priority,20260928,3,4,true,true,true,1,2,,16,9,1550,0.807292,false,0.000000,0.132194,1.581078,60,40,2440,5031,false,0.000000,-0.327355,0.000000,1.000000,0.094328,0.500000,0.047164,0.518271,0.300000,0.155481,1.000000,0.200000,0.200000,0.360000,0.500000,-0.180000,1.000000,0.500000,-0.500000,0.500000,0.100000,-0.050000
t25-d0.4-a0.7-compact,25,0.400000,0.700000,8,2472,1920,ga,curated-textbook,weighted,goal-priority,20260929,3,4,true,true,true,1,2,,16,9,1550,0.807292,false,0.000000,0.132194,1.581078,60,40,2440,5105,false,0.000000,-0.327355,0.000000,1.000000,0.094328,0.500000,0.047164,0.518271,0.300000,0.155481,1.000000,0.200000,0.200000,0.360000,0.500000,-0.180000,1.000000,0.500000,-0.500000,0.500000,0.100000,-0.050000
t25-d0.4-a0.7-compact,25,0.400000,0.700000,8,2472,1920,ga,all,weighted,goal-priority,20260925,5,5,true,true,true,1,2,,16,9,1550,0.807292,false,0.000000,0.132194,1.581078,60,40,2440,5098,false,0.000000,-0.317355,0.000000,1.000000,0.094328,0.500000,0.047164,0.518271,0.300000,0.155481,1.000000,0.200000,0.200000,0.360000,0.500000,-0.180000,1.000000,0.500000,-0.500000,0.400000,0.100000,-0.040000
t25-d0.4-a0.7-compact,25,0.400000,0.700000,8,2472,1920,ga,all,weighted,goal-priority,20260926,5,5,true,true,true,1,2,,16,9,1550,0.807292,false,0.000000,0.132194,1.581078,60,40,2440,5082,false,0.000000,-0.317355,0.000000,1.000000,0.094328,0.500000,0.047164,0.518271,0.300000,0.155481,1.000000,0.200000,0.200000,0.360000,0.500000,-0.180000,1.000000,0.500000,-0.500000,0.400000,0.100000,-0.040000
t25-d0.4-a0.7-compact,25,0.400000,0.700000,8,2472,1920,ga,all,weighted,goal-priority,20260927,5,5,true,true,true,1,2,,16,9,1550,0.807292,false,0.000000,0.132194,1.581078,60,40,2440,5076,false,0.000000,-0.317355,0.000000,1.000000,0.094328,0.500000,0.047164,0.518271,0.300000,0.155481,1.000000,0.200000,0.200000,0.360000,0.500000,-0.180000,1.000000,0.500000,-0.500000,0.400000,0.100000,-0.040000
t25-d0.4-a0.7-compact,25,0.400000,0.700000,8,2472,1920,ga,all,weighted,goal-priority,20260928,5,5,true,true,true,1,2,,16,9,1550,0.807292,false,0.000000,0.132194,1.581078,60,40,2440,5172,false,0.000000,-0.317355,0.000000,1.000000,0.094328,0.500000,0.047164,0.518271,0.300000,0.155481,1.000000,0.200000,0.200000,0.360000,0.500000,-0.180000,1.000000,0.500000,-0.500000,0.400000,0.100000,-0.040000
t25-d0.4-a0.7-compact,25,0.400000,0.700000,8,2472,1920,ga,all,weighted,goal-priority,20260929,5,5,true,true,true,1,2,,16,9,1550,0.807292,false,0.000000,0.132194,1.581078,60,40,2440,5239,false,0.000000,-0.317355,0.000000,1.000000,0.094328,0.500000,0.047164,0.518271,0.300000,0.155481,1.000000,0.200000,0.200000,0.360000,0.500000,-0.180000,1.000000,0.500000,-0.500000,0.400000,0.100000,-0.040000
t25-d0.4-a0.7-compact,25,0.400000,0.700000,8,2472,1920,ga-timeline,curated,lexicographic,goal-priority,20260925,2,2,true,true,true,40,0,0,17,8,1719,0.895313,true,0.200000,0.322617,1.365670,60,40,2440,100297,true,0.000000,-0.261615,0.000000,1.000000,0.084911,0.500000,0.042455,0.653098,0.300000,0.195929,0.800000,0.200000,0.160000,0.320000,0.500000,-0.160000,1.000000,0.500000,-0.500000,0.000000,0.100000,-0.000000
t25-d0.4-a0.7-compact,25,0.400000,0.700000,8,2472,1920,ga-timeline,curated,lexicographic,goal-priority,20260926,2,2,true,true,true,39,0,1,17,8,1661,0.865104,true,0.129412,0.294229,1.322662,60,40,2440,91227,true,0.000000,-0.246208,0.000000,1.000000,0.097184,0.500000,0.048592,0.636939,0.300000,0.191082,0.870588,0.200000,0.174118,0.320000,0.500000,-0.160000,1.000000,0.500000,-0.500000,0.000000,0.100000,-0.000000
t25-d0.4-a0.7-compact,25,0.400000,0.700000,8,2472,1920,ga-timeline,curated,lexicographic,goal-priority,20260927,2,2,true,true,true,40,0,0,17,8,1719,0.895313,true,0.200000,0.296296,1.365670,60,40,2440,92921,true,0.000000,-0.261615,0.000000,1.000000,0.084911,0.500000,0.042455,0.653098,0.300000,0.195929,0.800000,0.200000,0.160000,0.320000,0.500000,-0.160000,1.000000,0.500000,-0.500000,0.000000,0.100000,-0.000000
t25-d0.4-a0.7-compact,25,0.400000,0.700000,8,2472,1920,ga-timeline,curated,lexicographic,goal-priority,20260928,2,2,true,true,true,40,0,0,17,8,1653,0.860938,true,0.200000,0.267785,1.400424,60,40,2440,129806,true,0.000000,-0.267784,0.000000,1.000000,0.081293,0.500000,0.040646,0.638566,0.300000,0.191570,0.800000,0.200000,0.160000,0.320000,0.500000,-0.160000,1.000000,0.500000,-0.500000,0.000000,0.100000,-0.000000
t25-d0.4-a0.7-compact,25,0.400000,0.700000,8,2472,1920,ga-timeline,curated,lexicographic,goal-priority,20260929,2,2,true,true,true,40,0,1,17,8,1661,0.865104,true,0.129412,0.317607,1.395114,60,40,2440,94927,true,0.000000,-0.246208,0.000000,1.000000,0.097184,0.500000,0.048592,0.636939,0.300000,0.191082,0.870588,0.200000,0.174118,0.320000,0.500000,-0.160000,1.000000,0.500000,-0.500000,0.000000,0.100000,-0.000000
t25-d0.4-a0.7-compact,25,0.400000,0.700000,8,2472,1920,ga-timeline,curated-textbook,lexicographic,goal-priority,20260925,3,4,true,true,true,40,0,3,16,9,1504,0.783333,true,0.175000,0.315400,1.346983,60,40,2440,93389,true,0.000000,-0.290399,0.000000,1.000000,0.080354,0.500000,0.040177,0.614746,0.300000,0.184424,0.825000,0.200000,0.165000,0.360000,0.500000,-0.180000,1.000000,0.500000,-0.500000,0.000000,0.100000,-0.000000
t25-d0.4-a0.7-compact,25,0.400000,0.700000,8,2472,1920,ga-timeline,curated-textbook,lexicographic,goal-priority,20260926,3,4,true,true,true,39,0,1,17,8,1661,0.865104,true,0.129412,0.328559,1.529907,60,40,2440,95221,true,0.000000,-0.246208,0.000000,1.000000,0.097184,0.500000,0.048592,0.636939,0.300000,0.191082,0.870588,0.200000,0.174118,0.320000,0.500000,-0.160000,1.000000,0.500000,-0.500000,0.000000,0.100000,-0.000000
t25-d0.4-a0.7-compact,25,0.400000,0.700000,8,2472,1920,ga-timeline,curated-textbook,lexicographic,goal-priority,20260927,3,4,true,true,true,40,0,3,16,9,1434,0.746875,true,0.125000,0.386667,1.621333,60,40,2440,95385,true,0.000000,-0.287324,0.000000,1.000000,0.079348,0.500000,0.039674,0.593338,0.300000,0.178001,0.875000,0.200000,0.175000,0.360000,0.500000,-0.180000,1.000000,0.500000,-0.500000,0.000000,0.100000,-0.000000
t25-d0.4-a0.7-compact,25,0.400000,0.700000,8,2472,1920,ga-timeline,curated-textbook,lexicographic,goal-priority,20260928,3,4,true,true,true,40,0,3,17,8,1723,0.897396,true,0.200000,0.295851,1.321569,60,40,2440,92164,true,0.000000,-0.267784,0.000000,1.000000,0.081293,0.500000,0.040646,0.638566,0.300000,0.191570,0.800000,0.200000,0.160000,0.320000,0.500000,-0.160000,1.000000,0.500000,-0.500000,0.000000,0.100000,-0.000000
t25-d0.4-a0.7-compact,25,0.400000,0.700000,8,2472,1920,ga-timeline,curated-textbook,lexicographic,goal-priority,20260929,3,4,true,true,true,40,0,2,17,8,1597,0.831771,true,0.152941,0.279464,1.473728,60,40,2440,95444,true,0.000000,-0.259128,0.000000,1.000000,0.082163,0.500000,0.041082,0.634596,0.300000,0.190379,0.847059,0.200000,0.169412,0.320000,0.500000,-0.160000,1.000000,0.500000,-0.500000,0.000000,0.100000,-0.000000
t25-d0.4-a0.7-compact,25,0.400000,0.700000,8,2472,1920,ga-timeline,all,lexicographic,goal-priority,20260925,5,5,true,true,true,40,1,2,16,9,1649,0.858854,true,0.250000,0.242476,1.376000,60,40,2440,97720,true,0.000000,-0.343836,0.000000,1.000000,0.057227,0.500000,0.028613,0.591837,0.300000,0.177551,0.750000,0.200000,0.150000,0.360000,0.500000,-0.180000,1.000000,0.500000,-0.500000,0.200000,0.100000,-0.020000
t25-d0.4-a0.7-compact,25,0.400000,0.700000,8,2472,1920,ga-timeline,all,lexicographic,goal-priority,20260926,5,5,true,true,true,40,1,1,17,8,1675,0.872396,true,0.223529,0.293851,1.370049,60,40,2440,98945,true,0.000000,-0.300703,0.000000,1.000000,0.066272,0.500000,0.033136,0.636223,0.300000,0.190867,0.776471,0.200000,0.155294,0.320000,0.500000,-0.160000,1.000000,0.500000,-0.500000,0.200000,0.100000,-0.020000
t25-d0.4-a0.7-compact,25,0.400000,0.700000,8,2472,1920,ga-timeline,all,lexicographic,goal-priority,20260927,5,5,true,true,true,40,1,1,16,9,1567,0.816146,true,0.175000,0.326722,1.426317,60,40,2440,92800,true,0.000000,-0.307389,0.000000,1.000000,0.074860,0.500000,0.037430,0.587303,0.300000,0.176191,0.825000,0.200000,0.165000,0.360000,0.500000,-0.180000,1.000000,0.500000,-0.500000,0.060099,0.100000,-0.006010
t25-d0.4-a0.7-compact,25,0.400000,0.700000,8,2472,1920,ga-timeline,all,lexicographic,goal-priority,20260928,5,5,true,true,true,40,0,1,17,8,1653,0.860938,true,0.200000,0.277039,1.270869,60,40,2440,97768,true,0.000000,-0.267784,0.000000,1.000000,0.081293,0.500000,0.040646,0.638566,0.300000,0.191570,0.800000,0.200000,0.160000,0.320000,0.500000,-0.160000,1.000000,0.500000,-0.500000,0.000000,0.100000,-0.000000
t25-d0.4-a0.7-compact,25,0.400000,0.700000,8,2472,1920,ga-timeline,all,lexicographic,goal-priority,20260929,5,5,true,true,true,40,1,1,17,8,1653,0.860938,true,0.200000,0.300752,1.400424,60,40,2440,91073,true,0.000000,-0.270755,0.000000,1.000000,0.081293,0.500000,0.040646,0.638566,0.300000,0.191570,0.800000,0.200000,0.160000,0.320000,0.500000,-0.160000,1.000000,0.500000,-0.500000,0.029716,0.100000,-0.002972
t25-d0.4-a0.7-compact,25,0.400000,0.700000,8,2472,1920,ga-timeline,curated,weighted,goal-priority,20260925,2,2,true,true,true,40,0,,17,8,1719,0.895313,true,0.200000,0.322617,1.365670,60,40,2440,86817,true,0.078385,0.078385,0.078385,1.000000,0.084911,0.500000,0.042455,0.653098,0.300000,0.195929,0.800000,0.200000,0.160000,0.320000,0.500000,-0.160000,0.320000,0.500000,-0.160000,0.000000,0.100000,-0.000000
t25-d0.4-a0.7-compact,25,0.400000,0.700000,8,2472,1920,ga-timeline,curated,weighted,goal-priority,20260926,2,2,true,true,true,39,1,,17,8,1661,0.865104,true,0.129412,0.294229,1.322662,60,40,2440,69749,true,0.073792,0.073792,0.073792,1.000000,0.097184,0.500000,0.048592,0.636939,0.300000,0.191082,0.870588,0.200000,0.174118,0.320000,0.500000,-0.160000,0.360000,0.500000,-0.180000,0.000000,0.100000,-0.000000
t25-d0.4-a0.7-compact,25,0.400000,0.700000,8,2472,1920,ga-timeline,curated,weighted,goal-priority,20260927,2,2,true,true,true,40,0,,17,8,1719,0.895313,true,0.200000,0.296296,1.365670,60,40,2440,75536,true,0.078385,0.078385,0.078385,1.000000,0.084911,0.500000,0.042455,0.653098,0.300000,0.195929,0.800000,0.200000,0.160000,0.320000,0.500000,-0.160000,0.320000,0.500000,-0.160000,0.000000,0.100000,-0.000000
t25-d0.4-a0.7-compact,25,0.400000,0.700000,8,2472,1920,ga-timeline,curated,weighted,goal-priority,20260928,2,2,true,true,true,40,0,,17,8,1653,0.860938,true,0.200000,0.267785,1.400424,60,40,2440,90641,true,0.072216,0.072216,0.072216,1.000000,0.081293,0.500000,0.040646,0.638566,0.300000,0.191570,0.800000,0.200000,0.160000,0.320000,0.500000,-0.160000,0.320000,0.500000,-0.160000,0.000000,0.100000,-0.000000
t25-d0.4-a0.7-compact,25,0.400000,0.700000,8,2472,1920,ga-timeline,curated,weighted,goal-priority,20260929,2,2,true,true,true,40,1,,17,8,1661,0.865104,true,0.129412,0.317607,1.395114,60,40,2440,93608,true,0.073792,0.073792,0.073792,1.000000,0.097184,0.500000,0.048592,0.636939,0.300000,0.191082,0.870588,0.200000,0.174118,0.320000,0.500000,-0.160000,0.360000,0.500000,-0.180000,0.000000,0.100000,-0.000000
t25-d0.4-a0.7-compact,25,0.400000,0.700000,8,2472,1920,ga-timeline,curated-textbook,weighted,goal-priority,20260925,3,4,true,true,true,40,3,,17,8,1661,0.865104,true,0.129412,0.304971,1.349621,60,40,2440,91618,true,0.066396,0.066396,0.066396,1.000000,0.097184,0.500000,0.048592,0.636939,0.300000,0.191082,0.870588,0.200000,0.174118,0.320000,0.500000,-0.160000,0.360000,0.500000,-0.180000,0.073958,0.100000,-0.007396
t25-d0.4-a0.7-compact,25,0.400000,0.700000,8,2472,1920,ga-timeline,curated-textbook,weighted,goal-priority,20260926,3,4,true,true,true,39,1,,17,8,1661,0.865104,true,0.129412,0.328559,1.529907,60,40,2440,91987,true,0.073792,0.073792,0.073792,1.000000,0.097184,0.500000,0.048592,0.636939,0.300000,0.191082,0.870588,0.200000,0.174118,0.320000,0.500000,-0.160000,0.360000,0.500000,-0.180000,0.000000,0.100000,-0.000000
t25-d0.4-a0.7-compact,25,0.400000,0.700000,8,2472,1920,ga-timeline,curated-textbook,weighted,goal-priority,20260927,3,4,true,true,true,40,3,,17,8,1597,0.831771,true,0.152941,0.333892,1.400042,60,40,2440,109980,true,0.073511,0.073511,0.073511,1.000000,0.082163,0.500000,0.041082,0.634596,0.300000,0.190379,0.847059,0.200000,0.169412,0.320000,0.500000,-0.160000,0.320000,0.500000,-0.160000,0.073611,0.100000,-0.007361
t25-d0.4-a0.7-compact,25,0.400000,0.700000,8,2472,1920,ga-timeline,curated-textbook,weighted,goal-priority,20260928,3,4,true,true,true,40,3,,18,7,1793,0.933854,true,0.088889,0.318384,1.422222,60,40,2440,85653,true,0.083315,0.083315,0.083315,1.000000,0.107282,0.500000,0.053641,0.654130,0.300000,0.196239,0.911111,0.200000,0.182222,0.280000,0.500000,-0.140000,0.360000,0.500000,-0.180000,0.287877,0.100000,-0.028788
t25-d0.4-a0.7-compact,25,0.400000,0.700000,8,2472,1920,ga-timeline,curated-textbook,weighted,goal-priority,20260929,3,4,true,true,true,40,2,,17,8,1597,0.831771,true,0.152941,0.279464,1.473728,60,40,2440,128565,true,0.077618,0.077618,0.077618,1.000000,0.082163,0.500000,0.041082,0.634596,0.300000,0.190379,0.847059,0.200000,0.169412,0.320000,0.500000,-0.160000,0.320000,0.500000,-0.160000,0.032538,0.100000,-0.003254
t25-d0.4-a0.7-compact,25,0.400000,0.700000,8,2472,1920,ga-timeline,all,weighted,goal-priority,20260925,5,5,true,true,true,40,3,,18,7,1815,0.945313,true,0.111111,0.334057,1.426259,60,40,2440,89609,true,0.045190,0.045190,0.045190,1.000000,0.092261,0.500000,0.046131,0.651787,0.300000,0.195536,0.888889,0.200000,0.177778,0.280000,0.500000,-0.140000,0.360000,0.500000,-0.180000,0.542542,0.100000,-0.054254
t25-d0.4-a0.7-compact,25,0.400000,0.700000,8,2472,1920,ga-timeline,all,weighted,goal-priority,20260926,5,5,true,true,true,40,2,,17,8,1675,0.872396,true,0.223529,0.293851,1.249340,60,40,2440,96952,true,0.030946,0.030946,0.030946,1.000000,0.066272,0.500000,0.033136,0.636223,0.300000,0.190867,0.776471,0.200000,0.155294,0.320000,0.500000,-0.160000,0.320000,0.500000,-0.160000,0.283512,0.100000,-0.028351
t25-d0.4-a0.7-compact,25,0.400000,0.700000,8,2472,1920,ga-timeline,all,weighted,goal-priority,20260927,5,5,true,true,true,40,2,,17,8,1649,0.858854,true,0.152941,0.315681,1.378117,60,40,2440,89507,true,0.035120,0.035120,0.035120,1.000000,0.083905,0.500000,0.041952,0.631690,0.300000,0.189507,0.847059,0.200000,0.169412,0.320000,0.500000,-0.160000,0.360000,0.500000,-0.180000,0.257505,0.100000,-0.025751
t25-d0.4-a0.7-compact,25,0.400000,0.700000,8,2472,1920,ga-timeline,all,weighted,goal-priority,20260928,5,5,true,true,true,40,1,,17,8,1653,0.860938,true,0.200000,0.277039,1.210719,60,40,2440,89528,true,0.043828,0.043828,0.043828,1.000000,0.081293,0.500000,0.040646,0.638566,0.300000,0.191570,0.800000,0.200000,0.160000,0.320000,0.500000,-0.160000,0.360000,0.500000,-0.180000,0.083885,0.100000,-0.008388
t25-d0.4-a0.7-compact,25,0.400000,0.700000,8,2472,1920,ga-timeline,all,weighted,goal-priority,20260929,5,5,true,true,true,40,2,,18,7,1746,0.909375,true,0.177778,0.319375,1.351945,60,40,2440,101245,true,0.086812,0.086812,0.086812,1.000000,0.083102,0.500000,0.041551,0.658416,0.300000,0.197525,0.822222,0.200000,0.164444,0.280000,0.500000,-0.140000,0.320000,0.500000,-0.160000,0.167079,0.100000,-0.016708
t25-d0.4-a0.7-sparse,25,0.400000,0.700000,13,2286,1680,ga,curated,lexicographic,goal-priority,20260925,2,2,true,true,true,1,0,1,15,10,1317,0.783929,false,0.000000,0.257763,1.574314,60,40,2440,5395,false,0.000000,-0.349118,0.000000,1.000000,0.089636,0.500000,0.044818,0.353545,0.300000,0.106064,1.000000,0.200000,0.200000,0.400000,0.500000,-0.200000,1.000000,0.500000,-0.500000,0.000000,0.100000,-0.000000
t25-d0.4-a0.7-sparse,25,0.400000,0.700000,13,2286,1680,ga,curated,lexicographic,goal-priority,20260926,2,2,true,true,true,1,0,1,15,10,1317,0.783929,false,0.000000,0.257763,1.574314,60,40,2440,5066,false,0.000000,-0.349118,0.000000,1.000000,0.089636,0.500000,0.044818,0.353545,0.300000,0.106064,1.000000,0.200000,0.200000,0.400000,0.500000,-0.200000,1.000000,0.500000,-0.500000,0.000000,0.100000,-0.000000
t25-d0.4-a0.7-sparse,25,0.400000,0.700000,13,2286,1680,ga,curated,lexicographic,goal-priority,20260927,2,2,true,true,true,1,0,1,15,10,1317,0.783929,false,0.000000,0.257763,1.574314,60,40,2440,5181,false,0.000000,-0.349118,0.000000,1.000000,0.089636,0.500000,0.044818,0.353545,0.300000,0.106064,1.000000,0.200000,0.200000,0.400000,0.500000,-0.200000,1.000000,0.500000,-0.500000,0.000000,0.100000,-0.000000
t25-d0.4-a0.7-sparse,25,0.400000,0.700000,13,2286,1680,ga,curated,lexicographic,goal-priority,20260928,2,2,true,true,true,1,0,1,15,10,1317,0.783929,false,0.000000,0.257763,1.574314,60,40,2440,5076,false,0.000000,-0.349118,0.000000,1.000000,0.089636,0.500000,0.044818,0.353545,0.300000,0.106064,1.000000,0.200000,0.200000,0.400000,0.500000,-0.200000,1.000000,0.500000,-0.500000,0.000000,0.100000,-0.000000
t25-d0.4-a0.7-sparse,25,0.400000,0.700000,13,2286,1680,ga,curated,lexicographic,goal-priority,20260929,2,2,true,true,true,1,0,1,15,10,1317,0.783929,false,0.000000,0.257763,1.574314,60,40,2440,5293,false,0.000000,-0.349118,0.000000,1.000000,0.089636,0.500000,0.044818,0.353545,0.300000,0.106064,1.000000,0.200000,0.200000,0.400000,0.500000,-0.200000,1.000000,0.500000,-0.500000,0.000000,0.100000,-0.000000
t25-d0.4-a0.7-sparse,25,0.400000,0.700000,13,2286,1680,ga,curated-textbook,lexicographic,goal-priority,20260925,3,3,true,true,true,1,1,0,15,10,1317,0.783929,false,0.000000,0.257763,1.574314,60,40,2440,5859,false,0.000000,-0.349118,0.000000,1.000000,0.089636,0.500000,0.044818,0.353545,0.300000,0.106064,1.000000,0.200000,0.200000,0.400000,0.500000,-0.200000,1.000000,0.500000,-0.500000,0.000000,0.100000,-0.000000
t25-d0.4-a0.7-sparse,25,0.400000,0.700000,13,2286,1680,ga,curated-textbook,lexicographic,goal-priority,20260926,3,3,true,true,true,1,1,0,15,10,1317,0.783929,false,0.000000,0.257763,1.574314,60,40,2440,6189,false,0.000000,-0.349118,0.000000,1.000000,0.089636,0.500000,0.044818,0.353545,0.300000,0.106064,1.000000,0.200000,0.200000,0.400000,0.500000,-0.200000,1.000000,0.500000,-0.500000,0.000000,0.100000,-0.000000
t25-d0.4-a0.7-sparse,25,0.400000,0.700000,13,2286,1680,ga,curated-textbook,lexicographic,goal-priority,20260927,3,3,true,true,true,1,1,0,15,10,1317,0.783929,false,0.000000,0.257763,1.574314,60,40,2440,4991,false,0.000000,-0.349118,0.000000,1.000000,0.089636,0.500000,0.044818,0.353545,0.300000,0.106064,1.000000,0.200000,0.200000,0.400000,0.500000,-0.200000,1.000000,0.500000,-0.500000,0.000000,0.100000,-0.000000
t25-d0.4-a0.7-sparse,25,0.400000,0.700000,13,2286,1680,ga,curated-textbook,lexicographic,goal-priority,20260928,3,3,true,true,true,1,1,0,15,10,1317,0.783929,false,0.000000,0.257763,1.574314,60,40,2440,5257,false,0.000000,-0.349118,0.000000,1.000000,0.089636,0.500000,0.044818,0.353545,0.300000,0.106064,1.000000,0.200000,0.200000,0.400000,0.500000,-0.200000,1.000000,0.500000,-0.500000,0.000000,0.100000,-0.000000
t25-d0.4-a0.7-sparse,25,0.400000,0.700000,13,2286,1680,ga,curated-textbook,lexicographic,goal-priority,20260929,3,3,true,true,true,1,1,0,15,10,1317,0.783929,false,0.000000,0.257763,1.574314,60,40,2440,5199,false,0.000000,-0.349118,0.000000,1.000000,0.089636,0.500000,0.044818,0.353545,0.300000,0.106064,1.000000,0.200000,0.200000,0.400000,0.500000,-0.200000,1.000000,0.500000,-0.500000,0.000000,0.100000,-0.000000
t25-d0.4-a0.7-sparse,25,0.400000,0.700000,13,2286,1680,ga,all,lexicographic,goal-priority,20260925,5,4,true,true,true,1,1,0,15,10,1317,0.783929,false,0.000000,0.257763,1.574314,60,40,2440,6027,false,0.000000,-0.349118,0.000000,1.000000,0.089636,0.500000,0.044818,0.353545,0.300000,0.106064,1.000000,0.200000,0.200000,0.400000,0.500000,-0.200000,1.000000,0.500000,-0.500000,0.000000,0.100000,-0.000000
t25-d0.4-a0.7-sparse,25,0.400000,0.700000,13,2286,1680,ga,all,lexicographic,goal-priority,20260926,5,4,true,true,true,1,1,0,15,10,1317,0.783929,false,0.000000,0.257763,1.574314,60,40,2440,5027,false,0.000000,-0.349118,0.000000,1.000000,0.089636,0.500000,0.044818,0.353545,0.300000,0.106064,1.000000,0.200000,0.200000,0.400000,0.500000,-0.200000,1.000000,0.500000,-0.500000,0.000000,0.100000,-0.000000
t25-d0.4-a0.7-sparse,25,0.400000,0.700000,13,2286,1680,ga,all,lexicographic,goal-priority,20260927,5,4,true,true,true,1,1,0,15,10,1317,0.783929,false,0.000000,0.257763,1.574314,60,40,2440,5017,false,0.000000,-0.349118,0.000000,1.000000,0.089636,0.500000,0.044818,0.353545,0.300000,0.106064,1.000000,0.200000,0.200000,0.400000,0.500000,-0.200000,1.000000,0.500000,-0.500000,0.000000,0.100000,-0.000000
t25-d0.4-a0.7-sparse,25,0.400000,0.700000,13,2286,1680,ga,all,lexicographic,goal-priority,20260928,5,4,true,true,true,1,1,0,15,10,1317,0.783929,false,0.000000,0.257763,1.574314,60,40,2440,4928,false,0.000000,-0.349118,0.000000,1.000000,0.089636,0.500000,0.044818,0.353545,0.300000,0.106064,1.000000,0.200000,0.200000,0.400000,0.500000,-0.200000,1.000000,0.500000,-0.500000,0.000000,0.100000,-0.000000
t25-d0.4-a0.7-sparse,25,0.400000,0.700000,13,2286,1680,ga,all,lexicographic,goal-priority,20260929,5,4,true,true,true,1,1,0,15,10,1317,0.783929,false,0.000000,0.257763,1.574314,60,40,2440,5131,false,0.000000,-0.349118,0.000000,1.000000,0.089636,0.500000,0.044818,0.353545,0.300000,0.106064,1.000000,0.200000,0.200000,0.400000,0.500000,-0.200000,1.000000,0.500000,-0.500000,0.000000,0.100000,-0.000000
t25-d0.4-a0.7-sparse,25,0.400000,0.700000,13,2286,1680,ga,curated,weighted,goal-priority,20260925,2,2,true,true,true,1,1,,15,10,1317,0.783929,false,0.000000,0.257763,1.574314,60,40,2440,5035,false,0.000000,-0.349118,0.000000,1.000000,0.089636,0.500000,0.044818,0.353545,0.300000,0.106064,1.000000,0.200000,0.200000,0.400000,0.500000,-0.200000,1.000000,0.500000,-0.500000,0.000000,0.100000,-0.000000
t25-d0.4-a0.7-sparse,25,0.400000,0.700000,13,2286,1680,ga,curated,weighted,goal-priority,20260926,2,2,true,true,true,1,1,,15,10,1317,0.783929,false,0.000000,0.257763,1.574314,60,40,2440,4994,false,0.000000,-0.349118,0.000000,1.000000,0.089636,0.500000,0.044818,0.353545,0.300000,0.106064,1.000000,0.200000,0.200000,0.400000,0.500000,-0.200000,1.000000,0.500000,-0.500000,0.000000,0.100000,-0.000000
t25-d0.4-a0.7-sparse,25,0.400000,0.700000,13,2286,1680,ga,curated,weighted,goal-priority,20260927,2,2,true,true,true,1,1,,15,10,1317,0.783929,false,0.000000,0.257763,1.574314,60,40,2440,5013,false,0.000000,-0.349118,0.000000,1.000000,0.089636,0.500000,0.044818,0.353545,0.300000,0.106064,1.000000,0.200000,0.200000,0.400000,0.500000,-0.200000,1.000000,0.500000,-0.500000,0.000000,0.100000,-0.000000
t25-d0.4-a0.7-sparse,25,0.400000,0.700000,13,2286,1680,ga,curated,weighted,goal-priority,20260928,2,2,true,true,true,1,1,,15,10,1317,0.783929,false,0.000000,0.257763,1.574314,60,40,2440,5351,false,0.000000,-0.349118,0.000000,1.000000,0.089636,0.500000,0.044818,0.353545,0.300000,0.106064,1.000000,0.200000,0.200000,0.400000,0.500000,-0.200000,1.000000,0.500000,-0.500000,0.000000,0.100000,-0.000000
t25-d0.4-a0.7-sparse,25,0.400000,0.700000,13,2286,1680,ga,curated,weighted,goal-priority,20260929,2,2,true,true,true,1,1,,15,10,1317,0.783929,false,0.000000,0.257763,1.574314,60,40,2440,4987,false,0.000000,-0.349118,0.000000,1.000000,0.089636,0.500000,0.044818,0.353545,0.300000,0.106064,1.000000,0.200000,0.200000,0.400000,0.500000,-0.200000,1.000000,0.500000,-0.500000,0.000000,0.100000,-0.000000
t25-d0.4-a0.7-sparse,25,0.400000,0.700000,13,2286,1680,ga,curated-textbook,weighted,goal-priority,20260925,3,3,true,true,true,1,1,,15,10,1317,0.783929,false,0.000000,0.257763,1.574314,60,40,2440,4925,false,0.000000,-0.349118,0.000000,1.000000,0.089636,0.500000,0.044818,0.353545,0.300000,0.106064,1.000000,0.200000,0.200000,0.400000,0.500000,-0.200000,1.000000,0.500000,-0.500000,0.000000,0.100000,-0.000000
t25-d0.4-a0.7-sparse,25,0.400000,0.700000,13,2286,1680,ga,curated-textbook,weighted,goal-priority,20260926,3,3,true,true,true,1,1,,15,10,1317,0.783929,false,0.000000,0.257763,1.574314,60,40,2440,4965,false,0.000000,-0.349118,0.000000,1.000000,0.089636,0.500000,0.044818,0.353545,0.300000,0.106064,1.000000,0.200000,0.200000,0.400000,0.500000,-0.200000,1.000000,0.500000,-0.500000,0.000000,0.100000,-0.000000
t25-d0.4-a0.7-sparse,25,0.400000,0.700000,13,2286,1680,ga,curated-textbook,weighted,goal-priority,20260927,3,3,true,true,true,1,1,,15,10,1317,0.783929,false,0.000000,0.257763,1.574314,60,40,2440,4966,false,0.000000,-0.349118,0.000000,1.000000,0.089636,0.500000,0.044818,0.353545,0.300000,0.106064,1.000000,0.200000,0.200000,0.400000,0.500000,-0.200000,1.000000,0.500000,-0.500000,0.000000,0.100000,-0.000000
t25-d0.4-a0.7-sparse,25,0.400000,0.700000,13,2286,1680,ga,curated-textbook,weighted,goal-priority,20260928,3,3,true,true,true,1,1,,15,10,1317,0.783929,false,0.000000,0.257763,1.574314,60,40,2440,5103,false,0.000000,-0.349118,0.000000,1.000000,0.089636,0.500000,0.044818,0.353545,0.300000,0.106064,1.000000,0.200000,0.200000,0.400000,0.500000,-0.200000,1.000000,0.500000,-0.500000,0.000000,0.100000,-0.000000
t25-d0.4-a0.7-sparse,25,0.400000,0.700000,13,2286,1680,ga,curated-textbook,weighted,goal-priority,20260929,3,3,true,true,true,1,1,,15,10,1317,0.783929,false,0.000000,0.257763,1.574314,60,40,2440,5025,false,0.000000,-0.349118,0.000000,1.000000,0.089636,0.500000,0.044818,0.353545,0.300000,0.106064,1.000000,0.200000,0.200000,0.400000,0.500000,-0.200000,1.000000,0.500000,-0.500000,0.000000,0.100000,-0.000000
t25-d0.4-a0.7-sparse,25,0.400000,0.700000,13,2286,1680,ga,all,weighted,goal-priority,20260925,5,4,true,true,true,1,1,,15,10,1317,0.783929,false,0.000000,0.257763,1.574314,60,40,2440,4977,false,0.000000,-0.349118,0.000000,1.000000,0.089636,0.500000,0.044818,0.353545,0.300000,0.106064,1.000000,0.200000,0.200000,0.400000,0.500000,-0.200000,1.000000,0.500000,-0.500000,0.000000,0.100000,-0.000000
t25-d0.4-a0.7-sparse,25,0.400000,0.700000,13,2286,1680,ga,all,weighted,goal-priority,20260926,5,4,true,true,true,1,1,,15,10,1317,0.783929,false,0.000000,0.257763,1.574314,60,40,2440,4927,false,0.000000,-0.349118,0.000000,1.000000,0.089636,0.500000,0.044818,0.353545,0.300000,0.106064,1.000000,0.200000,0.200000,0.400000,0.500000,-0.200000,1.000000,0.500000,-0.500000,0.000000,0.100000,-0.000000
t25-d0.4-a0.7-sparse,25,0.400000,0.700000,13,2286,1680,ga,all,weighted,goal-priority,20260927,5,4,true,true,true,1,1,,15,10,1317,0.783929,false,0.000000,0.257763,1.574314,60,40,2440,4996,false,0.000000,-0.349118,0.000000,1.000000,0.089636,0.500000,0.044818,0.353545,0.300000,0.106064,1.000000,0.200000,0.200000,0.400000,0.500000,-0.200000,1.000000,0.500000,-0.500000,0.000000,0.100000,-0.000000
t25-d0.4-a0.7-sparse,25,0.400000,0.700000,13,2286,1680,ga,all,weighted,goal-priority,20260928,5,4,true,true,true,1,1,,15,10,1317,0.783929,false,0.000000,0.257763,1.574314,60,40,2440,5045,false,0.000000,-0.349118,0.000000,1.000000,0.089636,0.500000,0.044818,0.353545,0.300000,0.106064,1.000000,0.200000,0.200000,0.400000,0.500000,-0.200000,1.000000,0.500000,-0.500000,0.000000,0.100000,-0.000000
t25-d0.4-a0.7-sparse,25,0.400000,0.700000,13,2286,1680,ga,all,weighted,goal-priority,20260929,5,4,true,true,true,1,1,,15,10,1317,0.783929,false,0.000000,0.257763,1.574314,60,40,2440,4984,false,0.000000,-0.349118,0.000000,1.000000,0.089636,0.500000,0.044818,0.353545,0.300000,0.106064,1.000000,0.200000,0.200000,0.400000,0.500000,-0.200000,1.000000,0.500000,-0.500000,0.000000,0.100000,-0.000000
t25-d0.4-a0.7-sparse,25,0.400000,0.700000,13,2286,1680,ga-timeline,curated,lexicographic,goal-priority,20260925,2,2,true,true,true,40,0,1,18,7,1593,0.948214,true,0.083333,0.335178,1.418174,60,40,2440,92435,true,0.000000,-0.251041,0.000000,1.000000,0.094505,0.500000,0.047252,0.527910,0.300000,0.158373,0.916667,0.200000,0.183333,0.280000,0.500000,-0.140000,1.000000,0.500000,-0.500000,0.000000,0.100000,-0.000000
t25-d0.4-a0.7-sparse,25,0.400000,0.700000,13,2286,1680,ga-timeline,curated,lexicographic,goal-priority,20260926,2,2,true,true,true,40,0,2,18,7,1535,0.913690,true,0.062500,0.369153,1.353045,60,40,2440,90264,true,0.000000,-0.251369,0.000000,1.000000,0.095558,0.500000,0.047779,0.511174,0.300000,0.153352,0.937500,0.200000,0.187500,0.280000,0.500000,-0.140000,1.000000,0.500000,-0.500000,0.000000,0.100000,-0.000000
t25-d0.4-a0.7-sparse,25,0.400000,0.700000,13,2286,1680,ga-timeline,curated,lexicographic,goal-priority,20260927,2,2,true,true,true,40,0,2,15,10,1367,0.813690,true,0.150000,0.307007,1.253340,60,40,2440,91455,true,0.000000,-0.361329,0.000000,1.000000,0.066068,0.500000,0.033034,0.452122,0.300000,0.135637,0.850000,0.200000,0.170000,0.400000,0.500000,-0.200000,1.000000,0.500000,-0.500000,0.000000,0.100000,-0.000000
t25-d0.4-a0.7-sparse,25,0.400000,0.700000,13,2286,1680,ga-timeline,curated,lexicographic,goal-priority,20260928,2,2,true,true,true,40,0,2,13,12,1333,0.793452,true,0.125000,0.376392,1.420440,60,40,2440,92369,true,0.000000,-0.411232,0.000000,1.000000,0.072847,0.500000,0.036424,0.391148,0.300000,0.117344,0.875000,0.200000,0.175000,0.480000,0.500000,-0.240000,1.000000,0.500000,-0.500000,0.000000,0.100000,-0.000000
t25-d0.4-a0.7-sparse,25,0.400000,0.700000,13,2286,1680,ga-timeline,curated,lexicographic,goal-priority,20260929,2,2,true,true,true,40,0,1,18,7,1593,0.948214,true,0.083333,0.344116,1.301979,60,40,2440,92779,true,0.000000,-0.251041,0.000000,1.000000,0.094505,0.500000,0.047252,0.527910,0.300000,0.158373,0.916667,0.200000,0.183333,0.280000,0.500000,-0.140000,1.000000,0.500000,-0.500000,0.000000,0.100000,-0.000000
t25-d0.4-a0.7-sparse,25,0.400000,0.700000,13,2286,1680,ga-timeline,curated-textbook,lexicographic,goal-priority,20260925,3,3,true,true,true,40,1,1,18,7,1593,0.948214,true,0.083333,0.323686,1.418174,60,40,2440,129985,true,0.000000,-0.256435,0.000000,1.000000,0.094505,0.500000,0.047252,0.527910,0.300000,0.158373,0.916667,0.200000,0.183333,0.280000,0.500000,-0.140000,1.000000,0.500000,-0.500000,0.053939,0.100000,-0.005394
t25-d0.4-a0.7-sparse,25,0.400000,0.700000,13,2286,1680,ga-timeline,curated-textbook,lexicographic,goal-priority,20260926,3,3,true,true,true,40,1,1,18,7,1593,0.948214,true,0.083333,0.327516,1.418174,60,40,2440,91552,true,0.000000,-0.256512,0.000000,1.000000,0.094505,0.500000,0.047252,0.527910,0.300000,0.158373,0.916667,0.200000,0.183333,0.280000,0.500000,-0.140000,1.000000,0.500000,-0.500000,0.054703,0.100000,-0.005470
t25-d0.4-a0.7-sparse,25,0.400000,0.700000,13,2286,1680,ga-timeline,curated-textbook,lexicographic,goal-priority,20260927,3,3,true,true,true,40,1,1,16,9,1469,0.874405,true,0.125000,0.336104,1.289598,60,40,2440,98557,true,0.000000,-0.313193,0.000000,1.000000,0.087269,0.500000,0.043634,0.494536,0.300000,0.148361,0.875000,0.200000,0.175000,0.360000,0.500000,-0.180000,1.000000,0.500000,-0.500000,0.001879,0.100000,-0.000188
t25-d0.4-a0.7-sparse,25,0.400000,0.700000,13,2286,1680,ga-timeline,curated-textbook,lexicographic,goal-priority,20260928,3,3,true,true,true,40,1,1,16,9,1425,0.848214,true,0.125000,0.356865,1.402246,60,40,2440,149322,true,0.000000,-0.331949,0.000000,1.000000,0.080033,0.500000,0.040016,0.479437,0.300000,0.143831,0.875000,0.200000,0.175000,0.360000,0.500000,-0.180000,1.000000,0.500000,-0.500000,0.107963,0.100000,-0.010796
t25-d0.4-a0.7-sparse,25,0.400000,0.700000,13,2286,1680,ga-timeline,curated-textbook,lexicographic,goal-priority,20260929,3,3,true,true,true,40,1,1,18,7,1593,0.948214,true,0.083333,0.280272,1.257289,60,40,2440,110731,true,0.000000,-0.256786,0.000000,1.000000,0.094505,0.500000,0.047252,0.527910,0.300000,0.158373,0.916667,0.200000,0.183333,0.280000,0.500000,-0.140000,1.000000,0.500000,-0.500000,0.057442,0.100000,-0.005744
t25-d0.4-a0.7-sparse,25,0.400000,0.700000,13,2286,1680,ga-timeline,all,lexicographic,goal-priority,20260925,5,4,true,true,true,40,1,1,16,9,1435,0.854167,true,0.148438,0.387645,1.372426,60,40,2440,97961,true,0.000000,-0.354291,0.000000,1.000000,0.068630,0.500000,0.034315,0.486937,0.300000,0.146081,0.851563,0.200000,0.170313,0.360000,0.500000,-0.180000,1.000000,0.500000,-0.500000,0.250000,0.100000,-0.025000
t25-d0.4-a0.7-sparse,25,0.400000,0.700000,13,2286,1680,ga-timeline,all,lexicographic,goal-priority,20260926,5,4,true,true,true,40,1,2,18,7,1551,0.923214,true,0.083333,0.372123,1.315982,60,40,2440,102235,true,0.000000,-0.288479,0.000000,1.000000,0.080537,0.500000,0.040268,0.509732,0.300000,0.152920,0.916667,0.200000,0.183333,0.280000,0.500000,-0.140000,1.000000,0.500000,-0.500000,0.250000,0.100000,-0.025000
t25-d0.4-a0.7-sparse,25,0.400000,0.700000,13,2286,1680,ga-timeline,all,lexicographic,goal-priority,20260927,5,4,true,true,true,40,1,1,16,9,1472,0.876190,true,0.148438,0.372963,1.346984,60,40,2440,92631,true,0.000000,-0.350635,0.000000,1.000000,0.072248,0.500000,0.036124,0.493094,0.300000,0.147928,0.851563,0.200000,0.170313,0.360000,0.500000,-0.180000,1.000000,0.500000,-0.500000,0.250000,0.100000,-0.025000
t25-d0.4-a0.7-sparse,25,0.400000,0.700000,13,2286,1680,ga-timeline,all,lexicographic,goal-priority,20260928,5,4,true,true,true,40,1,1,16,9,1435,0.854167,true,0.148438,0.378469,1.491495,60,40,2440,113726,true,0.000000,-0.354291,0.000000,1.000000,0.068630,0.500000,0.034315,0.486937,0.300000,0.146081,0.851563,0.200000,0.170313,0.360000,0.500000,-0.180000,1.000000,0.500000,-0.500000,0.250000,0.100000,-0.025000
t25-d0.4-a0.7-sparse,25,0.400000,0.700000,13,2286,1680,ga-timeline,all,lexicographic,goal-priority,20260929,5,4,true,true,true,40,1,1,15,10,1428,0.850000,true,0.150000,0.302268,1.387302,60,40,2440,99568,true,0.000000,-0.377063,0.000000,1.000000,0.071012,0.500000,0.035506,0.474771,0.300000,0.142431,0.850000,0.200000,0.170000,0.400000,0.500000,-0.200000,1.000000,0.500000,-0.500000,0.250000,0.100000,-0.025000
t25-d0.4-a0.7-sparse,25,0.400000,0.700000,13,2286,1680,ga-timeline,curated,weighted,goal-priority,20260925,2,2,true,true,true,40,1,,18,7,1593,0.948214,true,0.083333,0.335178,1.418174,60,40,2440,101844,true,0.088605,0.088605,0.088605,1.000000,0.094505,0.500000,0.047252,0.527910,0.300000,0.158373,0.916667,0.200000,0.183333,0.280000,0.500000,-0.140000,0.320000,0.500000,-0.160000,0.003534,0.100000,-0.000353
t25-d0.4-a0.7-sparse,25,0.400000,0.700000,13,2286,1680,ga-timeline,curated,weighted,goal-priority,20260926,2,2,true,true,true,40,2,,18,7,1535,0.913690,true,0.062500,0.369153,1.353045,60,40,2440,96304,true,0.043336,0.043336,0.043336,1.000000,0.095558,0.500000,0.047779,0.511174,0.300000,0.153352,0.937500,0.200000,0.187500,0.280000,0.500000,-0.140000,0.360000,0.500000,-0.180000,0.252951,0.100000,-0.025295
t25-d0.4-a0.7-sparse,25,0.400000,0.700000,13,2286,1680,ga-timeline,curated,weighted,goal-priority,20260927,2,2,true,true,true,40,2,,18,7,1593,0.948214,true,0.083333,0.344116,1.418174,60,40,2440,94738,true,0.072462,0.072462,0.072462,1.000000,0.094505,0.500000,0.047252,0.527910,0.300000,0.158373,0.916667,0.200000,0.183333,0.280000,0.500000,-0.140000,0.320000,0.500000,-0.160000,0.164962,0.100000,-0.016496
t25-d0.4-a0.7-sparse,25,0.400000,0.700000,13,2286,1680,ga-timeline,curated,weighted,goal-priority,20260928,2,2,true,true,true,40,2,,18,7,1593,0.948214,true,0.083333,0.323686,1.221536,60,40,2440,93188,true,0.047145,0.047145,0.047145,1.000000,0.094505,0.500000,0.047252,0.527910,0.300000,0.158373,0.916667,0.200000,0.183333,0.280000,0.500000,-0.140000,0.320000,0.500000,-0.160000,0.418136,0.100000,-0.041814
t25-d0.4-a0.7-sparse,25,0.400000,0.700000,13,2286,1680,ga-timeline,curated,weighted,goal-priority,20260929,2,2,true,true,true,40,1,,18,7,1593,0.948214,true,0.083333,0.344116,1.301979,60,40,2440,94084,true,0.088714,0.088714,0.088714,1.000000,0.094505,0.500000,0.047252,0.527910,0.300000,0.158373,0.916667,0.200000,0.183333,0.280000,0.500000,-0.140000,0.320000,0.500000,-0.160000,0.002442,0.100000,-0.000244
t25-d0.4-a0.7-sparse,25,0.400000,0.700000,13,2286,1680,ga-timeline,curated-textbook,weighted,goal-priority,20260925,3,3,true,true,true,40,2,,18,7,1593,0.948214,true,0.083333,0.323686,1.418174,60,40,2440,96366,true,0.083396,0.083396,0.083396,1.000000,0.094505,0.500000,0.047252,0.527910,0.300000,0.158373,0.916667,0.200000,0.183333,0.280000,0.500000,-0.140000,0.320000,0.500000,-0.160000,0.055629,0.100000,-0.005563
t25-d0.4-a0.7-sparse,25,0.400000,0.700000,13,2286,1680,ga-timeline,curated-textbook,weighted,goal-priority,20260926,3,3,true,true,true,40,2,,18,7,1593,0.948214,true,0.083333,0.327516,1.418174,60,40,2440,106937,true,0.083235,0.083235,0.083235,1.000000,0.094505,0.500000,0.047252,0.527910,0.300000,0.158373,0.916667,0.200000,0.183333,0.280000,0.500000,-0.140000,0.320000,0.500000,-0.160000,0.057238,0.100000,-0.005724
t25-d0.4-a0.7-sparse,25,0.400000,0.700000,13,2286,1680,ga-timeline,curated-textbook,weighted,goal-priority,20260927,3,3,true,true,true,40,2,,18,7,1593,0.948214,true,0.083333,0.318366,1.221536,60,40,2440,123085,true,0.083295,0.083295,0.083295,1.000000,0.094505,0.500000,0.047252,0.527910,0.300000,0.158373,0.916667,0.200000,0.183333,0.280000,0.500000,-0.140000,0.320000,0.500000,-0.160000,0.056634,0.100000,-0.005663
t25-d0.4-a0.7-sparse,25,0.400000,0.700000,13,2286,1680,ga-timeline,curated-textbook,weighted,goal-priority,20260928,3,3,true,true,true,40,2,,18,7,1535,0.913690,true,0.062500,0.343557,1.349956,60,40,2440,92386,true,0.046421,0.046421,0.046421,1.000000,0.095558,0.500000,0.047779,0.511174,0.300000,0.153352,0.937500,0.200000,0.187500,0.280000,0.500000,-0.140000,0.360000,0.500000,-0.180000,0.222101,0.100000,-0.022210
t25-d0.4-a0.7-sparse,25,0.400000,0.700000,13,2286,1680,ga-timeline,curated-textbook,weighted,goal-priority,20260929,3,3,true,true,true,40,2,,18,7,1593,0.948214,true,0.083333,0.280272,1.257289,60,40,2440,85964,true,0.083045,0.083045,0.083045,1.000000,0.094505,0.500000,0.047252,0.527910,0.300000,0.158373,0.916667,0.200000,0.183333,0.280000,0.500000,-0.140000,0.320000,0.500000,-0.160000,0.059135,0.100000,-0.005914
t25-d0.4-a0.7-sparse,25,0.400000,0.700000,13,2286,1680,ga-timeline,all,weighted,goal-priority,20260925,5,4,true,true,true,40,2,,18,7,1551,0.923214,true,0.083333,0.372553,1.318993,60,40,2440,88550,true,0.023316,0.023316,0.023316,1.000000,0.080537,0.500000,0.040268,0.509732,0.300000,0.152920,0.916667,0.200000,0.183333,0.280000,0.500000,-0.140000,0.360000,0.500000,-0.180000,0.332049,0.100000,-0.033205
t25-d0.4-a0.7-sparse,25,0.400000,0.700000,13,2286,1680,ga-timeline,all,weighted,goal-priority,20260926,5,4,true,true,true,40,3,,18,7,1551,0.923214,true,0.083333,0.372123,1.315982,60,40,2440,82030,true,0.018928,0.018928,0.018928,1.000000,0.080537,0.500000,0.040268,0.509732,0.300000,0.152920,0.916667,0.200000,0.183333,0.280000,0.500000,-0.140000,0.360000,0.500000,-0.180000,0.375931,0.100000,-0.037593
t25-d0.4-a0.7-sparse,25,0.400000,0.700000,13,2286,1680,ga-timeline,all,weighted,goal-priority,20260927,5,4,true,true,true,40,2,,18,7,1559,0.927976,true,0.083333,0.363130,1.311468,60,40,2440,99826,true,0.031555,0.031555,0.031555,1.000000,0.087773,0.500000,0.043886,0.524831,0.300000,0.157449,0.916667,0.200000,0.183333,0.280000,0.500000,-0.140000,0.360000,0.500000,-0.180000,0.331138,0.100000,-0.033114
t25-d0.4-a0.7-sparse,25,0.400000,0.700000,13,2286,1680,ga-timeline,all,weighted,goal-priority,20260928,5,4,true,true,true,40,2,,18,7,1551,0.923214,true,0.083333,0.363734,1.433427,60,40,2440,115042,true,0.019228,0.019228,0.019228,1.000000,0.080537,0.500000,0.040268,0.509732,0.300000,0.152920,0.916667,0.200000,0.183333,0.280000,0.500000,-0.140000,0.360000,0.500000,-0.180000,0.372937,0.100000,-0.037294
t25-d0.4-a0.7-sparse,25,0.400000,0.700000,13,2286,1680,ga-timeline,all,weighted,goal-priority,20260929,5,4,true,true,true,40,2,,18,7,1559,0.927976,true,0.083333,0.285745,1.428510,60,40,2440,123673,true,0.003178,0.003178,0.003178,1.000000,0.087773,0.500000,0.043886,0.524831,0.300000,0.157449,0.916667,0.200000,0.183333,0.280000,0.500000,-0.140000,0.400000,0.500000,-0.200000,0.414916,0.100000,-0.041492
t25-d0.4-a1.0-compact,25,0.400000,1.000000,11,2453,2640,ga,curated,lexicographic,goal-priority,20260925,2,2,true,true,true,12,1,0,19,6,1974,0.747727,false,0.000000,0.226243,1.883386,60,40,2440,5491,false,0.000000,-0.236313,0.000000,1.000000,0.112414,0.500000,0.056207,0.524934,0.300000,0.157480,1.000000,0.200000,0.200000,0.240000,0.500000,-0.120000,0.960000,0.500000,-0.480000,0.500000,0.100000,-0.050000
t25-d0.4-a1.0-compact,25,0.400000,1.000000,11,2453,2640,ga,curated,lexicographic,goal-priority,20260926,2,2,true,true,true,10,1,0,21,4,2113,0.800379,false,0.000000,0.267399,1.744560,60,40,2440,5338,false,0.000000,-0.198679,0.000000,1.000000,0.118596,0.500000,0.059298,0.573410,0.300000,0.172023,1.000000,0.200000,0.200000,0.160000,0.500000,-0.080000,1.000000,0.500000,-0.500000,0.500000,0.100000,-0.050000
t25-d0.4-a1.0-compact,25,0.400000,1.000000,11,2453,2640,ga,curated,lexicographic,goal-priority,20260927,2,2,true,true,true,11,1,0,21,4,2192,0.830303,false,0.000000,0.250193,1.717954,60,40,2440,5128,false,0.000000,-0.178679,0.000000,1.000000,0.118596,0.500000,0.059298,0.573410,0.300000,0.172023,1.000000,0.200000,0.200000,0.160000,0.500000,-0.080000,0.960000,0.500000,-0.480000,0.500000,0.100000,-0.050000
t25-d0.4-a1.0-compact,25,0.400000,1.000000,11,2453,2640,ga,curated,lexicographic,goal-priority,20260928,2,2,true,true,true,11,1,0,19,6,1974,0.747727,false,0.000000,0.226243,1.883386,60,40,2440,5221,false,0.000000,-0.236313,0.000000,1.000000,0.112414,0.500000,0.056207,0.524934,0.300000,0.157480,1.000000,0.200000,0.200000,0.240000,0.500000,-0.120000,0.960000,0.500000,-0.480000,0.500000,0.100000,-0.050000
t25-d0.4-a1.0-compact,25,0.400000,1.000000,11,2453,2640,ga,curated,lexicographic,goal-priority,20260929,2,2,true,true,true,12,1,0,21,4,2192,0.830303,false,0.000000,0.250193,1.717954,60,40,2440,5085,false,0.000000,-0.178679,0.000000,1.000000,0.118596,0.500000,0.059298,0.573410,0.300000,0.172023,1.000000,0.200000,0.200000,0.160000,0.500000,-0.080000,0.960000,0.500000,-0.480000,0.500000,0.100000,-0.050000
t25-d0.4-a1.0-compact,25,0.400000,1.000000,11,2453,2640,ga,curated-textbook,lexicographic,goal-priority,20260925,3,4,true,true,true,12,1,1,19,6,1887,0.714773,false,0.000000,0.235307,1.888620,60,40,2440,5242,false,0.000000,-0.215144,0.000000,1.000000,0.109050,0.500000,0.054525,0.517770,0.300000,0.155331,1.000000,0.200000,0.200000,0.240000,0.500000,-0.120000,0.960000,0.500000,-0.480000,0.250000,0.100000,-0.025000
t25-d0.4-a1.0-compact,25,0.400000,1.000000,11,2453,2640,ga,curated-textbook,lexicographic,goal-priority,20260926,3,4,true,true,true,10,1,1,20,5,2004,0.759091,false,0.000000,0.273237,1.718750,60,40,2440,5325,false,0.000000,-0.197528,0.000000,1.000000,0.115230,0.500000,0.057615,0.566192,0.300000,0.169858,1.000000,0.200000,0.200000,0.200000,0.500000,-0.100000,1.000000,0.500000,-0.500000,0.250000,0.100000,-0.025000
t25-d0.4-a1.0-compact,25,0.400000,1.000000,11,2453,2640,ga,curated-textbook,lexicographic,goal-priority,20260927,3,4,true,true,true,11,1,1,20,5,2083,0.789015,false,0.000000,0.255571,1.691974,60,40,2440,5061,false,0.000000,-0.177528,0.000000,1.000000,0.115230,0.500000,0.057615,0.566192,0.300000,0.169858,1.000000,0.200000,0.200000,0.200000,0.500000,-0.100000,0.960000,0.500000,-0.480000,0.250000,0.100000,-0.025000
t25-d0.4-a1.0-compact,25,0.400000,1.000000,11,2453,2640,ga,curated-textbook,lexicographic,goal-priority,20260928,3,4,true,true,true,11,1,1,19,6,1887,0.714773,false,0.000000,0.235307,1.888620,60,40,2440,5268,false,0.000000,-0.215144,0.000000,1.000000,0.109050,0.500000,0.054525,0.517770,0.300000,0.155331,1.000000,0.200000,0.200000,0.240000,0.500000,-0.120000,0.960000,0.500000,-0.480000,0.250000,0.100000,-0.025000
t25-d0.4-a1.0-compact,25,0.400000,1.000000,11,2453,2640,ga,curated-textbook,lexicographic,goal-priority,20260929,3,4,true,true,true,12,1,1,20,5,2083,0.789015,false,0.000000,0.255571,1.691974,60,40,2440,5116,false,0.000000,-0.177528,0.000000,1.000000,0.115230,0.500000,0.057615,0.566192,0.300000,0.169858,1.000000,0.200000,0.200000,0.200000,0.500000,-0.100000,0.960000,0.500000,-0.480000,0.250000,0.100000,-0.025000
t25-d0.4-a1.0-compact,25,0.400000,1.000000,11,2453,2640,ga,all,lexicographic,goal-priority,20260925,5,5,true,true,true,12,1,1,19,6,1887,0.714773,false,0.000000,0.235307,1.888620,60,40,2440,5091,false,0.000000,-0.210144,0.000000,1.000000,0.109050,0.500000,0.054525,0.517770,0.300000,0.155331,1.000000,0.200000,0.200000,0.240000,0.500000,-0.120000,0.960000,0.500000,-0.480000,0.200000,0.100000,-0.020000
t25-d0.4-a1.0-compact,25,0.400000,1.000000,11,2453,2640,ga,all,lexicographic,goal-priority,20260926,5,5,true,true,true,10,1,1,20,5,2004,0.759091,false,0.000000,0.273237,1.718750,60,40,2440,5391,false,0.000000,-0.192528,0.000000,1.000000,0.115230,0.500000,0.057615,0.566192,0.300000,0.169858,1.000000,0.200000,0.200000,0.200000,0.500000,-0.100000,1.000000,0.500000,-0.500000,0.200000,0.100000,-0.020000
t25-d0.4-a1.0-compact,25,0.400000,1.000000,11,2453,2640,ga,all,lexicographic,goal-priority,20260927,5,5,true,true,true,11,1,1,20,5,2083,0.789015,false,0.000000,0.255571,1.691974,60,40,2440,5094,false,0.000000,-0.172528,0.000000,1.000000,0.115230,0.500000,0.057615,0.566192,0.300000,0.169858,1.000000,0.200000,0.200000,0.200000,0.500000,-0.100000,0.960000,0.500000,-0.480000,0.200000,0.100000,-0.020000
t25-d0.4-a1.0-compact,25,0.400000,1.000000,11,2453,2640,ga,all,lexicographic,goal-priority,20260928,5,5,true,true,true,11,1,1,19,6,1887,0.714773,false,0.000000,0.235307,1.888620,60,40,2440,5265,false,0.000000,-0.210144,0.000000,1.000000,0.109050,0.500000,0.054525,0.517770,0.300000,0.155331,1.000000,0.200000,0.200000,0.240000,0.500000,-0.120000,0.960000,0.500000,-0.480000,0.200000,0.100000,-0.020000
t25-d0.4-a1.0-compact,25,0.400000,1.000000,11,2453,2640,ga,all,lexicographic,goal-priority,20260929,5,5,true,true,true,12,1,1,20,5,2083,0.789015,false,0.000000,0.255571,1.691974,60,40,2440,5474,false,0.000000,-0.172528,0.000000,1.000000,0.115230,0.500000,0.057615,0.566192,0.300000,0.169858,1.000000,0.200000,0.200000,0.200000,0.500000,-0.100000,0.960000,0.500000,-0.480000,0.200000,0.100000,-0.020000
t25-d0.4-a1.0-compact,25,0.400000,1.000000,11,2453,2640,ga,curated,weighted,goal-priority,20260925,2,2,true,true,true,12,1,,19,6,1974,0.747727,false,0.000000,0.226243,1.883386,60,40,2440,5120,false,0.000000,-0.236313,0.000000,1.000000,0.112414,0.500000,0.056207,0.524934,0.300000,0.157480,1.000000,0.200000,0.200000,0.240000,0.500000,-0.120000,0.960000,0.500000,-0.480000,0.500000,0.100000,-0.050000
t25-d0.4-a1.0-compact,25,0.400000,1.000000,11,2453,2640,ga,curated,weighted,goal-priority,20260926,2,2,true,true,true,10,1,,21,4,2113,0.800379,false,0.000000,0.267399,1.744560,60,40,2440,5261,false,0.000000,-0.198679,0.000000,1.000000,0.118596,0.500000,0.059298,0.573410,0.300000,0.172023,1.000000,0.200000,0.200000,0.160000,0.500000,-0.080000,1.000000,0.500000,-0.500000,0.500000,0.100000,-0.050000
t25-d0.4-a1.0-compact,25,0.400000,1.000000,11,2453,2640,ga,curated,weighted,goal-priority,20260927,2,2,true,true,true,11,1,,21,4,2192,0.830303,false,0.000000,0.250193,1.717954,60,40,2440,5279,false,0.000000,-0.178679,0.000000,1.000000,0.118596,0.500000,0.059298,0.573410,0.300000,0.172023,1.000000,0.200000,0.200000,0.160000,0.500000,-0.080000,0.960000,0.500000,-0.480000,0.500000,0.100000,-0.050000
t25-d0.4-a1.0-compact,25,0.400000,1.000000,11,2453,2640,ga,curated,weighted,goal-priority,20260928,2,2,true,true,true,11,1,,19,6,1974,0.747727,false,0.000000,0.226243,1.883386,60,40,2440,5195,false,0.000000,-0.236313,0.000000,1.000000,0.112414,0.500000,0.056207,0.524934,0.300000,0.157480,1.000000,0.200000,0.200000,0.240000,0.500000,-0.120000,0.960000,0.500000,-0.480000,0.500000,0.100000,-0.050000
t25-d0.4-a1.0-compact,25,0.400000,1.000000,11,2453,2640,ga,curated,weighted,goal-priority,20260929,2,2,true,true,true,12,1,,21,4,2192,0.830303,false,0.000000,0.250193,1.717954,60,40,2440,5147,false,0.000000,-0.178679,0.000000,1.000000,0.118596,0.500000,0.059298,0.573410,0.300000,0.172023,1.000000,0.200000,0.200000,0.160000,0.500000,-0.080000,0.960000,0.500000,-0.480000,0.500000,0.100000,-0.050000
t25-d0.4-a1.0-compact,25,0.400000,1.000000,11,2453,2640,ga,curated-textbook,weighted,goal-priority,20260925,3,4,true,true,true,12,2,,19,6,1974,0.747727,false,0.000000,0.226243,1.883386,60,40,2440,5113,false,0.000000,-0.236313,0.000000,1.000000,0.112414,0.500000,0.056207,0.524934,0.300000,0.157480,1.000000,0.200000,0.200000,0.240000,0.500000,-0.120000,0.960000,0.500000,-0.480000,0.500000,0.100000,-0.050000
t25-d0.4-a1.0-compact,25,0.400000,1.000000,11,2453,2640,ga,curated-textbook,weighted,goal-priority,20260926,3,4,true,true,true,10,2,,21,4,2113,0.800379,false,0.000000,0.267399,1.744560,60,40,2440,5222,false,0.000000,-0.185926,0.000000,1.000000,0.118596,0.500000,0.059298,0.573410,0.300000,0.172023,1.000000,0.200000,0.200000,0.160000,0.500000,-0.080000,1.000000,0.500000,-0.500000,0.372470,0.100000,-0.037247
t25-d0.4-a1.0-compact,25,0.400000,1.000000,11,2453,2640,ga,curated-textbook,weighted,goal-priority,20260927,3,4,true,true,true,11,2,,21,4,2192,0.830303,false,0.000000,0.250193,1.717954,60,40,2440,5038,false,0.000000,-0.165926,0.000000,1.000000,0.118596,0.500000,0.059298,0.573410,0.300000,0.172023,1.000000,0.200000,0.200000,0.160000,0.500000,-0.080000,0.960000,0.500000,-0.480000,0.372470,0.100000,-0.037247
t25-d0.4-a1.0-compact,25,0.400000,1.000000,11,2453,2640,ga,curated-textbook,weighted,goal-priority,20260928,3,4,true,true,true,11,2,,19,6,1974,0.747727,false,0.000000,0.226243,1.883386,60,40,2440,5298,false,0.000000,-0.236313,0.000000,1.000000,0.112414,0.500000,0.056207,0.524934,0.300000,0.157480,1.000000,0.200000,0.200000,0.240000,0.500000,-0.120000,0.960000,0.500000,-0.480000,0.500000,0.100000,-0.050000
t25-d0.4-a1.0-compact,25,0.400000,1.000000,11,2453,2640,ga,curated-textbook,weighted,goal-priority,20260929,3,4,true,true,true,12,2,,21,4,2192,0.830303,false,0.000000,0.250193,1.717954,60,40,2440,5126,false,0.000000,-0.165926,0.000000,1.000000,0.118596,0.500000,0.059298,0.573410,0.300000,0.172023,1.000000,0.200000,0.200000,0.160000,0.500000,-0.080000,0.960000,0.500000,-0.480000,0.372470,0.100000,-0.037247
t25-d0.4-a1.0-compact,25,0.400000,1.000000,11,2453,2640,ga,all,weighted,goal-priority,20260925,5,5,true,true,true,12,2,,19,6,1974,0.747727,false,0.000000,0.226243,1.883386,60,40,2440,5197,false,0.000000,-0.226313,0.000000,1.000000,0.112414,0.500000,0.056207,0.524934,0.300000,0.157480,1.000000,0.200000,0.200000,0.240000,0.500000,-0.120000,0.960000,0.500000,-0.480000,0.400000,0.100000,-0.040000
t25-d0.4-a1.0-compact,25,0.400000,1.000000,11,2453,2640,ga,all,weighted,goal-priority,20260926,5,5,true,true,true,10,2,,21,4,2113,0.800379,false,0.000000,0.267399,1.744560,60,40,2440,5192,false,0.000000,-0.178477,0.000000,1.000000,0.118596,0.500000,0.059298,0.573410,0.300000,0.172023,1.000000,0.200000,0.200000,0.160000,0.500000,-0.080000,1.000000,0.500000,-0.500000,0.297976,0.100000,-0.029798
t25-d0.4-a1.0-compact,25,0.400000,1.000000,11,2453,2640,ga,all,weighted,goal-priority,20260927,5,5,true,true,true,11,2,,21,4,2192,0.830303,false,0.000000,0.250193,1.717954,60,40,2440,5119,false,0.000000,-0.158477,0.000000,1.000000,0.118596,0.500000,0.059298,0.573410,0.300000,0.172023,1.000000,0.200000,0.200000,0.160000,0.500000,-0.080000,0.960000,0.500000,-0.480000,0.297976,0.100000,-0.029798
t25-d0.4-a1.0-compact,25,0.400000,1.000000,11,2453,2640,ga,all,weighted,goal-priority,20260928,5,5,true,true,true,11,2,,19,6,1974,0.747727,false,0.000000,0.226243,1.883386,60,40,2440,5224,false,0.000000,-0.226313,0.000000,1.000000,0.112414,0.500000,0.056207,0.524934,0.300000,0.157480,1.000000,0.200000,0.200000,0.240000,0.500000,-0.120000,0.960000,0.500000,-0.480000,0.400000,0.100000,-0.040000
t25-d0.4-a1.0-compact,25,0.400000,1.000000,11,2453,2640,ga,all,weighted,goal-priority,20260929,5,5,true,true,true,12,2,,21,4,2192,0.830303,false,0.000000,0.250193,1.717954,60,40,2440,5045,false,0.000000,-0.158477,0.000000,1.000000,0.118596,0.500000,0.059298,0.573410,0.300000,0.172023,1.000000,0.200000,0.200000,0.160000,0.500000,-0.080000,0.960000,0.500000,-0.480000,0.297976,0.100000,-0.029798
t25-d0.4-a1.0-compact,25,0.400000,1.000000,11,2453,2640,ga-timeline,curated,lexicographic,goal-priority,20260925,2,2,true,true,true,40,0,0,24,1,2423,0.917803,false,0.000000,0.333333,1.705426,60,40,2440,124479,true,0.000000,-0.013266,0.000000,1.000000,0.158219,0.500000,0.079109,0.692082,0.300000,0.207624,1.000000,0.200000,0.200000,0.040000,0.500000,-0.020000,0.960000,0.500000,-0.480000,0.000000,0.100000,-0.000000
t25-d0.4-a1.0-compact,25,0.400000,1.000000,11,2453,2640,ga-timeline,curated,lexicographic,goal-priority,20260926,2,2,true,true,true,40,0,1,24,1,2423,0.917803,false,0.000000,0.370774,1.525812,60,40,2440,159161,true,0.000000,-0.024342,0.000000,1.000000,0.145751,0.500000,0.072875,0.675941,0.300000,0.202782,1.000000,0.200000,0.200000,0.040000,0.500000,-0.020000,0.960000,0.500000,-0.480000,0.000000,0.100000,-0.000000
t25-d0.4-a1.0-compact,25,0.400000,1.000000,11,2453,2640,ga-timeline,curated,lexicographic,goal-priority,20260927,2,2,true,true,true,40,0,0,24,1,2344,0.887879,false,0.000000,0.341243,1.669118,60,40,2440,120352,true,0.000000,-0.044342,0.000000,1.000000,0.145751,0.500000,0.072875,0.675941,0.300000,0.202782,1.000000,0.200000,0.200000,0.040000,0.500000,-0.020000,1.000000,0.500000,-0.500000,0.000000,0.100000,-0.000000
t25-d0.4-a1.0-compact,25,0.400000,1.000000,11,2453,2640,ga-timeline,curated,lexicographic,goal-priority,20260928,2,2,true,true,true,40,0,0,24,1,2413,0.914015,false,0.000000,0.402941,1.708244,60,40,2440,108240,true,0.000000,-0.013266,0.000000,1.000000,0.158219,0.500000,0.079109,0.692082,0.300000,0.207624,1.000000,0.200000,0.200000,0.040000,0.500000,-0.020000,0.960000,0.500000,-0.480000,0.000000,0.100000,-0.000000
t25-d0.4-a1.0-compact,25,0.400000,1.000000,11,2453,2640,ga-timeline,curated,lexicographic,goal-priority,20260929,2,2,true,true,true,40,0,0,23,2,2360,0.893939,false,0.000000,0.348500,1.723333,60,40,2440,139364,true,0.000000,-0.042066,0.000000,1.000000,0.148121,0.500000,0.074060,0.679579,0.300000,0.203874,1.000000,0.200000,0.200000,0.080000,0.500000,-0.040000,0.960000,0.500000,-0.480000,0.000000,0.100000,-0.000000
t25-d0.4-a1.0-compact,25,0.400000,1.000000,11,2453,2640,ga-timeline,curated-textbook,lexicographic,goal-priority,20260925,3,4,true,true,true,40,0,1,24,1,2423,0.917803,false,0.000000,0.407884,1.525812,60,40,2440,119917,true,0.000000,-0.024342,0.000000,1.000000,0.145751,0.500000,0.072875,0.675941,0.300000,0.202782,1.000000,0.200000,0.200000,0.040000,0.500000,-0.020000,0.960000,0.500000,-0.480000,0.000000,0.100000,-0.000000
t25-d0.4-a1.0-compact,25,0.400000,1.000000,11,2453,2640,ga-timeline,curated-textbook,lexicographic,goal-priority,20260926,3,4,true,true,true,40,0,0,23,2,2304,0.872727,false,0.000000,0.276918,1.680350,60,40,2440,141817,true,0.000000,-0.037115,0.000000,1.000000,0.154853,0.500000,0.077426,0.684863,0.300000,0.205459,1.000000,0.200000,0.200000,0.080000,0.500000,-0.040000,0.960000,0.500000,-0.480000,0.000000,0.100000,-0.000000
t25-d0.4-a1.0-compact,25,0.400000,1.000000,11,2453,2640,ga-timeline,curated-textbook,lexicographic,goal-priority,20260927,3,4,true,true,true,40,0,1,22,3,2251,0.852652,true,0.054545,0.427941,1.680530,60,40,2440,156913,true,0.000000,-0.087900,0.000000,1.000000,0.132287,0.500000,0.066143,0.656220,0.300000,0.196866,0.945455,0.200000,0.189091,0.120000,0.500000,-0.060000,0.960000,0.500000,-0.480000,0.000000,0.100000,-0.000000
t25-d0.4-a1.0-compact,25,0.400000,1.000000,11,2453,2640,ga-timeline,curated-textbook,lexicographic,goal-priority,20260928,3,4,true,true,true,40,0,2,24,1,2423,0.917803,false,0.000000,0.421903,1.705426,60,40,2440,110519,true,0.000000,-0.013266,0.000000,1.000000,0.158219,0.500000,0.079109,0.692082,0.300000,0.207624,1.000000,0.200000,0.200000,0.040000,0.500000,-0.020000,0.960000,0.500000,-0.480000,0.000000,0.100000,-0.000000
t25-d0.4-a1.0-compact,25,0.400000,1.000000,11,2453,2640,ga-timeline,curated-textbook,lexicographic,goal-priority,20260929,3,4,true,true,true,40,0,0,23,2,2304,0.872727,true,0.026087,0.319987,1.739569,60,40,2440,131369,true,0.000000,-0.053408,0.000000,1.000000,0.142385,0.500000,0.071192,0.668723,0.300000,0.200617,0.973913,0.200000,0.194783,0.080000,0.500000,-0.040000,0.960000,0.500000,-0.480000,0.000000,0.100000,-0.000000
t25-d0.4-a1.0-compact,25,0.400000,1.000000,11,2453,2640,ga-timeline,all,lexicographic,goal-priority,20260925,5,5,true,true,true,40,0,0,24,1,2423,0.917803,false,0.000000,0.322118,1.473198,60,40,2440,174879,true,0.000000,-0.024342,0.000000,1.000000,0.145751,0.500000,0.072875,0.675941,0.300000,0.202782,1.000000,0.200000,0.200000,0.040000,0.500000,-0.020000,0.960000,0.500000,-0.480000,0.000000,0.100000,-0.000000
t25-d0.4-a1.0-compact,25,0.400000,1.000000,11,2453,2640,ga-timeline,all,lexicographic,goal-priority,20260926,5,5,true,true,true,40,0,1,24,1,2423,0.917803,false,0.000000,0.363187,1.705426,60,40,2440,136849,true,0.000000,-0.013266,0.000000,1.000000,0.158219,0.500000,0.079109,0.692082,0.300000,0.207624,1.000000,0.200000,0.200000,0.040000,0.500000,-0.020000,0.960000,0.500000,-0.480000,0.000000,0.100000,-0.000000
t25-d0.4-a1.0-compact,25,0.400000,1.000000,11,2453,2640,ga-timeline,all,lexicographic,goal-priority,20260927,5,5,true,true,true,40,0,1,23,2,2373,0.898864,false,0.000000,0.287211,1.690338,60,40,2440,125925,true,0.000000,-0.042066,0.000000,1.000000,0.148121,0.500000,0.074060,0.679579,0.300000,0.203874,1.000000,0.200000,0.200000,0.080000,0.500000,-0.040000,0.960000,0.500000,-0.480000,0.000000,0.100000,-0.000000
t25-d0.4-a1.0-compact,25,0.400000,1.000000,11,2453,2640,ga-timeline,all,lexicographic,goal-priority,20260928,5,5,true,true,true,40,0,1,23,2,2224,0.842424,true,0.026087,0.360334,1.568213,60,40,2440,153263,true,0.000000,-0.092226,0.000000,1.000000,0.115457,0.500000,0.057728,0.650878,0.300000,0.195263,0.973913,0.200000,0.194783,0.080000,0.500000,-0.040000,1.000000,0.500000,-0.500000,0.000000,0.100000,-0.000000
t25-d0.4-a1.0-compact,25,0.400000,1.000000,11,2453,2640,ga-timeline,all,lexicographic,goal-priority,20260929,5,5,true,true,true,40,0,2,21,4,2041,0.773106,true,0.018182,0.322864,1.523836,60,40,2440,116570,true,0.000000,-0.111624,0.000000,1.000000,0.131843,0.500000,0.065922,0.620301,0.300000,0.186090,0.981818,0.200000,0.196364,0.160000,0.500000,-0.080000,0.960000,0.500000,-0.480000,0.000000,0.100000,-0.000000
t25-d0.4-a1.0-compact,25,0.400000,1.000000,11,2453,2640,ga-timeline,curated,weighted,goal-priority,20260925,2,2,true,true,true,40,0,,24,1,2423,0.917803,false,0.000000,0.333333,1.705426,60,40,2440,133525,true,0.446734,0.446734,0.446734,1.000000,0.158219,0.500000,0.079109,0.692082,0.300000,0.207624,1.000000,0.200000,0.200000,0.040000,0.500000,-0.020000,0.040000,0.500000,-0.020000,0.000000,0.100000,-0.000000
t25-d0.4-a1.0-compact,25,0.400000,1.000000,11,2453,2640,ga-timeline,curated,weighted,goal-priority,20260926,2,2,true,true,true,40,1,,24,1,2423,0.917803,false,0.000000,0.370774,1.525812,60,40,2440,114966,true,0.435060,0.435060,0.435060,1.000000,0.145751,0.500000,0.072875,0.675941,0.300000,0.202782,1.000000,0.200000,0.200000,0.040000,0.500000,-0.020000,0.040000,0.500000,-0.020000,0.005972,0.100000,-0.000597
t25-d0.4-a1.0-compact,25,0.400000,1.000000,11,2453,2640,ga-timeline,curated,weighted,goal-priority,20260927,2,2,true,true,true,40,0,,24,1,2344,0.887879,false,0.000000,0.341243,1.669118,60,40,2440,136289,true,0.435658,0.435658,0.435658,1.000000,0.145751,0.500000,0.072875,0.675941,0.300000,0.202782,1.000000,0.200000,0.200000,0.040000,0.500000,-0.020000,0.040000,0.500000,-0.020000,0.000000,0.100000,-0.000000
t25-d0.4-a1.0-compact,25,0.400000,1.000000,11,2453,2640,ga-timeline,curated,weighted,goal-priority,20260928,2,2,true,true,true,40,0,,24,1,2413,0.914015,false,0.000000,0.402941,1.708244,60,40,2440,117433,true,0.426734,0.426734,0.426734,1.000000,0.158219,0.500000,0.079109,0.692082,0.300000,0.207624,1.000000,0.200000,0.200000,0.040000,0.500000,-0.020000,0.080000,0.500000,-0.040000,0.000000,0.100000,-0.000000
t25-d0.4-a1.0-compact,25,0.400000,1.000000,11,2453,2640,ga-timeline,curated,weighted,goal-priority,20260929,2,2,true,true,true,40,0,,23,2,2360,0.893939,false,0.000000,0.348500,1.723333,60,40,2440,111681,true,0.397934,0.397934,0.397934,1.000000,0.148121,0.500000,0.074060,0.679579,0.300000,0.203874,1.000000,0.200000,0.200000,0.080000,0.500000,-0.040000,0.080000,0.500000,-0.040000,0.000000,0.100000,-0.000000
t25-d0.4-a1.0-compact,25,0.400000,1.000000,11,2453,2640,ga-timeline,curated-textbook,weighted,goal-priority,20260925,3,4,true,true,true,40,1,,24,1,2423,0.917803,false,0.000000,0.411183,1.525812,60,40,2440,108011,true,0.433178,0.433178,0.433178,1.000000,0.145751,0.500000,0.072875,0.675941,0.300000,0.202782,1.000000,0.200000,0.200000,0.040000,0.500000,-0.020000,0.040000,0.500000,-0.020000,0.024798,0.100000,-0.002480
t25-d0.4-a1.0-compact,25,0.400000,1.000000,11,2453,2640,ga-timeline,curated-textbook,weighted,goal-priority,20260926,3,4,true,true,true,40,0,,23,2,2304,0.872727,false,0.000000,0.276918,1.680350,60,40,2440,99290,true,0.402885,0.402885,0.402885,1.000000,0.154853,0.500000,0.077426,0.684863,0.300000,0.205459,1.000000,0.200000,0.200000,0.080000,0.500000,-0.040000,0.080000,0.500000,-0.040000,0.000000,0.100000,-0.000000
t25-d0.4-a1.0-compact,25,0.400000,1.000000,11,2453,2640,ga-timeline,curated-textbook,weighted,goal-priority,20260927,3,4,true,true,true,40,1,,24,1,2423,0.917803,false,0.000000,0.415801,1.632855,60,40,2440,101742,true,0.441775,0.441775,0.441775,1.000000,0.158219,0.500000,0.079109,0.692082,0.300000,0.207624,1.000000,0.200000,0.200000,0.040000,0.500000,-0.020000,0.040000,0.500000,-0.020000,0.049590,0.100000,-0.004959
t25-d0.4-a1.0-compact,25,0.400000,1.000000,11,2453,2640,ga-timeline,curated-textbook,weighted,goal-priority,20260928,3,4,true,true,true,40,2,,24,1,2423,0.917803,false,0.000000,0.421903,1.705426,60,40,2440,101374,true,0.444098,0.444098,0.444098,1.000000,0.158219,0.500000,0.079109,0.692082,0.300000,0.207624,1.000000,0.200000,0.200000,0.040000,0.500000,-0.020000,0.040000,0.500000,-0.020000,0.026357,0.100000,-0.002636
t25-d0.4-a1.0-compact,25,0.400000,1.000000,11,2453,2640,ga-timeline,curated-textbook,weighted,goal-priority,20260929,3,4,true,true,true,40,0,,23,2,2304,0.872727,true,0.026087,0.319987,1.739569,60,40,2440,104190,true,0.386592,0.386592,0.386592,1.000000,0.142385,0.500000,0.071192,0.668723,0.300000,0.200617,0.973913,0.200000,0.194783,0.080000,0.500000,-0.040000,0.080000,0.500000,-0.040000,0.000000,0.100000,-0.000000
t25-d0.4-a1.0-compact,25,0.400000,1.000000,11,2453,2640,ga-timeline,all,weighted,goal-priority,20260925,5,5,true,true,true,40,0,,24,1,2423,0.917803,false,0.000000,0.322118,1.473198,60,40,2440,122920,true,0.435658,0.435658,0.435658,1.000000,0.145751,0.500000,0.072875,0.675941,0.300000,0.202782,1.000000,0.200000,0.200000,0.040000,0.500000,-0.020000,0.040000,0.500000,-0.020000,0.000000,0.100000,-0.000000
t25-d0.4-a1.0-compact,25,0.400000,1.000000,11,2453,2640,ga-timeline,all,weighted,goal-priority,20260926,5,5,true,true,true,40,1,,24,1,2423,0.917803,false,0.000000,0.363187,1.705426,60,40,2440,132340,true,0.446565,0.446565,0.446565,1.000000,0.158219,0.500000,0.079109,0.692082,0.300000,0.207624,1.000000,0.200000,0.200000,0.040000,0.500000,-0.020000,0.040000,0.500000,-0.020000,0.001688,0.100000,-0.000169
t25-d0.4-a1.0-compact,25,0.400000,1.000000,11,2453,2640,ga-timeline,all,weighted,goal-priority,20260927,5,5,true,true,true,40,1,,23,2,2373,0.898864,false,0.000000,0.287211,1.690338,60,40,2440,128733,true,0.377765,0.377765,0.377765,1.000000,0.148121,0.500000,0.074060,0.679579,0.300000,0.203874,1.000000,0.200000,0.200000,0.080000,0.500000,-0.040000,0.120000,0.500000,-0.060000,0.001688,0.100000,-0.000169
t25-d0.4-a1.0-compact,25,0.400000,1.000000,11,2453,2640,ga-timeline,all,weighted,goal-priority,20260928,5,5,true,true,true,40,1,,24,1,2460,0.931818,false,0.000000,0.346393,1.507541,60,40,2440,148960,true,0.424004,0.424004,0.424004,1.000000,0.132287,0.500000,0.066143,0.667019,0.300000,0.200106,1.000000,0.200000,0.200000,0.040000,0.500000,-0.020000,0.040000,0.500000,-0.020000,0.022444,0.100000,-0.002244
t25-d0.4-a1.0-compact,25,0.400000,1.000000,11,2453,2640,ga-timeline,all,weighted,goal-priority,20260929,5,5,true,true,true,40,2,,23,2,2257,0.854924,false,0.000000,0.316442,1.464690,60,40,2440,116294,true,0.381055,0.381055,0.381055,1.000000,0.152039,0.500000,0.076020,0.643660,0.300000,0.193098,1.000000,0.200000,0.200000,0.080000,0.500000,-0.040000,0.080000,0.500000,-0.040000,0.080625,0.100000,-0.008063
t25-d0.4-a1.0-sparse,25,0.400000,1.000000,21,2631,2640,ga,curated,lexicographic,goal-priority,20260925,2,2,true,true,true,1,1,0,19,6,1973,0.747348,false,0.000000,0.275478,1.973944,60,40,2440,5026,false,0.000000,-0.305548,0.000000,1.000000,0.112414,0.500000,0.056207,0.294033,0.300000,0.088210,1.000000,0.200000,0.200000,0.240000,0.500000,-0.120000,1.000000,0.500000,-0.500000,0.299653,0.100000,-0.029965
t25-d0.4-a1.0-sparse,25,0.400000,1.000000,21,2631,2640,ga,curated,lexicographic,goal-priority,20260926,2,2,true,true,true,1,1,0,19,6,1973,0.747348,false,0.000000,0.275478,1.973944,60,40,2440,5014,false,0.000000,-0.305548,0.000000,1.000000,0.112414,0.500000,0.056207,0.294033,0.300000,0.088210,1.000000,0.200000,0.200000,0.240000,0.500000,-0.120000,1.000000,0.500000,-0.500000,0.299653,0.100000,-0.029965
t25-d0.4-a1.0-sparse,25,0.400000,1.000000,21,2631,2640,ga,curated,lexicographic,goal-priority,20260927,2,2,true,true,true,1,1,0,19,6,1973,0.747348,false,0.000000,0.275478,1.973944,60,40,2440,4965,false,0.000000,-0.305548,0.000000,1.000000,0.112414,0.500000,0.056207,0.294033,0.300000,0.088210,1.000000,0.200000,0.200000,0.240000,0.500000,-0.120000,1.000000,0.500000,-0.500000,0.299653,0.100000,-0.029965
t25-d0.4-a1.0-sparse,25,0.400000,1.000000,21,2631,2640,ga,curated,lexicographic,goal-priority,20260928,2,2,true,true,true,1,1,0,19,6,1973,0.747348,false,0.000000,0.275478,1.973944,60,40,2440,5062,false,0.000000,-0.305548,0.000000,1.000000,0.112414,0.500000,0.056207,0.294033,0.300000,0.088210,1.000000,0.200000,0.200000,0.240000,0.500000,-0.120000,1.000000,0.500000,-0.500000,0.299653,0.100000,-0.029965
t25-d0.4-a1.0-sparse,25,0.400000,1.000000,21,2631,2640,ga,curated,lexicographic,goal-priority,20260929,2,2,true,true,true,1,1,0,19,6,1973,0.747348,false,0.000000,0.275478,1.973944,60,40,2440,5366,false,0.000000,-0.305548,0.000000,1.000000,0.112414,0.500000,0.056207,0.294033,0.300000,0.088210,1.000000,0.200000,0.200000,0.240000,0.500000,-0.120000,1.000000,0.500000,-0.500000,0.299653,0.100000,-0.029965
t25-d0.4-a1.0-sparse,25,0.400000,1.000000,21,2631,2640,ga,curated-textbook,lexicographic,goal-priority,20260925,3,4,true,true,true,1,1,1,19,6,1973,0.747348,false,0.000000,0.275478,1.973944,60,40,2440,5214,false,0.000000,-0.290566,0.000000,1.000000,0.112414,0.500000,0.056207,0.294033,0.300000,0.088210,1.000000,0.200000,0.200000,0.240000,0.500000,-0.120000,1.000000,0.500000,-0.500000,0.149826,0.100000,-0.014983
t25-d0.4-a1.0-sparse,25,0.400000,1.000000,21,2631,2640,ga,curated-textbook,lexicographic,goal-priority,20260926,3,4,true,true,true,1,1,1,19,6,1973,0.747348,false,0.000000,0.275478,1.973944,60,40,2440,4906,false,0.000000,-0.290566,0.000000,1.000000,0.112414,0.500000,0.056207,0.294033,0.300000,0.088210,1.000000,0.200000,0.200000,0.240000,0.500000,-0.120000,1.000000,0.500000,-0.500000,0.149826,0.100000,-0.014983
t25-d0.4-a1.0-sparse,25,0.400000,1.000000,21,2631,2640,ga,curated-textbook,lexicographic,goal-priority,20260927,3,4,true,true,true,1,1,1,19,6,1973,0.747348,false,0.000000,0.275478,1.973944,60,40,2440,5398,false,0.000000,-0.290566,0.000000,1.000000,0.112414,0.500000,0.056207,0.294033,0.300000,0.088210,1.000000,0.200000,0.200000,0.240000,0.500000,-0.120000,1.000000,0.500000,-0.500000,0.149826,0.100000,-0.014983
t25-d0.4-a1.0-sparse,25,0.400000,1.000000,21,2631,2640,ga,curated-textbook,lexicographic,goal-priority,20260928,3,4,true,true,true,1,1,1,19,6,1973,0.747348,false,0.000000,0.275478,1.973944,60,40,2440,5375,false,0.000000,-0.290566,0.000000,1.000000,0.112414,0.500000,0.056207,0.294033,0.300000,0.088210,1.000000,0.200000,0.200000,0.240000,0.500000,-0.120000,1.000000,0.500000,-0.500000,0.149826,0.100000,-0.014983
t25-d0.4-a1.0-sparse,25,0.400000,1.000000,21,2631,2640,ga,curated-textbook,lexicographic,goal-priority,20260929,3,4,true,true,true,1,1,1,19,6,1973,0.747348,false,0.000000,0.275478,1.973944,60,40,2440,5164,false,0.000000,-0.290566,0.000000,1.000000,0.112414,0.500000,0.056207,0.294033,0.300000,0.088210,1.000000,0.200000,0.200000,0.240000,0.500000,-0.120000,1.000000,0.500000,-0.500000,0.149826,0.100000,-0.014983
t25-d0.4-a1.0-sparse,25,0.400000,1.000000,21,2631,2640,ga,all,lexicographic,goal-priority,20260925,5,5,true,true,true,1,1,1,19,6,1973,0.747348,false,0.000000,0.275478,1.973944,60,40,2440,5129,false,0.000000,-0.287569,0.000000,1.000000,0.112414,0.500000,0.056207,0.294033,0.300000,0.088210,1.000000,0.200000,0.200000,0.240000,0.500000,-0.120000,1.000000,0.500000,-0.500000,0.119861,0.100000,-0.011986
t25-d0.4-a1.0-sparse,25,0.400000,1.000000,21,2631,2640,ga,all,lexicographic,goal-priority,20260926,5,5,true,true,true,1,1,1,19,6,1973,0.747348,false,0.000000,0.275478,1.973944,60,40,2440,5135,false,0.000000,-0.287569,0.000000,1.000000,0.112414,0.500000,0.056207,0.294033,0.300000,0.088210,1.000000,0.200000,0.200000,0.240000,0.500000,-0.120000,1.000000,0.500000,-0.500000,0.119861,0.100000,-0.011986
t25-d0.4-a1.0-sparse,25,0.400000,1.000000,21,2631,2640,ga,all,lexicographic,goal-priority,20260927,5,5,true,true,true,1,1,1,19,6,1973,0.747348,false,0.000000,0.275478,1.973944,60,40,2440,13600,false,0.000000,-0.287569,0.000000,1.000000,0.112414,0.500000,0.056207,0.294033,0.300000,0.088210,1.000000,0.200000,0.200000,0.240000,0.500000,-0.120000,1.000000,0.500000,-0.500000,0.119861,0.100000,-0.011986
t25-d0.4-a1.0-sparse,25,0.400000,1.000000,21,2631,2640,ga,all,lexicographic,goal-priority,20260928,5,5,true,true,true,1,1,1,19,6,1973,0.747348,false,0.000000,0.275478,1.973944,60,40,2440,5690,false,0.000000,-0.287569,0.000000,1.000000,0.112414,0.500000,0.056207,0.294033,0.300000,0.088210,1.000000,0.200000,0.200000,0.240000,0.500000,-0.120000,1.000000,0.500000,-0.500000,0.119861,0.100000,-0.011986
t25-d0.4-a1.0-sparse,25,0.400000,1.000000,21,2631,2640,ga,all,lexicographic,goal-priority,20260929,5,5,true,true,true,1,1,1,19,6,1973,0.747348,false,0.000000,0.275478,1.973944,60,40,2440,5081,false,0.000000,-0.287569,0.000000,1.000000,0.112414,0.500000,0.056207,0.294033,0.300000,0.088210,1.000000,0.200000,0.200000,0.240000,0.500000,-0.120000,1.000000,0.500000,-0.500000,0.119861,0.100000,-0.011986
t25-d0.4-a1.0-sparse,25,0.400000,1.000000,21,2631,2640,ga,curated,weighted,goal-priority,20260925,2,2,true,true,true,1,1,,19,6,1973,0.747348,false,0.000000,0.275478,1.973944,60,40,2440,5739,false,0.000000,-0.305548,0.000000,1.000000,0.112414,0.500000,0.056207,0.294033,0.300000,0.088210,1.000000,0.200000,0.200000,0.240000,0.500000,-0.120000,1.000000,0.500000,-0.500000,0.299653,0.100000,-0.029965
t25-d0.4-a1.0-sparse,25,0.400000,1.000000,21,2631,2640,ga,curated,weighted,goal-priority,20260926,2,2,true,true,true,1,1,,19,6,1973,0.747348,false,0.000000,0.275478,1.973944,60,40,2440,5178,false,0.000000,-0.305548,0.000000,1.000000,0.112414,0.500000,0.056207,0.294033,0.300000,0.088210,1.000000,0.200000,0.200000,0.240000,0.500000,-0.120000,1.000000,0.500000,-0.500000,0.299653,0.100000,-0.029965
t25-d0.4-a1.0-sparse,25,0.400000,1.000000,21,2631,2640,ga,curated,weighted,goal-priority,20260927,2,2,true,true,true,1,1,,19,6,1973,0.747348,false,0.000000,0.275478,1.973944,60,40,2440,5119,false,0.000000,-0.305548,0.000000,1.000000,0.112414,0.500000,0.056207,0.294033,0.300000,0.088210,1.000000,0.200000,0.200000,0.240000,0.500000,-0.120000,1.000000,0.500000,-0.500000,0.299653,0.100000,-0.029965
t25-d0.4-a1.0-sparse,25,0.400000,1.000000,21,2631,2640,ga,curated,weighted,goal-priority,20260928,2,2,true,true,true,1,1,,19,6,1973,0.747348,false,0.000000,0.275478,1.973944,60,40,2440,6826,false,0.000000,-0.305548,0.000000,1.000000,0.112414,0.500000,0.056207,0.294033,0.300000,0.088210,1.000000,0.200000,0.200000,0.240000,0.500000,-0.120000,1.000000,0.500000,-0.500000,0.299653,0.100000,-0.029965
t25-d0.4-a1.0-sparse,25,0.400000,1.000000,21,2631,2640,ga,curated,weighted,goal-priority,20260929,2,2,true,true,true,1,1,,19,6,1973,0.747348,false,0.000000,0.275478,1.973944,60,40,2440,5116,false,0.000000,-0.305548,0.000000,1.000000,0.112414,0.500000,0.056207,0.294033,0.300000,0.088210,1.000000,0.200000,0.200000,0.240000,0.500000,-0.120000,1.000000,0.500000,-0.500000,0.299653,0.100000,-0.029965
t25-d0.4-a1.0-sparse,25,0.400000,1.000000,21,2631,2640,ga,curated-textbook,weighted,goal-priority,20260925,3,4,true,true,true,1,2,,19,6,1973,0.747348,false,0.000000,0.275478,1.973944,60,40,2440,5047,false,0.000000,-0.290566,0.000000,1.000000,0.112414,0.500000,0.056207,0.294033,0.300000,0.088210,1.000000,0.200000,0.200000,0.240000,0.500000,-0.120000,1.000000,0.500000,-0.500000,0.149826,0.100000,-0.014983
t25-d0.4-a1.0-sparse,25,0.400000,1.000000,21,2631,2640,ga,curated-textbook,weighted,goal-priority,20260926,3,4,true,true,true,1,2,,19,6,1973,0.747348,false,0.000000,0.275478,1.973944,60,40,2440,5838,false,0.000000,-0.290566,0.000000,1.000000,0.112414,0.500000,0.056207,0.294033,0.300000,0.088210,1.000000,0.200000,0.200000,0.240000,0.500000,-0.120000,1.000000,0.500000,-0.500000,0.149826,0.100000,-0.014983
t25-d0.4-a1.0-sparse,25,0.400000,1.000000,21,2631,2640,ga,curated-textbook,weighted,goal-priority,20260927,3,4,true,true,true,1,2,,19,6,1973,0.747348,false,0.000000,0.275478,1.973944,60,40,2440,5367,false,0.000000,-0.290566,0.000000,1.000000,0.112414,0.500000,0.056207,0.294033,0.300000,0.088210,1.000000,0.200000,0.200000,0.240000,0.500000,-0.120000,1.000000,0.500000,-0.500000,0.149826,0.100000,-0.014983
t25-d0.4-a1.0-sparse,25,0.400000,1.000000,21,2631,2640,ga,curated-textbook,weighted,goal-priority,20260928,3,4,true,true,true,1,2,,19,6,1973,0.747348,false,0.000000,0.275478,1.973944,60,40,2440,5178,false,0.000000,-0.290566,0.000000,1.000000,0.112414,0.500000,0.056207,0.294033,0.300000,0.088210,1.000000,0.200000,0.200000,0.240000,0.500000,-0.120000,1.000000,0.500000,-0.500000,0.149826,0.100000,-0.014983
t25-d0.4-a1.0-sparse,25,0.400000,1.000000,21,2631,2640,ga,curated-textbook,weighted,goal-priority,20260929,3,4,true,true,true,1,2,,19,6,1973,0.747348,false,0.000000,0.275478,1.973944,60,40,2440,5274,false,0.000000,-0.290566,0.000000,1.000000,0.112414,0.500000,0.056207,0.294033,0.300000,0.088210,1.000000,0.200000,0.200000,0.240000,0.500000,-0.120000,1.000000,0.500000,-0.500000,0.149826,0.100000,-0.014983
t25-d0.4-a1.0-sparse,25,0.400000,1.000000,21,2631,2640,ga,all,weighted,goal-priority,20260925,5,5,true,true,true,1,2,,19,6,1973,0.747348,false,0.000000,0.275478,1.973944,60,40,2440,5333,false,0.000000,-0.287569,0.000000,1.000000,0.112414,0.500000,0.056207,0.294033,0.300000,0.088210,1.000000,0.200000,0.200000,0.240000,0.500000,-0.120000,1.000000,0.500000,-0.500000,0.119861,0.100000,-0.011986
t25-d0.4-a1.0-sparse,25,0.400000,1.000000,21,2631,2640,ga,all,weighted,goal-priority,20260926,5,5,true,true,true,1,2,,19,6,1973,0.747348,false,0.000000,0.275478,1.973944,60,40,2440,5230,false,0.000000,-0.287569,0.000000,1.000000,0.112414,0.500000,0.056207,0.294033,0.300000,0.088210,1.000000,0.200000,0.200000,0.240000,0.500000,-0.120000,1.000000,0.500000,-0.500000,0.119861,0.100000,-0.011986
t25-d0.4-a1.0-sparse,25,0.400000,1.000000,21,2631,2640,ga,all,weighted,goal-priority,20260927,5,5,true,true,true,1,2,,19,6,1973,0.747348,false,0.000000,0.275478,1.973944,60,40,2440,5283,false,0.000000,-0.287569,0.000000,1.000000,0.112414,0.500000,0.056207,0.294033,0.300000,0.088210,1.000000,0.200000,0.200000,0.240000,0.500000,-0.120000,1.000000,0.500000,-0.500000,0.119861,0.100000,-0.011986
t25-d0.4-a1.0-sparse,25,0.400000,1.000000,21,2631,2640,ga,all,weighted,goal-priority,20260928,5,5,true,true,true,1,2,,19,6,1973,0.747348,false,0.000000,0.275478,1.973944,60,40,2440,5795,false,0.000000,-0.287569,0.000000,1.000000,0.112414,0.500000,0.056207,0.294033,0.300000,0.088210,1.000000,0.200000,0.200000,0.240000,0.500000,-0.120000,1.000000,0.500000,-0.500000,0.119861,0.100000,-0.011986
t25-d0.4-a1.0-sparse,25,0.400000,1.000000,21,2631,2640,ga,all,weighted,goal-priority,20260929,5,5,true,true,true,1,2,,19,6,1973,0.747348,false,0.000000,0.275478,1.973944,60,40,2440,5194,false,0.000000,-0.287569,0.000000,1.000000,0.112414,0.500000,0.056207,0.294033,0.300000,0.088210,1.000000,0.200000,0.200000,0.240000,0.500000,-0.120000,1.000000,0.500000,-0.500000,0.119861,0.100000,-0.011986
t25-d0.4-a1.0-sparse,25,0.400000,1.000000,21,2631,2640,ga-timeline,curated,lexicographic,goal-priority,20260925,2,2,true,true,true,40,1,1,23,2,2359,0.893561,false,0.000000,0.395870,1.549544,60,40,2440,130790,true,0.000000,-0.179731,0.000000,1.000000,0.135653,0.500000,0.067826,0.373814,0.300000,0.112144,1.000000,0.200000,0.200000,0.080000,0.500000,-0.040000,1.000000,0.500000,-0.500000,0.197019,0.100000,-0.019702
t25-d0.4-a1.0-sparse,25,0.400000,1.000000,21,2631,2640,ga-timeline,curated,lexicographic,goal-priority,20260926,2,2,true,true,true,40,1,1,23,2,2359,0.893561,false,0.000000,0.376661,1.549544,60,40,2440,116226,true,0.000000,-0.189796,0.000000,1.000000,0.135653,0.500000,0.067826,0.373814,0.300000,0.112144,1.000000,0.200000,0.200000,0.080000,0.500000,-0.040000,1.000000,0.500000,-0.500000,0.297666,0.100000,-0.029767
t25-d0.4-a1.0-sparse,25,0.400000,1.000000,21,2631,2640,ga-timeline,curated,lexicographic,goal-priority,20260927,2,2,true,true,true,40,1,0,24,1,2477,0.938258,false,0.000000,0.360408,1.468971,60,40,2440,118024,true,0.000000,-0.143203,0.000000,1.000000,0.145751,0.500000,0.072875,0.380363,0.300000,0.114109,1.000000,0.200000,0.200000,0.040000,0.500000,-0.020000,1.000000,0.500000,-0.500000,0.101872,0.100000,-0.010187
t25-d0.4-a1.0-sparse,25,0.400000,1.000000,21,2631,2640,ga-timeline,curated,lexicographic,goal-priority,20260928,2,2,true,true,true,40,1,0,23,2,2359,0.893561,false,0.000000,0.346406,1.549544,60,40,2440,140427,true,0.000000,-0.169969,0.000000,1.000000,0.135653,0.500000,0.067826,0.373814,0.300000,0.112144,1.000000,0.200000,0.200000,0.080000,0.500000,-0.040000,1.000000,0.500000,-0.500000,0.099392,0.100000,-0.009939
t25-d0.4-a1.0-sparse,25,0.400000,1.000000,21,2631,2640,ga-timeline,curated,lexicographic,goal-priority,20260929,2,2,true,true,true,40,1,0,23,2,2359,0.893561,false,0.000000,0.383064,1.493197,60,40,2440,109303,true,0.000000,-0.199606,0.000000,1.000000,0.135653,0.500000,0.067826,0.373814,0.300000,0.112144,1.000000,0.200000,0.200000,0.080000,0.500000,-0.040000,1.000000,0.500000,-0.500000,0.395761,0.100000,-0.039576
t25-d0.4-a1.0-sparse,25,0.400000,1.000000,21,2631,2640,ga-timeline,curated-textbook,lexicographic,goal-priority,20260925,3,4,true,true,true,40,1,2,22,3,2223,0.842045,false,0.000000,0.376293,1.622129,60,40,2440,124925,true,0.000000,-0.194152,0.000000,1.000000,0.132837,0.500000,0.066419,0.347618,0.300000,0.104285,1.000000,0.200000,0.200000,0.120000,0.500000,-0.060000,1.000000,0.500000,-0.500000,0.048561,0.100000,-0.004856
t25-d0.4-a1.0-sparse,25,0.400000,1.000000,21,2631,2640,ga-timeline,curated-textbook,lexicographic,goal-priority,20260926,3,4,true,true,true,40,1,3,21,4,2125,0.804924,false,0.000000,0.343087,1.544514,60,40,2440,263260,true,0.000000,-0.225305,0.000000,1.000000,0.116007,0.500000,0.058004,0.339164,0.300000,0.101749,1.000000,0.200000,0.200000,0.160000,0.500000,-0.080000,1.000000,0.500000,-0.500000,0.050575,0.100000,-0.005057
t25-d0.4-a1.0-sparse,25,0.400000,1.000000,21,2631,2640,ga-timeline,curated-textbook,lexicographic,goal-priority,20260927,3,4,true,true,true,40,1,2,22,3,2246,0.850758,false,0.000000,0.363168,1.683893,60,40,2440,91126,true,0.000000,-0.213925,0.000000,1.000000,0.137508,0.500000,0.068754,0.341069,0.300000,0.102321,1.000000,0.200000,0.200000,0.120000,0.500000,-0.060000,1.000000,0.500000,-0.500000,0.250000,0.100000,-0.025000
t25-d0.4-a1.0-sparse,25,0.400000,1.000000,21,2631,2640,ga-timeline,curated-textbook,lexicographic,goal-priority,20260928,3,4,true,true,true,40,1,3,21,4,2119,0.802652,false,0.000000,0.246830,1.546169,60,40,2440,106141,true,0.000000,-0.242574,0.000000,1.000000,0.116007,0.500000,0.058004,0.339164,0.300000,0.101749,1.000000,0.200000,0.200000,0.160000,0.500000,-0.080000,1.000000,0.500000,-0.500000,0.223271,0.100000,-0.022327
t25-d0.4-a1.0-sparse,25,0.400000,1.000000,21,2631,2640,ga-timeline,curated-textbook,lexicographic,goal-priority,20260929,3,4,true,true,true,40,1,2,22,3,2193,0.830682,false,0.000000,0.264234,1.630707,60,40,2440,99371,true,0.000000,-0.207398,0.000000,1.000000,0.139569,0.500000,0.069785,0.350386,0.300000,0.105116,1.000000,0.200000,0.200000,0.120000,0.500000,-0.060000,1.000000,0.500000,-0.500000,0.222988,0.100000,-0.022299
t25-d0.4-a1.0-sparse,25,0.400000,1.000000,21,2631,2640,ga-timeline,all,lexicographic,goal-priority,20260925,5,5,true,true,true,40,2,0,22,3,2358,0.893182,false,0.000000,0.291962,1.550421,60,40,2440,124258,true,0.000000,-0.218242,0.000000,1.000000,0.132998,0.500000,0.066499,0.343807,0.300000,0.103142,1.000000,0.200000,0.200000,0.120000,0.500000,-0.060000,1.000000,0.500000,-0.500000,0.278826,0.100000,-0.027883
t25-d0.4-a1.0-sparse,25,0.400000,1.000000,21,2631,2640,ga-timeline,all,lexicographic,goal-priority,20260926,5,5,true,true,true,40,2,3,22,3,2223,0.842045,false,0.000000,0.311766,1.647203,60,40,2440,110393,true,0.000000,-0.211252,0.000000,1.000000,0.132837,0.500000,0.066419,0.347618,0.300000,0.104285,1.000000,0.200000,0.200000,0.120000,0.500000,-0.060000,1.000000,0.500000,-0.500000,0.219562,0.100000,-0.021956
t25-d0.4-a1.0-sparse,25,0.400000,1.000000,21,2631,2640,ga-timeline,all,lexicographic,goal-priority,20260927,5,5,true,true,true,40,2,0,21,4,2222,0.841667,false,0.000000,0.310426,1.569719,60,40,2440,116036,true,0.000000,-0.251591,0.000000,1.000000,0.130183,0.500000,0.065091,0.317611,0.300000,0.095283,1.000000,0.200000,0.200000,0.160000,0.500000,-0.080000,1.000000,0.500000,-0.500000,0.319662,0.100000,-0.031966
t25-d0.4-a1.0-sparse,25,0.400000,1.000000,21,2631,2640,ga-timeline,all,lexicographic,goal-priority,20260928,5,5,true,true,true,40,2,3,21,4,2140,0.810606,false,0.000000,0.260854,1.659786,60,40,2440,118984,true,0.000000,-0.222310,0.000000,1.000000,0.122739,0.500000,0.061370,0.341069,0.300000,0.102321,1.000000,0.200000,0.200000,0.160000,0.500000,-0.080000,1.000000,0.500000,-0.500000,0.060001,0.100000,-0.006000
t25-d0.4-a1.0-sparse,25,0.400000,1.000000,21,2631,2640,ga-timeline,all,lexicographic,goal-priority,20260929,5,5,true,true,true,40,2,2,23,2,2341,0.886742,false,0.000000,0.355781,1.645937,60,40,2440,114158,true,0.000000,-0.194030,0.000000,1.000000,0.142935,0.500000,0.071468,0.354167,0.300000,0.106250,1.000000,0.200000,0.200000,0.080000,0.500000,-0.040000,1.000000,0.500000,-0.500000,0.317474,0.100000,-0.031747
t25-d0.4-a1.0-sparse,25,0.400000,1.000000,21,2631,2640,ga-timeline,curated,weighted,goal-priority,20260925,2,2,true,true,true,40,2,,23,2,2359,0.893561,false,0.000000,0.395870,1.549544,60,40,2440,134573,true,0.279976,0.279976,0.279976,1.000000,0.135653,0.500000,0.067826,0.373814,0.300000,0.112144,1.000000,0.200000,0.200000,0.080000,0.500000,-0.040000,0.080000,0.500000,-0.040000,0.199945,0.100000,-0.019994
t25-d0.4-a1.0-sparse,25,0.400000,1.000000,21,2631,2640,ga-timeline,curated,weighted,goal-priority,20260926,2,2,true,true,true,40,2,,23,2,2359,0.893561,false,0.000000,0.376661,1.549544,60,40,2440,118427,true,0.269911,0.269911,0.269911,1.000000,0.135653,0.500000,0.067826,0.373814,0.300000,0.112144,1.000000,0.200000,0.200000,0.080000,0.500000,-0.040000,0.080000,0.500000,-0.040000,0.300592,0.100000,-0.030059
t25-d0.4-a1.0-sparse,25,0.400000,1.000000,21,2631,2640,ga-timeline,curated,weighted,goal-priority,20260927,2,2,true,true,true,40,1,,24,1,2477,0.938258,false,0.000000,0.360408,1.468971,60,40,2440,167903,true,0.316797,0.316797,0.316797,1.000000,0.145751,0.500000,0.072875,0.380363,0.300000,0.114109,1.000000,0.200000,0.200000,0.040000,0.500000,-0.020000,0.080000,0.500000,-0.040000,0.101872,0.100000,-0.010187
t25-d0.4-a1.0-sparse,25,0.400000,1.000000,21,2631,2640,ga-timeline,curated,weighted,goal-priority,20260928,2,2,true,true,true,40,1,,23,2,2359,0.893561,false,0.000000,0.346406,1.549544,60,40,2440,124585,true,0.290031,0.290031,0.290031,1.000000,0.135653,0.500000,0.067826,0.373814,0.300000,0.112144,1.000000,0.200000,0.200000,0.080000,0.500000,-0.040000,0.080000,0.500000,-0.040000,0.099392,0.100000,-0.009939
t25-d0.4-a1.0-sparse,25,0.400000,1.000000,21,2631,2640,ga-timeline,curated,weighted,goal-priority,20260929,2,2,true,true,true,40,1,,23,2,2359,0.893561,false,0.000000,0.383064,1.493197,60,40,2440,115584,true,0.260394,0.260394,0.260394,1.000000,0.135653,0.500000,0.067826,0.373814,0.300000,0.112144,1.000000,0.200000,0.200000,0.080000,0.500000,-0.040000,0.080000,0.500000,-0.040000,0.395761,0.100000,-0.039576
t25-d0.4-a1.0-sparse,25,0.400000,1.000000,21,2631,2640,ga-timeline,curated-textbook,weighted,goal-priority,20260925,3,4,true,true,true,40,3,,23,2,2341,0.886742,false,0.000000,0.368665,1.662945,60,40,2440,111164,true,0.262768,0.262768,0.262768,1.000000,0.142935,0.500000,0.071468,0.354167,0.300000,0.106250,1.000000,0.200000,0.200000,0.080000,0.500000,-0.040000,0.120000,0.500000,-0.060000,0.149501,0.100000,-0.014950
t25-d0.4-a1.0-sparse,25,0.400000,1.000000,21,2631,2640,ga-timeline,curated-textbook,weighted,goal-priority,20260926,3,4,true,true,true,40,4,,24,1,2483,0.940530,false,0.000000,0.363365,1.488306,60,40,2440,109657,true,0.317311,0.317311,0.317311,1.000000,0.145751,0.500000,0.072875,0.380363,0.300000,0.114109,1.000000,0.200000,0.200000,0.040000,0.500000,-0.020000,0.040000,0.500000,-0.020000,0.296732,0.100000,-0.029673
t25-d0.4-a1.0-sparse,25,0.400000,1.000000,21,2631,2640,ga-timeline,curated-textbook,weighted,goal-priority,20260927,3,4,true,true,true,40,3,,24,1,2477,0.938258,false,0.000000,0.321288,1.489709,60,40,2440,105214,true,0.331856,0.331856,0.331856,1.000000,0.145751,0.500000,0.072875,0.380363,0.300000,0.114109,1.000000,0.200000,0.200000,0.040000,0.500000,-0.020000,0.040000,0.500000,-0.020000,0.151282,0.100000,-0.015128
t25-d0.4-a1.0-sparse,25,0.400000,1.000000,21,2631,2640,ga-timeline,curated-textbook,weighted,goal-priority,20260928,3,4,true,true,true,40,4,,23,2,2341,0.886742,false,0.000000,0.370383,1.662945,60,40,2440,123676,true,0.237949,0.237949,0.237949,1.000000,0.142935,0.500000,0.071468,0.354167,0.300000,0.106250,1.000000,0.200000,0.200000,0.080000,0.500000,-0.040000,0.120000,0.500000,-0.060000,0.397685,0.100000,-0.039768
t25-d0.4-a1.0-sparse,25,0.400000,1.000000,21,2631,2640,ga-timeline,curated-textbook,weighted,goal-priority,20260929,3,4,true,true,true,40,3,,23,2,2341,0.886742,false,0.000000,0.257516,1.589246,60,40,2440,152613,true,0.247751,0.247751,0.247751,1.000000,0.142935,0.500000,0.071468,0.354167,0.300000,0.106250,1.000000,0.200000,0.200000,0.080000,0.500000,-0.040000,0.120000,0.500000,-0.060000,0.299666,0.100000,-0.029967
t25-d0.4-a1.0-sparse,25,0.400000,1.000000,21,2631,2640,ga-timeline,all,weighted,goal-priority,20260925,5,5,true,true,true,40,2,,22,3,2358,0.893182,false,0.000000,0.291962,1.550421,60,40,2440,101257,true,0.181758,0.181758,0.181758,1.000000,0.132998,0.500000,0.066499,0.343807,0.300000,0.103142,1.000000,0.200000,0.200000,0.120000,0.500000,-0.060000,0.200000,0.500000,-0.100000,0.278826,0.100000,-0.027883
t25-d0.4-a1.0-sparse,25,0.400000,1.000000,21,2631,2640,ga-timeline,all,weighted,goal-priority,20260926,5,5,true,true,true,40,5,,22,3,2223,0.842045,false,0.000000,0.343679,1.647203,60,40,2440,107029,true,0.154780,0.154780,0.154780,1.000000,0.132837,0.500000,0.066419,0.347618,0.300000,0.104285,1.000000,0.200000,0.200000,0.120000,0.500000,-0.060000,0.240000,0.500000,-0.120000,0.359242,0.100000,-0.035924
t25-d0.4-a1.0-sparse,25,0.400000,1.000000,21,2631,2640,ga-timeline,all,weighted,goal-priority,20260927,5,5,true,true,true,40,2,,21,4,2222,0.841667,false,0.000000,0.310426,1.569719,60,40,2440,148918,true,0.108409,0.108409,0.108409,1.000000,0.130183,0.500000,0.065091,0.317611,0.300000,0.095283,1.000000,0.200000,0.200000,0.160000,0.500000,-0.080000,0.280000,0.500000,-0.140000,0.319662,0.100000,-0.031966
t25-d0.4-a1.0-sparse,25,0.400000,1.000000,21,2631,2640,ga-timeline,all,weighted,goal-priority,20260928,5,5,true,true,true,40,5,,23,2,2341,0.886742,false,0.000000,0.385501,1.613812,60,40,2440,104199,true,0.201861,0.201861,0.201861,1.000000,0.142935,0.500000,0.071468,0.354167,0.300000,0.106250,1.000000,0.200000,0.200000,0.080000,0.500000,-0.040000,0.200000,0.500000,-0.100000,0.358571,0.100000,-0.035857
t25-d0.4-a1.0-sparse,25,0.400000,1.000000,21,2631,2640,ga-timeline,all,weighted,goal-priority,20260929,5,5,true,true,true,40,4,,23,2,2341,0.886742,false,0.000000,0.391857,1.645937,60,40,2440,105203,true,0.232073,0.232073,0.232073,1.000000,0.142935,0.500000,0.071468,0.354167,0.300000,0.106250,1.000000,0.200000,0.200000,0.080000,0.500000,-0.040000,0.120000,0.500000,-0.060000,0.456446,0.100000,-0.045645
t25-d0.4-a1.5-compact,25,0.400000,1.500000,17,2658,4080,ga,curated,lexicographic,goal-priority,20260925,2,2,true,true,true,40,0,1,23,2,3027,0.741912,false,0.000000,0.311959,1.704728,60,40,2440,5436,true,0.078035,0.078035,0.078035,1.000000,0.159736,0.500000,0.079868,0.460556,0.300000,0.138167,1.000000,0.200000,0.200000,0.080000,0.500000,-0.040000,0.600000,0.500000,-0.300000,0.000000,0.100000,-0.000000
t25-d0.4-a1.5-compact,25,0.400000,1.500000,17,2658,4080,ga,curated,lexicographic,goal-priority,20260926,2,2,true,true,true,40,0,1,23,2,3032,0.743137,false,0.000000,0.293734,1.573358,60,40,2440,7561,true,0.123007,0.123007,0.123007,1.000000,0.178023,0.500000,0.089011,0.513319,0.300000,0.153996,1.000000,0.200000,0.200000,0.080000,0.500000,-0.040000,0.560000,0.500000,-0.280000,0.000000,0.100000,-0.000000
t25-d0.4-a1.5-compact,25,0.400000,1.500000,17,2658,4080,ga,curated,lexicographic,goal-priority,20260927,2,2,true,true,true,40,0,0,22,3,2989,0.732598,false,0.000000,0.236521,1.918520,60,40,2440,5163,true,0.098705,0.098705,0.098705,1.000000,0.171304,0.500000,0.085652,0.510177,0.300000,0.153053,1.000000,0.200000,0.200000,0.120000,0.500000,-0.060000,0.560000,0.500000,-0.280000,0.000000,0.100000,-0.000000
t25-d0.4-a1.5-compact,25,0.400000,1.500000,17,2658,4080,ga,curated,lexicographic,goal-priority,20260928,2,2,true,true,true,40,0,1,23,2,3156,0.773529,false,0.000000,0.293977,1.821701,60,40,2440,5021,true,0.087175,0.087175,0.087175,1.000000,0.180577,0.500000,0.090289,0.522954,0.300000,0.156886,1.000000,0.200000,0.200000,0.080000,0.500000,-0.040000,0.640000,0.500000,-0.320000,0.000000,0.100000,-0.000000
t25-d0.4-a1.5-compact,25,0.400000,1.500000,17,2658,4080,ga,curated,lexicographic,goal-priority,20260929,2,2,true,true,true,40,0,0,23,2,3115,0.763480,false,0.000000,0.257069,1.625090,60,40,2440,5001,true,0.121249,0.121249,0.121249,1.000000,0.173091,0.500000,0.086546,0.515677,0.300000,0.154703,1.000000,0.200000,0.200000,0.080000,0.500000,-0.040000,0.560000,0.500000,-0.280000,0.000000,0.100000,-0.000000
t25-d0.4-a1.5-compact,25,0.400000,1.500000,17,2658,4080,ga,curated-textbook,lexicographic,goal-priority,20260925,3,3,true,true,true,40,0,2,23,2,3029,0.742402,false,0.000000,0.267947,1.629690,60,40,2440,6273,true,0.084085,0.084085,0.084085,1.000000,0.160078,0.500000,0.080039,0.480155,0.300000,0.144046,1.000000,0.200000,0.200000,0.080000,0.500000,-0.040000,0.600000,0.500000,-0.300000,0.000000,0.100000,-0.000000
t25-d0.4-a1.5-compact,25,0.400000,1.500000,17,2658,4080,ga,curated-textbook,lexicographic,goal-priority,20260926,3,3,true,true,true,40,0,2,23,2,3034,0.743627,false,0.000000,0.296124,1.539846,60,40,2440,6601,true,0.130624,0.130624,0.130624,1.000000,0.178682,0.500000,0.089341,0.537609,0.300000,0.161283,1.000000,0.200000,0.200000,0.080000,0.500000,-0.040000,0.560000,0.500000,-0.280000,0.000000,0.100000,-0.000000
t25-d0.4-a1.5-compact,25,0.400000,1.500000,17,2658,4080,ga,curated-textbook,lexicographic,goal-priority,20260927,3,3,true,true,true,40,0,1,22,3,2986,0.731863,false,0.000000,0.242429,1.671870,60,40,2440,6553,true,0.096724,0.096724,0.096724,1.000000,0.172196,0.500000,0.086098,0.502087,0.300000,0.150626,1.000000,0.200000,0.200000,0.120000,0.500000,-0.060000,0.560000,0.500000,-0.280000,0.000000,0.100000,-0.000000
t25-d0.4-a1.5-compact,25,0.400000,1.500000,17,2658,4080,ga,curated-textbook,lexicographic,goal-priority,20260928,3,3,true,true,true,40,0,2,23,2,3158,0.774020,false,0.000000,0.281442,1.744026,60,40,2440,6514,true,0.093225,0.093225,0.093225,1.000000,0.180919,0.500000,0.090459,0.542553,0.300000,0.162766,1.000000,0.200000,0.200000,0.080000,0.500000,-0.040000,0.640000,0.500000,-0.320000,0.000000,0.100000,-0.000000
t25-d0.4-a1.5-compact,25,0.400000,1.500000,17,2658,4080,ga,curated-textbook,lexicographic,goal-priority,20260929,3,3,true,true,true,40,0,1,22,3,2964,0.726471,false,0.000000,0.281471,1.779349,60,40,2440,6492,true,0.090133,0.090133,0.090133,1.000000,0.170276,0.500000,0.085138,0.483318,0.300000,0.144995,1.000000,0.200000,0.200000,0.120000,0.500000,-0.060000,0.560000,0.500000,-0.280000,0.000000,0.100000,-0.000000
t25-d0.4-a1.5-compact,25,0.400000,1.500000,17,2658,4080,ga,all,lexicographic,goal-priority,20260925,5,4,true,true,true,40,1,2,23,2,3027,0.741912,false,0.000000,0.311959,1.922744,60,40,2440,6523,true,0.062410,0.062410,0.062410,1.000000,0.165328,0.500000,0.082664,0.482488,0.300000,0.144746,1.000000,0.200000,0.200000,0.080000,0.500000,-0.040000,0.600000,0.500000,-0.300000,0.250000,0.100000,-0.025000
t25-d0.4-a1.5-compact,25,0.400000,1.500000,17,2658,4080,ga,all,lexicographic,goal-priority,20260926,5,4,true,true,true,40,1,1,23,2,3032,0.743137,false,0.000000,0.293734,1.573358,60,40,2440,5066,true,0.098007,0.098007,0.098007,1.000000,0.178023,0.500000,0.089011,0.513319,0.300000,0.153996,1.000000,0.200000,0.200000,0.080000,0.500000,-0.040000,0.560000,0.500000,-0.280000,0.250000,0.100000,-0.025000
t25-d0.4-a1.5-compact,25,0.400000,1.500000,17,2658,4080,ga,all,lexicographic,goal-priority,20260927,5,4,true,true,true,40,1,1,22,3,2989,0.732598,false,0.000000,0.236521,1.693268,60,40,2440,5052,true,0.064330,0.064330,0.064330,1.000000,0.165712,0.500000,0.082856,0.488244,0.300000,0.146473,1.000000,0.200000,0.200000,0.120000,0.500000,-0.060000,0.560000,0.500000,-0.280000,0.250000,0.100000,-0.025000
t25-d0.4-a1.5-compact,25,0.400000,1.500000,17,2658,4080,ga,all,lexicographic,goal-priority,20260928,5,4,true,true,true,40,1,2,23,2,3156,0.773529,false,0.000000,0.293977,1.821701,60,40,2440,5037,true,0.052799,0.052799,0.052799,1.000000,0.174986,0.500000,0.087493,0.501022,0.300000,0.150307,1.000000,0.200000,0.200000,0.080000,0.500000,-0.040000,0.640000,0.500000,-0.320000,0.250000,0.100000,-0.025000
t25-d0.4-a1.5-compact,25,0.400000,1.500000,17,2658,4080,ga,all,lexicographic,goal-priority,20260929,5,4,true,true,true,40,1,1,22,3,2964,0.726471,false,0.000000,0.281471,1.955681,60,40,2440,5050,true,0.098013,0.098013,0.098013,1.000000,0.175867,0.500000,0.087934,0.505250,0.300000,0.151575,1.000000,0.200000,0.200000,0.120000,0.500000,-0.060000,0.560000,0.500000,-0.280000,0.014952,0.100000,-0.001495
t25-d0.4-a1.5-compact,25,0.400000,1.500000,17,2658,4080,ga,curated,weighted,goal-priority,20260925,2,2,true,true,true,40,1,,23,2,3027,0.741912,false,0.000000,0.311959,1.704728,60,40,2440,5029,true,0.074910,0.074910,0.074910,1.000000,0.159736,0.500000,0.079868,0.460556,0.300000,0.138167,1.000000,0.200000,0.200000,0.080000,0.500000,-0.040000,0.600000,0.500000,-0.300000,0.031250,0.100000,-0.003125
t25-d0.4-a1.5-compact,25,0.400000,1.500000,17,2658,4080,ga,curated,weighted,goal-priority,20260926,2,2,true,true,true,40,1,,23,2,3032,0.743137,false,0.000000,0.293734,1.573358,60,40,2440,5006,true,0.119882,0.119882,0.119882,1.000000,0.178023,0.500000,0.089011,0.513319,0.300000,0.153996,1.000000,0.200000,0.200000,0.080000,0.500000,-0.040000,0.560000,0.500000,-0.280000,0.031250,0.100000,-0.003125
t25-d0.4-a1.5-compact,25,0.400000,1.500000,17,2658,4080,ga,curated,weighted,goal-priority,20260927,2,2,true,true,true,40,0,,22,3,2989,0.732598,false,0.000000,0.236521,1.918520,60,40,2440,5028,true,0.098705,0.098705,0.098705,1.000000,0.171304,0.500000,0.085652,0.510177,0.300000,0.153053,1.000000,0.200000,0.200000,0.120000,0.500000,-0.060000,0.560000,0.500000,-0.280000,0.000000,0.100000,-0.000000
t25-d0.4-a1.5-compact,25,0.400000,1.500000,17,2658,4080,ga,curated,weighted,goal-priority,20260928,2,2,true,true,true,40,1,,23,2,3156,0.773529,false,0.000000,0.293977,1.821701,60,40,2440,4979,true,0.084050,0.084050,0.084050,1.000000,0.180577,0.500000,0.090289,0.522954,0.300000,0.156886,1.000000,0.200000,0.200000,0.080000,0.500000,-0.040000,0.640000,0.500000,-0.320000,0.031250,0.100000,-0.003125
t25-d0.4-a1.5-compact,25,0.400000,1.500000,17,2658,4080,ga,curated,weighted,goal-priority,20260929,2,2,true,true,true,40,0,,23,2,3115,0.763480,false,0.000000,0.257069,1.625090,60,40,2440,5084,true,0.121249,0.121249,0.121249,1.000000,0.173091,0.500000,0.086546,0.515677,0.300000,0.154703,1.000000,0.200000,0.200000,0.080000,0.500000,-0.040000,0.560000,0.500000,-0.280000,0.000000,0.100000,-0.000000
t25-d0.4-a1.5-compact,25,0.400000,1.500000,17,2658,4080,ga,curated-textbook,weighted,goal-priority,20260925,3,3,true,true,true,40,2,,23,2,3027,0.741912,false,0.000000,0.311959,1.704728,60,40,2440,4999,true,0.042618,0.042618,0.042618,1.000000,0.159736,0.500000,0.079868,0.460556,0.300000,0.138167,1.000000,0.200000,0.200000,0.080000,0.500000,-0.040000,0.600000,0.500000,-0.300000,0.354167,0.100000,-0.035417
t25-d0.4-a1.5-compact,25,0.400000,1.500000,17,2658,4080,ga,curated-textbook,weighted,goal-priority,20260926,3,3,true,true,true,40,2,,23,2,3032,0.743137,false,0.000000,0.293734,1.573358,60,40,2440,4984,true,0.087590,0.087590,0.087590,1.000000,0.178023,0.500000,0.089011,0.513319,0.300000,0.153996,1.000000,0.200000,0.200000,0.080000,0.500000,-0.040000,0.560000,0.500000,-0.280000,0.354167,0.100000,-0.035417
t25-d0.4-a1.5-compact,25,0.400000,1.500000,17,2658,4080,ga,curated-textbook,weighted,goal-priority,20260927,3,3,true,true,true,40,1,,22,3,2989,0.732598,false,0.000000,0.236521,1.918520,60,40,2440,4993,true,0.065372,0.065372,0.065372,1.000000,0.171304,0.500000,0.085652,0.510177,0.300000,0.153053,1.000000,0.200000,0.200000,0.120000,0.500000,-0.060000,0.560000,0.500000,-0.280000,0.333333,0.100000,-0.033333
t25-d0.4-a1.5-compact,25,0.400000,1.500000,17,2658,4080,ga,curated-textbook,weighted,goal-priority,20260928,3,3,true,true,true,40,2,,23,2,3156,0.773529,false,0.000000,0.293977,1.821701,60,40,2440,4980,true,0.051758,0.051758,0.051758,1.000000,0.180577,0.500000,0.090289,0.522954,0.300000,0.156886,1.000000,0.200000,0.200000,0.080000,0.500000,-0.040000,0.640000,0.500000,-0.320000,0.354167,0.100000,-0.035417
t25-d0.4-a1.5-compact,25,0.400000,1.500000,17,2658,4080,ga,curated-textbook,weighted,goal-priority,20260929,3,3,true,true,true,40,1,,23,2,3115,0.763480,false,0.000000,0.257069,1.625090,60,40,2440,5071,true,0.119434,0.119434,0.119434,1.000000,0.173091,0.500000,0.086546,0.515677,0.300000,0.154703,1.000000,0.200000,0.200000,0.080000,0.500000,-0.040000,0.560000,0.500000,-0.280000,0.018142,0.100000,-0.001814
t25-d0.4-a1.5-compact,25,0.400000,1.500000,17,2658,4080,ga,all,weighted,goal-priority,20260925,5,4,true,true,true,40,3,,23,2,3027,0.741912,false,0.000000,0.311959,1.704728,60,40,2440,4984,true,0.049747,0.049747,0.049747,1.000000,0.159736,0.500000,0.079868,0.460556,0.300000,0.138167,1.000000,0.200000,0.200000,0.080000,0.500000,-0.040000,0.600000,0.500000,-0.300000,0.282878,0.100000,-0.028288
t25-d0.4-a1.5-compact,25,0.400000,1.500000,17,2658,4080,ga,all,weighted,goal-priority,20260926,5,4,true,true,true,40,2,,23,2,3032,0.743137,false,0.000000,0.293734,1.573358,60,40,2440,5066,true,0.096445,0.096445,0.096445,1.000000,0.178023,0.500000,0.089011,0.513319,0.300000,0.153996,1.000000,0.200000,0.200000,0.080000,0.500000,-0.040000,0.560000,0.500000,-0.280000,0.265625,0.100000,-0.026563
t25-d0.4-a1.5-compact,25,0.400000,1.500000,17,2658,4080,ga,all,weighted,goal-priority,20260927,5,4,true,true,true,40,2,,22,3,2989,0.732598,false,0.000000,0.236521,1.918520,60,40,2440,5118,true,0.072054,0.072054,0.072054,1.000000,0.171304,0.500000,0.085652,0.510177,0.300000,0.153053,1.000000,0.200000,0.200000,0.120000,0.500000,-0.060000,0.560000,0.500000,-0.280000,0.266504,0.100000,-0.026650
t25-d0.4-a1.5-compact,25,0.400000,1.500000,17,2658,4080,ga,all,weighted,goal-priority,20260928,5,4,true,true,true,40,3,,23,2,3156,0.773529,false,0.000000,0.293977,1.821701,60,40,2440,5043,true,0.057578,0.057578,0.057578,1.000000,0.180577,0.500000,0.090289,0.522954,0.300000,0.156886,1.000000,0.200000,0.200000,0.080000,0.500000,-0.040000,0.640000,0.500000,-0.320000,0.295964,0.100000,-0.029596
t25-d0.4-a1.5-compact,25,0.400000,1.500000,17,2658,4080,ga,all,weighted,goal-priority,20260929,5,4,true,true,true,40,2,,23,2,3115,0.763480,false,0.000000,0.257069,1.625090,60,40,2440,5063,true,0.116727,0.116727,0.116727,1.000000,0.173091,0.500000,0.086546,0.515677,0.300000,0.154703,1.000000,0.200000,0.200000,0.080000,0.500000,-0.040000,0.560000,0.500000,-0.280000,0.045215,0.100000,-0.004521
t25-d0.4-a1.5-compact,25,0.400000,1.500000,17,2658,4080,ga-timeline,curated,lexicographic,goal-priority,20260925,2,2,true,true,true,40,0,0,25,0,3272,0.801961,false,0.000000,0.328681,1.811035,60,40,2440,174138,true,0.243284,0.243284,0.243284,1.000000,0.205852,0.500000,0.102926,0.601193,0.300000,0.180358,1.000000,0.200000,0.200000,0.000000,0.500000,-0.000000,0.480000,0.500000,-0.240000,0.000000,0.100000,-0.000000
t25-d0.4-a1.5-compact,25,0.400000,1.500000,17,2658,4080,ga-timeline,curated,lexicographic,goal-priority,20260926,2,2,true,true,true,39,0,1,25,0,3220,0.789216,false,0.000000,0.393662,1.812251,60,40,2440,195283,true,0.210184,0.210184,0.210184,1.000000,0.197373,0.500000,0.098687,0.571658,0.300000,0.171498,1.000000,0.200000,0.200000,0.000000,0.500000,-0.000000,0.520000,0.500000,-0.260000,0.000000,0.100000,-0.000000
t25-d0.4-a1.5-compact,25,0.400000,1.500000,17,2658,4080,ga-timeline,curated,lexicographic,goal-priority,20260927,2,2,true,true,true,40,0,0,25,0,3272,0.801961,false,0.000000,0.271530,1.529629,60,40,2440,174919,true,0.252493,0.252493,0.252493,1.000000,0.220677,0.500000,0.110338,0.607181,0.300000,0.182154,1.000000,0.200000,0.200000,0.000000,0.500000,-0.000000,0.480000,0.500000,-0.240000,0.000000,0.100000,-0.000000
t25-d0.4-a1.5-compact,25,0.400000,1.500000,17,2658,4080,ga-timeline,curated,lexicographic,goal-priority,20260928,2,2,true,true,true,40,0,0,25,0,3272,0.801961,false,0.000000,0.283250,1.605083,60,40,2440,153508,true,0.247285,0.247285,0.247285,1.000000,0.217640,0.500000,0.108820,0.594883,0.300000,0.178465,1.000000,0.200000,0.200000,0.000000,0.500000,-0.000000,0.480000,0.500000,-0.240000,0.000000,0.100000,-0.000000
t25-d0.4-a1.5-compact,25,0.400000,1.500000,17,2658,4080,ga-timeline,curated,lexicographic,goal-priority,20260929,2,2,true,true,true,40,0,0,25,0,3272,0.801961,false,0.000000,0.413089,1.846853,60,40,2440,158641,true,0.254843,0.254843,0.254843,1.000000,0.223189,0.500000,0.111594,0.610828,0.300000,0.183248,1.000000,0.200000,0.200000,0.000000,0.500000,-0.000000,0.480000,0.500000,-0.240000,0.000000,0.100000,-0.000000
t25-d0.4-a1.5-compact,25,0.400000,1.500000,17,2658,4080,ga-timeline,curated-textbook,lexicographic,goal-priority,20260925,3,3,true,true,true,40,0,0,25,0,3272,0.801961,false,0.000000,0.382539,1.622333,60,40,2440,166542,true,0.253515,0.253515,0.253515,1.000000,0.217867,0.500000,0.108934,0.615270,0.300000,0.184581,1.000000,0.200000,0.200000,0.000000,0.500000,-0.000000,0.480000,0.500000,-0.240000,0.000000,0.100000,-0.000000
t25-d0.4-a1.5-compact,25,0.400000,1.500000,17,2658,4080,ga-timeline,curated-textbook,lexicographic,goal-priority,20260926,3,3,true,true,true,40,0,1,25,0,3272,0.801961,false,0.000000,0.279299,1.799842,60,40,2440,229217,true,0.244147,0.244147,0.244147,1.000000,0.205399,0.500000,0.102700,0.604826,0.300000,0.181448,1.000000,0.200000,0.200000,0.000000,0.500000,-0.000000,0.480000,0.500000,-0.240000,0.000000,0.100000,-0.000000
t25-d0.4-a1.5-compact,25,0.400000,1.500000,17,2658,4080,ga-timeline,curated-textbook,lexicographic,goal-priority,20260927,3,3,true,true,true,40,0,1,25,0,3272,0.801961,false,0.000000,0.468001,1.961022,60,40,2440,177628,true,0.262522,0.262522,0.262522,1.000000,0.226650,0.500000,0.113325,0.630658,0.300000,0.189197,1.000000,0.200000,0.200000,0.000000,0.500000,-0.000000,0.480000,0.500000,-0.240000,0.000000,0.100000,-0.000000
t25-d0.4-a1.5-compact,25,0.400000,1.500000,17,2658,4080,ga-timeline,curated-textbook,lexicographic,goal-priority,20260928,3,3,true,true,true,40,0,1,24,1,3103,0.760539,false,0.000000,0.302234,1.845632,60,40,2440,178982,true,0.183867,0.183867,0.183867,1.000000,0.189833,0.500000,0.094917,0.563167,0.300000,0.168950,1.000000,0.200000,0.200000,0.040000,0.500000,-0.020000,0.520000,0.500000,-0.260000,0.000000,0.100000,-0.000000
t25-d0.4-a1.5-compact,25,0.400000,1.500000,17,2658,4080,ga-timeline,curated-textbook,lexicographic,goal-priority,20260929,3,3,true,true,true,40,0,0,25,0,3272,0.801961,false,0.000000,0.323413,1.815512,60,40,2440,184188,true,0.258035,0.258035,0.258035,1.000000,0.223607,0.500000,0.111803,0.620771,0.300000,0.186231,1.000000,0.200000,0.200000,0.000000,0.500000,-0.000000,0.480000,0.500000,-0.240000,0.000000,0.100000,-0.000000
t25-d0.4-a1.5-compact,25,0.400000,1.500000,17,2658,4080,ga-timeline,all,lexicographic,goal-priority,20260925,5,4,true,true,true,40,1,0,25,0,3199,0.784069,false,0.000000,0.287728,1.833134,60,40,2440,160959,true,0.222654,0.222654,0.222654,1.000000,0.208513,0.500000,0.104257,0.609535,0.300000,0.182860,1.000000,0.200000,0.200000,0.000000,0.500000,-0.000000,0.520000,0.500000,-0.260000,0.044626,0.100000,-0.004463
t25-d0.4-a1.5-compact,25,0.400000,1.500000,17,2658,4080,ga-timeline,all,lexicographic,goal-priority,20260926,5,4,true,true,true,40,1,1,25,0,3272,0.801961,false,0.000000,0.272452,1.768501,60,40,2440,162634,true,0.249877,0.249877,0.249877,1.000000,0.225425,0.500000,0.112713,0.615771,0.300000,0.184731,1.000000,0.200000,0.200000,0.000000,0.500000,-0.000000,0.480000,0.500000,-0.240000,0.075672,0.100000,-0.007567
t25-d0.4-a1.5-compact,25,0.400000,1.500000,17,2658,4080,ga-timeline,all,lexicographic,goal-priority,20260927,5,4,true,true,true,40,1,0,25,0,3272,0.801961,false,0.000000,0.298789,1.799842,60,40,2440,176904,true,0.241003,0.241003,0.241003,1.000000,0.215808,0.500000,0.107904,0.607990,0.300000,0.182397,1.000000,0.200000,0.200000,0.000000,0.500000,-0.000000,0.480000,0.500000,-0.240000,0.092980,0.100000,-0.009298
t25-d0.4-a1.5-compact,25,0.400000,1.500000,17,2658,4080,ga-timeline,all,lexicographic,goal-priority,20260928,5,4,true,true,true,40,1,1,25,0,3272,0.801961,false,0.000000,0.293521,1.598367,60,40,2440,203465,true,0.247870,0.247870,0.247870,1.000000,0.220677,0.500000,0.110338,0.607181,0.300000,0.182154,1.000000,0.200000,0.200000,0.000000,0.500000,-0.000000,0.480000,0.500000,-0.240000,0.046230,0.100000,-0.004623
t25-d0.4-a1.5-compact,25,0.400000,1.500000,17,2658,4080,ga-timeline,all,lexicographic,goal-priority,20260929,5,4,true,true,true,40,1,2,25,0,3272,0.801961,false,0.000000,0.443508,1.925204,60,40,2440,167949,true,0.238907,0.238907,0.238907,1.000000,0.207593,0.500000,0.103796,0.603782,0.300000,0.181135,1.000000,0.200000,0.200000,0.000000,0.500000,-0.000000,0.480000,0.500000,-0.240000,0.060243,0.100000,-0.006024
t25-d0.4-a1.5-compact,25,0.400000,1.500000,17,2658,4080,ga-timeline,curated,weighted,goal-priority,20260925,2,2,true,true,true,40,0,,25,0,3272,0.801961,false,0.000000,0.328681,1.811035,60,40,2440,203855,true,0.483284,0.483284,0.483284,1.000000,0.205852,0.500000,0.102926,0.601193,0.300000,0.180358,1.000000,0.200000,0.200000,0.000000,0.500000,-0.000000,0.000000,0.500000,-0.000000,0.000000,0.100000,-0.000000
t25-d0.4-a1.5-compact,25,0.400000,1.500000,17,2658,4080,ga-timeline,curated,weighted,goal-priority,20260926,2,2,true,true,true,39,1,,25,0,3272,0.801961,false,0.000000,0.390967,1.799842,60,40,2440,175109,true,0.492203,0.492203,0.492203,1.000000,0.220677,0.500000,0.110338,0.607181,0.300000,0.182154,1.000000,0.200000,0.200000,0.000000,0.500000,-0.000000,0.000000,0.500000,-0.000000,0.002900,0.100000,-0.000290
t25-d0.4-a1.5-compact,25,0.400000,1.500000,17,2658,4080,ga-timeline,curated,weighted,goal-priority,20260927,2,2,true,true,true,40,0,,25,0,3272,0.801961,false,0.000000,0.271530,1.529629,60,40,2440,181327,true,0.492493,0.492493,0.492493,1.000000,0.220677,0.500000,0.110338,0.607181,0.300000,0.182154,1.000000,0.200000,0.200000,0.000000,0.500000,-0.000000,0.000000,0.500000,-0.000000,0.000000,0.100000,-0.000000
t25-d0.4-a1.5-compact,25,0.400000,1.500000,17,2658,4080,ga-timeline,curated,weighted,goal-priority,20260928,2,2,true,true,true,40,0,,25,0,3272,0.801961,false,0.000000,0.283250,1.605083,60,40,2440,166288,true,0.487285,0.487285,0.487285,1.000000,0.217640,0.500000,0.108820,0.594883,0.300000,0.178465,1.000000,0.200000,0.200000,0.000000,0.500000,-0.000000,0.000000,0.500000,-0.000000,0.000000,0.100000,-0.000000
t25-d0.4-a1.5-compact,25,0.400000,1.500000,17,2658,4080,ga-timeline,curated,weighted,goal-priority,20260929,2,2,true,true,true,40,0,,25,0,3272,0.801961,false,0.000000,0.413089,1.846853,60,40,2440,182848,true,0.494843,0.494843,0.494843,1.000000,0.223189,0.500000,0.111594,0.610828,0.300000,0.183248,1.000000,0.200000,0.200000,0.000000,0.500000,-0.000000,0.000000,0.500000,-0.000000,0.000000,0.100000,-0.000000
t25-d0.4-a1.5-compact,25,0.400000,1.500000,17,2658,4080,ga-timeline,curated-textbook,weighted,goal-priority,20260925,3,3,true,true,true,40,0,,25,0,3272,0.801961,false,0.000000,0.382539,1.622333,60,40,2440,167468,true,0.493515,0.493515,0.493515,1.000000,0.217867,0.500000,0.108934,0.615270,0.300000,0.184581,1.000000,0.200000,0.200000,0.000000,0.500000,-0.000000,0.000000,0.500000,-0.000000,0.000000,0.100000,-0.000000
t25-d0.4-a1.5-compact,25,0.400000,1.500000,17,2658,4080,ga-timeline,curated-textbook,weighted,goal-priority,20260926,3,3,true,true,true,40,1,,25,0,3272,0.801961,false,0.000000,0.253358,1.693969,60,40,2440,177624,true,0.490121,0.490121,0.490121,1.000000,0.212880,0.500000,0.106440,0.612916,0.300000,0.183875,1.000000,0.200000,0.200000,0.000000,0.500000,-0.000000,0.000000,0.500000,-0.000000,0.001940,0.100000,-0.000194
t25-d0.4-a1.5-compact,25,0.400000,1.500000,17,2658,4080,ga-timeline,curated-textbook,weighted,goal-priority,20260927,3,3,true,true,true,40,1,,25,0,3272,0.801961,false,0.000000,0.468001,1.961022,60,40,2440,170016,true,0.500306,0.500306,0.500306,1.000000,0.226650,0.500000,0.113325,0.630658,0.300000,0.189197,1.000000,0.200000,0.200000,0.000000,0.500000,-0.000000,0.000000,0.500000,-0.000000,0.022169,0.100000,-0.002217
t25-d0.4-a1.5-compact,25,0.400000,1.500000,17,2658,4080,ga-timeline,curated-textbook,weighted,goal-priority,20260928,3,3,true,true,true,40,1,,25,0,3272,0.801961,false,0.000000,0.281538,1.799842,60,40,2440,181967,true,0.480390,0.480390,0.480390,1.000000,0.211958,0.500000,0.105979,0.588647,0.300000,0.176594,1.000000,0.200000,0.200000,0.000000,0.500000,-0.000000,0.000000,0.500000,-0.000000,0.021826,0.100000,-0.002183
t25-d0.4-a1.5-compact,25,0.400000,1.500000,17,2658,4080,ga-timeline,curated-textbook,weighted,goal-priority,20260929,3,3,true,true,true,40,0,,25,0,3272,0.801961,false,0.000000,0.323413,1.815512,60,40,2440,174737,true,0.498035,0.498035,0.498035,1.000000,0.223607,0.500000,0.111803,0.620771,0.300000,0.186231,1.000000,0.200000,0.200000,0.000000,0.500000,-0.000000,0.000000,0.500000,-0.000000,0.000000,0.100000,-0.000000
t25-d0.4-a1.5-compact,25,0.400000,1.500000,17,2658,4080,ga-timeline,all,weighted,goal-priority,20260925,5,4,true,true,true,40,1,,25,0,3199,0.784069,false,0.000000,0.287728,1.833134,60,40,2440,218599,true,0.482654,0.482654,0.482654,1.000000,0.208513,0.500000,0.104257,0.609535,0.300000,0.182860,1.000000,0.200000,0.200000,0.000000,0.500000,-0.000000,0.000000,0.500000,-0.000000,0.044626,0.100000,-0.004463
t25-d0.4-a1.5-compact,25,0.400000,1.500000,17,2658,4080,ga-timeline,all,weighted,goal-priority,20260926,5,4,true,true,true,40,2,,25,0,3272,0.801961,false,0.000000,0.300105,1.768501,60,40,2440,173716,true,0.485204,0.485204,0.485204,1.000000,0.225425,0.500000,0.112713,0.615771,0.300000,0.184731,1.000000,0.200000,0.200000,0.000000,0.500000,-0.000000,0.000000,0.500000,-0.000000,0.122399,0.100000,-0.012240
t25-d0.4-a1.5-compact,25,0.400000,1.500000,17,2658,4080,ga-timeline,all,weighted,goal-priority,20260927,5,4,true,true,true,40,1,,25,0,3272,0.801961,false,0.000000,0.298789,1.799842,60,40,2440,173735,true,0.481003,0.481003,0.481003,1.000000,0.215808,0.500000,0.107904,0.607990,0.300000,0.182397,1.000000,0.200000,0.200000,0.000000,0.500000,-0.000000,0.000000,0.500000,-0.000000,0.092980,0.100000,-0.009298
t25-d0.4-a1.5-compact,25,0.400000,1.500000,17,2658,4080,ga-timeline,all,weighted,goal-priority,20260928,5,4,true,true,true,40,2,,25,0,3272,0.801961,false,0.000000,0.293521,1.598367,60,40,2440,167307,true,0.486309,0.486309,0.486309,1.000000,0.220677,0.500000,0.110338,0.607181,0.300000,0.182154,1.000000,0.200000,0.200000,0.000000,0.500000,-0.000000,0.000000,0.500000,-0.000000,0.061831,0.100000,-0.006183
t25-d0.4-a1.5-compact,25,0.400000,1.500000,17,2658,4080,ga-timeline,all,weighted,goal-priority,20260929,5,4,true,true,true,40,3,,25,0,3272,0.801961,false,0.000000,0.443508,1.925204,60,40,2440,165199,true,0.492266,0.492266,0.492266,1.000000,0.227542,0.500000,0.113771,0.622316,0.300000,0.186695,1.000000,0.200000,0.200000,0.000000,0.500000,-0.000000,0.000000,0.500000,-0.000000,0.081998,0.100000,-0.008200
t25-d0.4-a1.5-sparse,25,0.400000,1.500000,31,2545,3840,ga,curated,lexicographic,goal-priority,20260925,2,2,true,true,true,40,0,2,21,4,2916,0.759375,true,0.005000,0.214257,1.742083,60,40,2440,6063,true,0.000000,-0.033916,0.000000,1.000000,0.147916,0.500000,0.073958,0.310420,0.300000,0.093126,0.995000,0.200000,0.199000,0.160000,0.500000,-0.080000,0.640000,0.500000,-0.320000,0.000000,0.100000,-0.000000
t25-d0.4-a1.5-sparse,25,0.400000,1.500000,31,2545,3840,ga,curated,lexicographic,goal-priority,20260926,2,2,true,true,true,40,0,2,22,3,2928,0.762500,false,0.000000,0.260425,2.031341,60,40,2440,4930,true,0.017252,0.017252,0.017252,1.000000,0.144659,0.500000,0.072329,0.283074,0.300000,0.084922,1.000000,0.200000,0.200000,0.120000,0.500000,-0.060000,0.560000,0.500000,-0.280000,0.000000,0.100000,-0.000000
t25-d0.4-a1.5-sparse,25,0.400000,1.500000,31,2545,3840,ga,curated,lexicographic,goal-priority,20260927,2,2,true,true,true,40,0,2,21,4,2907,0.757031,false,0.000000,0.248589,1.843359,60,40,2440,5655,true,0.000000,-0.050315,0.000000,1.000000,0.144383,0.500000,0.072192,0.258311,0.300000,0.077493,1.000000,0.200000,0.200000,0.160000,0.500000,-0.080000,0.640000,0.500000,-0.320000,0.000000,0.100000,-0.000000
t25-d0.4-a1.5-sparse,25,0.400000,1.500000,31,2545,3840,ga,curated,lexicographic,goal-priority,20260928,2,2,true,true,true,40,0,1,23,2,2963,0.771615,false,0.000000,0.224377,1.763989,60,40,2440,4950,true,0.042024,0.042024,0.042024,1.000000,0.161864,0.500000,0.080932,0.270308,0.300000,0.081092,1.000000,0.200000,0.200000,0.080000,0.500000,-0.040000,0.560000,0.500000,-0.280000,0.000000,0.100000,-0.000000
t25-d0.4-a1.5-sparse,25,0.400000,1.500000,31,2545,3840,ga,curated,lexicographic,goal-priority,20260929,2,2,true,true,true,40,0,2,22,3,2989,0.778385,false,0.000000,0.252333,1.821381,60,40,2440,5556,true,0.000000,-0.015223,0.000000,1.000000,0.152499,0.500000,0.076249,0.295092,0.300000,0.088528,1.000000,0.200000,0.200000,0.120000,0.500000,-0.060000,0.640000,0.500000,-0.320000,0.000000,0.100000,-0.000000
t25-d0.4-a1.5-sparse,25,0.400000,1.500000,31,2545,3840,ga,curated-textbook,lexicographic,goal-priority,20260925,3,4,true,true,true,40,1,2,22,3,3050,0.794271,false,0.000000,0.228723,1.711185,60,40,2440,4854,true,0.000000,-0.028213,0.000000,1.000000,0.158014,0.500000,0.079007,0.314856,0.300000,0.094457,1.000000,0.200000,0.200000,0.120000,0.500000,-0.060000,0.640000,0.500000,-0.320000,0.216770,0.100000,-0.021677
t25-d0.4-a1.5-sparse,25,0.400000,1.500000,31,2545,3840,ga,curated-textbook,lexicographic,goal-priority,20260926,3,4,true,true,true,40,1,2,23,2,3062,0.797396,false,0.000000,0.268528,1.995825,60,40,2440,5122,true,0.018631,0.018631,0.018631,1.000000,0.154757,0.500000,0.077378,0.287511,0.300000,0.086253,1.000000,0.200000,0.200000,0.080000,0.500000,-0.040000,0.560000,0.500000,-0.280000,0.250000,0.100000,-0.025000
t25-d0.4-a1.5-sparse,25,0.400000,1.500000,31,2545,3840,ga,curated-textbook,lexicographic,goal-priority,20260927,3,4,true,true,true,40,1,2,22,3,3041,0.791927,false,0.000000,0.257738,1.699689,60,40,2440,5159,true,0.000000,-0.030272,0.000000,1.000000,0.171302,0.500000,0.085651,0.291384,0.300000,0.087415,1.000000,0.200000,0.200000,0.120000,0.500000,-0.060000,0.640000,0.500000,-0.320000,0.233385,0.100000,-0.023338
t25-d0.4-a1.5-sparse,25,0.400000,1.500000,31,2545,3840,ga,curated-textbook,lexicographic,goal-priority,20260928,3,4,true,true,true,40,1,2,24,1,2999,0.780990,false,0.000000,0.219989,1.681695,60,40,2440,4956,true,0.062506,0.062506,0.062506,1.000000,0.152946,0.500000,0.076473,0.292572,0.300000,0.087771,1.000000,0.200000,0.200000,0.040000,0.500000,-0.020000,0.560000,0.500000,-0.280000,0.017381,0.100000,-0.001738
t25-d0.4-a1.5-sparse,25,0.400000,1.500000,31,2545,3840,ga,curated-textbook,lexicographic,goal-priority,20260929,3,4,true,true,true,40,1,2,24,1,3158,0.822396,false,0.000000,0.218409,1.756524,60,40,2440,5144,true,0.009045,0.009045,0.009045,1.000000,0.156803,0.500000,0.078401,0.307899,0.300000,0.092370,1.000000,0.200000,0.200000,0.040000,0.500000,-0.020000,0.640000,0.500000,-0.320000,0.217261,0.100000,-0.021726
t25-d0.4-a1.5-sparse,25,0.400000,1.500000,31,2545,3840,ga,all,lexicographic,goal-priority,20260925,5,5,true,true,true,40,2,1,23,2,3086,0.803646,false,0.000000,0.224445,1.679179,60,40,2440,4338,true,0.000000,-0.002304,0.000000,1.000000,0.166737,0.500000,0.083369,0.336556,0.300000,0.100967,1.000000,0.200000,0.200000,0.080000,0.500000,-0.040000,0.640000,0.500000,-0.320000,0.266394,0.100000,-0.026639
t25-d0.4-a1.5-sparse,25,0.400000,1.500000,31,2545,3840,ga,all,lexicographic,goal-priority,20260926,5,5,true,true,true,40,2,1,24,1,3098,0.806771,false,0.000000,0.263576,1.959016,60,40,2440,4387,true,0.039176,0.039176,0.039176,1.000000,0.155695,0.500000,0.077847,0.297756,0.300000,0.089327,1.000000,0.200000,0.200000,0.040000,0.500000,-0.020000,0.560000,0.500000,-0.280000,0.279979,0.100000,-0.027998
t25-d0.4-a1.5-sparse,25,0.400000,1.500000,31,2545,3840,ga,all,lexicographic,goal-priority,20260927,5,5,true,true,true,40,2,1,23,2,3077,0.801302,false,0.000000,0.252817,1.667241,60,40,2440,4216,true,0.000000,-0.014050,0.000000,1.000000,0.172240,0.500000,0.086120,0.301629,0.300000,0.090489,1.000000,0.200000,0.200000,0.080000,0.500000,-0.040000,0.640000,0.500000,-0.320000,0.306584,0.100000,-0.030658
t25-d0.4-a1.5-sparse,25,0.400000,1.500000,31,2545,3840,ga,all,lexicographic,goal-priority,20260928,5,5,true,true,true,40,1,2,24,1,2999,0.780990,false,0.000000,0.219989,1.681695,60,40,2440,4317,true,0.062854,0.062854,0.062854,1.000000,0.152946,0.500000,0.076473,0.292572,0.300000,0.087771,1.000000,0.200000,0.200000,0.040000,0.500000,-0.020000,0.560000,0.500000,-0.280000,0.013905,0.100000,-0.001391
t25-d0.4-a1.5-sparse,25,0.400000,1.500000,31,2545,3840,ga,all,lexicographic,goal-priority,20260929,5,5,true,true,true,40,2,1,25,0,3230,0.841146,false,0.000000,0.250796,1.740415,60,40,2440,4040,true,0.030270,0.030270,0.030270,1.000000,0.173633,0.500000,0.086816,0.313626,0.300000,0.094088,1.000000,0.200000,0.200000,0.000000,0.500000,-0.000000,0.640000,0.500000,-0.320000,0.306344,0.100000,-0.030634
t25-d0.4-a1.5-sparse,25,0.400000,1.500000,31,2545,3840,ga,curated,weighted,goal-priority,20260925,2,2,true,true,true,40,2,,23,2,3183,0.828906,false,0.000000,0.224766,1.681582,60,40,2440,4603,true,0.000000,-0.043355,0.000000,1.000000,0.169165,0.500000,0.084582,0.328872,0.300000,0.098662,1.000000,0.200000,0.200000,0.080000,0.500000,-0.040000,0.640000,0.500000,-0.320000,0.665985,0.100000,-0.066599
t25-d0.4-a1.5-sparse,25,0.400000,1.500000,31,2545,3840,ga,curated,weighted,goal-priority,20260926,2,2,true,true,true,40,2,,24,1,3195,0.832031,false,0.000000,0.263948,1.961780,60,40,2440,4025,true,0.000000,-0.003912,0.000000,1.000000,0.158123,0.500000,0.079061,0.290072,0.300000,0.087022,1.000000,0.200000,0.200000,0.040000,0.500000,-0.020000,0.560000,0.500000,-0.280000,0.699947,0.100000,-0.069995
t25-d0.4-a1.5-sparse,25,0.400000,1.500000,31,2545,3840,ga,curated,weighted,goal-priority,20260927,2,2,true,true,true,40,2,,23,2,3174,0.826563,false,0.000000,0.249867,1.778014,60,40,2440,3982,true,0.000000,-0.084782,0.000000,1.000000,0.157847,0.500000,0.078923,0.265308,0.300000,0.079593,1.000000,0.200000,0.200000,0.080000,0.500000,-0.040000,0.640000,0.500000,-0.320000,0.832975,0.100000,-0.083298
t25-d0.4-a1.5-sparse,25,0.400000,1.500000,31,2545,3840,ga,curated,weighted,goal-priority,20260928,2,2,true,true,true,40,1,,23,2,2963,0.771615,false,0.000000,0.224377,1.912465,60,40,2440,3932,true,0.030636,0.030636,0.030636,1.000000,0.149396,0.500000,0.074698,0.264581,0.300000,0.079374,1.000000,0.200000,0.200000,0.080000,0.500000,-0.040000,0.560000,0.500000,-0.280000,0.034363,0.100000,-0.003436
t25-d0.4-a1.5-sparse,25,0.400000,1.500000,31,2545,3840,ga,curated,weighted,goal-priority,20260929,2,2,true,true,true,40,2,,25,0,3230,0.841146,false,0.000000,0.250796,1.740415,60,40,2440,4014,true,0.000000,-0.015853,0.000000,1.000000,0.173633,0.500000,0.086816,0.313626,0.300000,0.094088,1.000000,0.200000,0.200000,0.000000,0.500000,-0.000000,0.640000,0.500000,-0.320000,0.767578,0.100000,-0.076758
t25-d0.4-a1.5-sparse,25,0.400000,1.500000,31,2545,3840,ga,curated-textbook,weighted,goal-priority,20260925,3,4,true,true,true,40,3,,23,2,3183,0.828906,false,0.000000,0.224766,1.681582,60,40,2440,3959,true,0.000000,-0.035055,0.000000,1.000000,0.169165,0.500000,0.084582,0.328872,0.300000,0.098662,1.000000,0.200000,0.200000,0.080000,0.500000,-0.040000,0.640000,0.500000,-0.320000,0.582993,0.100000,-0.058299
t25-d0.4-a1.5-sparse,25,0.400000,1.500000,31,2545,3840,ga,curated-textbook,weighted,goal-priority,20260926,3,4,true,true,true,40,3,,24,1,3195,0.832031,false,0.000000,0.263948,1.961780,60,40,2440,4054,true,0.006086,0.006086,0.006086,1.000000,0.158123,0.500000,0.079061,0.290072,0.300000,0.087022,1.000000,0.200000,0.200000,0.040000,0.500000,-0.020000,0.560000,0.500000,-0.280000,0.599973,0.100000,-0.059997
t25-d0.4-a1.5-sparse,25,0.400000,1.500000,31,2545,3840,ga,curated-textbook,weighted,goal-priority,20260927,3,4,true,true,true,40,3,,23,2,3174,0.826563,false,0.000000,0.253186,1.669676,60,40,2440,3975,true,0.000000,-0.047806,0.000000,1.000000,0.174668,0.500000,0.087334,0.293945,0.300000,0.088183,1.000000,0.200000,0.200000,0.080000,0.500000,-0.040000,0.640000,0.500000,-0.320000,0.633231,0.100000,-0.063323
t25-d0.4-a1.5-sparse,25,0.400000,1.500000,31,2545,3840,ga,curated-textbook,weighted,goal-priority,20260928,3,4,true,true,true,40,3,,23,2,2963,0.771615,false,0.000000,0.224377,1.912465,60,40,2440,4089,true,0.005640,0.005640,0.005640,1.000000,0.149396,0.500000,0.074698,0.264581,0.300000,0.079374,1.000000,0.200000,0.200000,0.080000,0.500000,-0.040000,0.560000,0.500000,-0.280000,0.284323,0.100000,-0.028432
t25-d0.4-a1.5-sparse,25,0.400000,1.500000,31,2545,3840,ga,curated-textbook,weighted,goal-priority,20260929,3,4,true,true,true,40,3,,25,0,3230,0.841146,false,0.000000,0.250796,1.740415,60,40,2440,4214,true,0.020917,0.020917,0.020917,1.000000,0.173633,0.500000,0.086816,0.313626,0.300000,0.094088,1.000000,0.200000,0.200000,0.000000,0.500000,-0.000000,0.640000,0.500000,-0.320000,0.399869,0.100000,-0.039987
t25-d0.4-a1.5-sparse,25,0.400000,1.500000,31,2545,3840,ga,all,weighted,goal-priority,20260925,5,5,true,true,true,40,3,,23,2,3183,0.828906,false,0.000000,0.224766,1.681582,60,40,2440,4218,true,0.000000,-0.023395,0.000000,1.000000,0.169165,0.500000,0.084582,0.328872,0.300000,0.098662,1.000000,0.200000,0.200000,0.080000,0.500000,-0.040000,0.640000,0.500000,-0.320000,0.466394,0.100000,-0.046639
t25-d0.4-a1.5-sparse,25,0.400000,1.500000,31,2545,3840,ga,all,weighted,goal-priority,20260926,5,5,true,true,true,40,3,,24,1,3195,0.832031,false,0.000000,0.263948,1.961780,60,40,2440,3979,true,0.018085,0.018085,0.018085,1.000000,0.158123,0.500000,0.079061,0.290072,0.300000,0.087022,1.000000,0.200000,0.200000,0.040000,0.500000,-0.020000,0.560000,0.500000,-0.280000,0.479979,0.100000,-0.047998
t25-d0.4-a1.5-sparse,25,0.400000,1.500000,31,2545,3840,ga,all,weighted,goal-priority,20260927,5,5,true,true,true,40,3,,23,2,3174,0.826563,false,0.000000,0.253186,1.669676,60,40,2440,4048,true,0.000000,-0.035141,0.000000,1.000000,0.174668,0.500000,0.087334,0.293945,0.300000,0.088183,1.000000,0.200000,0.200000,0.080000,0.500000,-0.040000,0.640000,0.500000,-0.320000,0.506584,0.100000,-0.050658
t25-d0.4-a1.5-sparse,25,0.400000,1.500000,31,2545,3840,ga,all,weighted,goal-priority,20260928,5,5,true,true,true,40,3,,23,2,2963,0.771615,false,0.000000,0.224377,1.912465,60,40,2440,3960,true,0.011326,0.011326,0.011326,1.000000,0.149396,0.500000,0.074698,0.264581,0.300000,0.079374,1.000000,0.200000,0.200000,0.080000,0.500000,-0.040000,0.560000,0.500000,-0.280000,0.227458,0.100000,-0.022746
t25-d0.4-a1.5-sparse,25,0.400000,1.500000,31,2545,3840,ga,all,weighted,goal-priority,20260929,5,5,true,true,true,40,3,,25,0,3230,0.841146,false,0.000000,0.250796,1.740415,60,40,2440,3954,true,0.028915,0.028915,0.028915,1.000000,0.173633,0.500000,0.086816,0.313626,0.300000,0.094088,1.000000,0.200000,0.200000,0.000000,0.500000,-0.000000,0.640000,0.500000,-0.320000,0.319895,0.100000,-0.031990
t25-d0.4-a1.5-sparse,25,0.400000,1.500000,31,2545,3840,ga-timeline,curated,lexicographic,goal-priority,20260925,2,2,true,true,true,40,0,0,25,0,3277,0.853385,false,0.000000,0.388592,1.872167,60,40,2440,199537,true,0.173887,0.173887,0.173887,1.000000,0.231151,0.500000,0.115576,0.394372,0.300000,0.118312,1.000000,0.200000,0.200000,0.000000,0.500000,-0.000000,0.520000,0.500000,-0.260000,0.000000,0.100000,-0.000000
t25-d0.4-a1.5-sparse,25,0.400000,1.500000,31,2545,3840,ga-timeline,curated,lexicographic,goal-priority,20260926,2,2,true,true,true,40,0,0,25,0,3277,0.853385,false,0.000000,0.302776,1.947543,60,40,2440,188835,true,0.151977,0.151977,0.151977,1.000000,0.208287,0.500000,0.104143,0.359445,0.300000,0.107833,1.000000,0.200000,0.200000,0.000000,0.500000,-0.000000,0.520000,0.500000,-0.260000,0.000000,0.100000,-0.000000
t25-d0.4-a1.5-sparse,25,0.400000,1.500000,31,2545,3840,ga-timeline,curated,lexicographic,goal-priority,20260927,2,2,true,true,true,40,0,0,25,0,3277,0.853385,false,0.000000,0.312834,1.601222,60,40,2440,171716,true,0.157507,0.157507,0.157507,1.000000,0.212137,0.500000,0.106068,0.371463,0.300000,0.111439,1.000000,0.200000,0.200000,0.000000,0.500000,-0.000000,0.520000,0.500000,-0.260000,0.000000,0.100000,-0.000000
t25-d0.4-a1.5-sparse,25,0.400000,1.500000,31,2545,3840,ga-timeline,curated,lexicographic,goal-priority,20260928,2,2,true,true,true,40,0,0,25,0,3277,0.853385,false,0.000000,0.264324,1.560479,60,40,2440,179066,true,0.157983,0.157983,0.157983,1.000000,0.206216,0.500000,0.103108,0.382917,0.300000,0.114875,1.000000,0.200000,0.200000,0.000000,0.500000,-0.000000,0.520000,0.500000,-0.260000,0.000000,0.100000,-0.000000
t25-d0.4-a1.5-sparse,25,0.400000,1.500000,31,2545,3840,ga-timeline,curated,lexicographic,goal-priority,20260929,2,2,true,true,true,40,0,0,25,0,3277,0.853385,false,0.000000,0.317673,1.792717,60,40,2440,158351,true,0.157509,0.157509,0.157509,1.000000,0.219013,0.500000,0.109507,0.360008,0.300000,0.108002,1.000000,0.200000,0.200000,0.000000,0.500000,-0.000000,0.520000,0.500000,-0.260000,0.000000,0.100000,-0.000000
t25-d0.4-a1.5-sparse,25,0.400000,1.500000,31,2545,3840,ga-timeline,curated-textbook,lexicographic,goal-priority,20260925,3,4,true,true,true,40,0,1,24,1,3144,0.818750,false,0.000000,0.288305,1.981091,60,40,2440,141779,true,0.096144,0.096144,0.096144,1.000000,0.169085,0.500000,0.084543,0.305338,0.300000,0.091601,1.000000,0.200000,0.200000,0.040000,0.500000,-0.020000,0.520000,0.500000,-0.260000,0.000000,0.100000,-0.000000
t25-d0.4-a1.5-sparse,25,0.400000,1.500000,31,2545,3840,ga-timeline,curated-textbook,lexicographic,goal-priority,20260926,3,4,true,true,true,40,0,1,25,0,3197,0.832552,false,0.000000,0.299177,1.635254,60,40,2440,137171,true,0.147256,0.147256,0.147256,1.000000,0.221663,0.500000,0.110832,0.388081,0.300000,0.116424,1.000000,0.200000,0.200000,0.000000,0.500000,-0.000000,0.560000,0.500000,-0.280000,0.000000,0.100000,-0.000000
t25-d0.4-a1.5-sparse,25,0.400000,1.500000,31,2545,3840,ga-timeline,curated-textbook,lexicographic,goal-priority,20260927,3,4,true,true,true,40,0,2,25,0,3198,0.832813,false,0.000000,0.251689,1.750520,60,40,2440,128648,true,0.139228,0.139228,0.139228,1.000000,0.208705,0.500000,0.104352,0.382917,0.300000,0.114875,1.000000,0.200000,0.200000,0.000000,0.500000,-0.000000,0.560000,0.500000,-0.280000,0.000000,0.100000,-0.000000
t25-d0.4-a1.5-sparse,25,0.400000,1.500000,31,2545,3840,ga-timeline,curated-textbook,lexicographic,goal-priority,20260928,3,4,true,true,true,40,0,2,24,1,3135,0.816406,false,0.000000,0.350835,2.059235,60,40,2440,168650,true,0.108078,0.108078,0.108078,1.000000,0.174634,0.500000,0.087317,0.335870,0.300000,0.100761,1.000000,0.200000,0.200000,0.040000,0.500000,-0.020000,0.520000,0.500000,-0.260000,0.000000,0.100000,-0.000000
t25-d0.4-a1.5-sparse,25,0.400000,1.500000,31,2545,3840,ga-timeline,curated-textbook,lexicographic,goal-priority,20260929,3,4,true,true,true,40,1,1,25,0,3277,0.853385,false,0.000000,0.208556,1.701044,60,40,2440,221327,true,0.155257,0.155257,0.155257,1.000000,0.210898,0.500000,0.105449,0.377190,0.300000,0.113157,1.000000,0.200000,0.200000,0.000000,0.500000,-0.000000,0.520000,0.500000,-0.260000,0.033494,0.100000,-0.003349
t25-d0.4-a1.5-sparse,25,0.400000,1.500000,31,2545,3840,ga-timeline,all,lexicographic,goal-priority,20260925,5,5,true,true,true,40,1,0,25,0,3277,0.853385,false,0.000000,0.304686,1.529921,60,40,2440,168326,true,0.171790,0.171790,0.171790,1.000000,0.236743,0.500000,0.118371,0.411554,0.300000,0.123466,1.000000,0.200000,0.200000,0.000000,0.500000,-0.000000,0.520000,0.500000,-0.260000,0.100471,0.100000,-0.010047
t25-d0.4-a1.5-sparse,25,0.400000,1.500000,31,2545,3840,ga-timeline,all,lexicographic,goal-priority,20260926,5,5,true,true,true,40,0,0,25,0,3277,0.853385,false,0.000000,0.252865,1.939394,60,40,2440,194272,true,0.165935,0.165935,0.165935,1.000000,0.218683,0.500000,0.109342,0.388645,0.300000,0.116593,1.000000,0.200000,0.200000,0.000000,0.500000,-0.000000,0.520000,0.500000,-0.260000,0.000000,0.100000,-0.000000
t25-d0.4-a1.5-sparse,25,0.400000,1.500000,31,2545,3840,ga-timeline,all,lexicographic,goal-priority,20260927,5,5,true,true,true,40,1,1,25,0,3277,0.853385,false,0.000000,0.265215,1.654189,60,40,2440,171874,true,0.154117,0.154117,0.154117,1.000000,0.216820,0.500000,0.108410,0.365735,0.300000,0.109721,1.000000,0.200000,0.200000,0.000000,0.500000,-0.000000,0.520000,0.500000,-0.260000,0.040134,0.100000,-0.004013
t25-d0.4-a1.5-sparse,25,0.400000,1.500000,31,2545,3840,ga-timeline,all,lexicographic,goal-priority,20260928,5,5,true,true,true,40,0,1,25,0,3277,0.853385,false,0.000000,0.290298,1.617520,60,40,2440,176946,true,0.165459,0.165459,0.165459,1.000000,0.224605,0.500000,0.112302,0.377190,0.300000,0.113157,1.000000,0.200000,0.200000,0.000000,0.500000,-0.000000,0.520000,0.500000,-0.260000,0.000000,0.100000,-0.000000
t25-d0.4-a1.5-sparse,25,0.400000,1.500000,31,2545,3840,ga-timeline,all,lexicographic,goal-priority,20260929,5,5,true,true,true,40,0,1,24,1,3124,0.813542,false,0.000000,0.357616,1.986236,60,40,2440,181171,true,0.088818,0.088818,0.088818,1.000000,0.164631,0.500000,0.082316,0.355008,0.300000,0.106502,1.000000,0.200000,0.200000,0.040000,0.500000,-0.020000,0.560000,0.500000,-0.280000,0.000000,0.100000,-0.000000
t25-d0.4-a1.5-sparse,25,0.400000,1.500000,31,2545,3840,ga-timeline,curated,weighted,goal-priority,20260925,2,2,true,true,true,40,0,,25,0,3277,0.853385,false,0.000000,0.388592,1.872167,60,40,2440,176839,true,0.433887,0.433887,0.433887,1.000000,0.231151,0.500000,0.115576,0.394372,0.300000,0.118312,1.000000,0.200000,0.200000,0.000000,0.500000,-0.000000,0.000000,0.500000,-0.000000,0.000000,0.100000,-0.000000
t25-d0.4-a1.5-sparse,25,0.400000,1.500000,31,2545,3840,ga-timeline,curated,weighted,goal-priority,20260926,2,2,true,true,true,40,0,,25,0,3277,0.853385,false,0.000000,0.302776,1.947543,60,40,2440,151307,true,0.411977,0.411977,0.411977,1.000000,0.208287,0.500000,0.104143,0.359445,0.300000,0.107833,1.000000,0.200000,0.200000,0.000000,0.500000,-0.000000,0.000000,0.500000,-0.000000,0.000000,0.100000,-0.000000
t25-d0.4-a1.5-sparse,25,0.400000,1.500000,31,2545,3840,ga-timeline,curated,weighted,goal-priority,20260927,2,2,true,true,true,40,0,,25,0,3277,0.853385,false,0.000000,0.312834,1.601222,60,40,2440,187986,true,0.417507,0.417507,0.417507,1.000000,0.212137,0.500000,0.106068,0.371463,0.300000,0.111439,1.000000,0.200000,0.200000,0.000000,0.500000,-0.000000,0.000000,0.500000,-0.000000,0.000000,0.100000,-0.000000
t25-d0.4-a1.5-sparse,25,0.400000,1.500000,31,2545,3840,ga-timeline,curated,weighted,goal-priority,20260928,2,2,true,true,true,40,0,,25,0,3277,0.853385,false,0.000000,0.264324,1.560479,60,40,2440,182472,true,0.417983,0.417983,0.417983,1.000000,0.206216,0.500000,0.103108,0.382917,0.300000,0.114875,1.000000,0.200000,0.200000,0.000000,0.500000,-0.000000,0.000000,0.500000,-0.000000,0.000000,0.100000,-0.000000
t25-d0.4-a1.5-sparse,25,0.400000,1.500000,31,2545,3840,ga-timeline,curated,weighted,goal-priority,20260929,2,2,true,true,true,40,0,,25,0,3277,0.853385,false,0.000000,0.317673,1.792717,60,40,2440,162636,true,0.417509,0.417509,0.417509,1.000000,0.219013,0.500000,0.109507,0.360008,0.300000,0.108002,1.000000,0.200000,0.200000,0.000000,0.500000,-0.000000,0.000000,0.500000,-0.000000,0.000000,0.100000,-0.000000
t25-d0.4-a1.5-sparse,25,0.400000,1.500000,31,2545,3840,ga-timeline,curated-textbook,weighted,goal-priority,20260925,3,4,true,true,true,40,1,,25,0,3277,0.853385,false,0.000000,0.283422,1.857907,60,40,2440,167911,true,0.409191,0.409191,0.409191,1.000000,0.212137,0.500000,0.106068,0.371463,0.300000,0.111439,1.000000,0.200000,0.200000,0.000000,0.500000,-0.000000,0.000000,0.500000,-0.000000,0.083158,0.100000,-0.008316
t25-d0.4-a1.5-sparse,25,0.400000,1.500000,31,2545,3840,ga-timeline,curated-textbook,weighted,goal-priority,20260926,3,4,true,true,true,40,1,,25,0,3197,0.832552,false,0.000000,0.299177,1.635254,60,40,2440,226683,true,0.423893,0.423893,0.423893,1.000000,0.221663,0.500000,0.110832,0.388081,0.300000,0.116424,1.000000,0.200000,0.200000,0.000000,0.500000,-0.000000,0.000000,0.500000,-0.000000,0.033633,0.100000,-0.003363
t25-d0.4-a1.5-sparse,25,0.400000,1.500000,31,2545,3840,ga-timeline,curated-textbook,weighted,goal-priority,20260927,3,4,true,true,true,40,2,,25,0,3277,0.853385,false,0.000000,0.277311,1.715304,60,40,2440,195151,true,0.419528,0.419528,0.419528,1.000000,0.216490,0.500000,0.108245,0.394372,0.300000,0.118312,1.000000,0.200000,0.200000,0.000000,0.500000,-0.000000,0.000000,0.500000,-0.000000,0.070285,0.100000,-0.007029
t25-d0.4-a1.5-sparse,25,0.400000,1.500000,31,2545,3840,ga-timeline,curated-textbook,weighted,goal-priority,20260928,3,4,true,true,true,40,2,,25,0,3277,0.853385,false,0.000000,0.331805,1.533995,60,40,2440,185521,true,0.424808,0.424808,0.424808,1.000000,0.223366,0.500000,0.111683,0.382917,0.300000,0.114875,1.000000,0.200000,0.200000,0.000000,0.500000,-0.000000,0.000000,0.500000,-0.000000,0.017508,0.100000,-0.001751
t25-d0.4-a1.5-sparse,25,0.400000,1.500000,31,2545,3840,ga-timeline,curated-textbook,weighted,goal-priority,20260929,3,4,true,true,true,40,2,,25,0,3277,0.853385,false,0.000000,0.208556,1.617520,60,40,2440,178149,true,0.413552,0.413552,0.413552,1.000000,0.210898,0.500000,0.105449,0.377190,0.300000,0.113157,1.000000,0.200000,0.200000,0.000000,0.500000,-0.000000,0.000000,0.500000,-0.000000,0.050538,0.100000,-0.005054
t25-d0.4-a1.5-sparse,25,0.400000,1.500000,31,2545,3840,ga-timeline,all,weighted,goal-priority,20260925,5,5,true,true,true,40,1,,25,0,3277,0.853385,false,0.000000,0.304686,1.529921,60,40,2440,183442,true,0.431790,0.431790,0.431790,1.000000,0.236743,0.500000,0.118371,0.411554,0.300000,0.123466,1.000000,0.200000,0.200000,0.000000,0.500000,-0.000000,0.000000,0.500000,-0.000000,0.100471,0.100000,-0.010047
t25-d0.4-a1.5-sparse,25,0.400000,1.500000,31,2545,3840,ga-timeline,all,weighted,goal-priority,20260926,5,5,true,true,true,40,0,,25,0,3277,0.853385,false,0.000000,0.252865,1.939394,60,40,2440,179250,true,0.425935,0.425935,0.425935,1.000000,0.218683,0.500000,0.109342,0.388645,0.300000,0.116593,1.000000,0.200000,0.200000,0.000000,0.500000,-0.000000,0.000000,0.500000,-0.000000,0.000000,0.100000,-0.000000
t25-d0.4-a1.5-sparse,25,0.400000,1.500000,31,2545,3840,ga-timeline,all,weighted,goal-priority,20260927,5,5,true,true,true,40,2,,25,0,3277,0.853385,false,0.000000,0.246881,1.654189,60,40,2440,170396,true,0.427767,0.427767,0.427767,1.000000,0.228958,0.500000,0.114479,0.400099,0.300000,0.120030,1.000000,0.200000,0.200000,0.000000,0.500000,-0.000000,0.000000,0.500000,-0.000000,0.067412,0.100000,-0.006741
t25-d0.4-a1.5-sparse,25,0.400000,1.500000,31,2545,3840,ga-timeline,all,weighted,goal-priority,20260928,5,5,true,true,true,40,1,,25,0,3277,0.853385,false,0.000000,0.307869,1.617520,60,40,2440,173224,true,0.433153,0.433153,0.433153,1.000000,0.228958,0.500000,0.114479,0.400099,0.300000,0.120030,1.000000,0.200000,0.200000,0.000000,0.500000,-0.000000,0.000000,0.500000,-0.000000,0.013560,0.100000,-0.001356
t25-d0.4-a1.5-sparse,25,0.400000,1.500000,31,2545,3840,ga-timeline,all,weighted,goal-priority,20260929,5,5,true,true,true,40,1,,25,0,3226,0.840104,false,0.000000,0.352941,1.578880,60,40,2440,215026,true,0.428583,0.428583,0.428583,1.000000,0.224275,0.500000,0.112137,0.405826,0.300000,0.121748,1.000000,0.200000,0.200000,0.000000,0.500000,-0.000000,0.000000,0.500000,-0.000000,0.053020,0.100000,-0.005302
t25-d1.2-a0.7-compact,25,1.200000,0.700000,7,2239,1680,ga,curated,lexicographic,goal-priority,20260925,5,5,true,true,true,1,1,2,15,10,1374,0.817857,false,0.000000,0.273507,1.436394,60,40,2440,6389,false,0.000000,-0.309629,0.000000,1.000000,0.093092,0.500000,0.046546,0.523665,0.300000,0.157099,1.000000,0.200000,0.200000,0.400000,0.500000,-0.200000,1.000000,0.500000,-0.500000,0.132745,0.100000,-0.013274
t25-d1.2-a0.7-compact,25,1.200000,0.700000,7,2239,1680,ga,curated,lexicographic,goal-priority,20260926,5,5,true,true,true,1,1,2,15,10,1374,0.817857,false,0.000000,0.273507,1.436394,60,40,2440,4832,false,0.000000,-0.309629,0.000000,1.000000,0.093092,0.500000,0.046546,0.523665,0.300000,0.157099,1.000000,0.200000,0.200000,0.400000,0.500000,-0.200000,1.000000,0.500000,-0.500000,0.132745,0.100000,-0.013274
t25-d1.2-a0.7-compact,25,1.200000,0.700000,7,2239,1680,ga,curated,lexicographic,goal-priority,20260927,5,5,true,true,true,1,1,2,15,10,1374,0.817857,false,0.000000,0.273507,1.436394,60,40,2440,5538,false,0.000000,-0.309629,0.000000,1.000000,0.093092,0.500000,0.046546,0.523665,0.300000,0.157099,1.000000,0.200000,0.200000,0.400000,0.500000,-0.200000,1.000000,0.500000,-0.500000,0.132745,0.100000,-0.013274
t25-d1.2-a0.7-compact,25,1.200000,0.700000,7,2239,1680,ga,curated,lexicographic,goal-priority,20260928,5,5,true,true,true,1,1,2,15,10,1374,0.817857,false,0.000000,0.273507,1.436394,60,40,2440,6275,false,0.000000,-0.309629,0.000000,1.000000,0.093092,0.500000,0.046546,0.523665,0.300000,0.157099,1.000000,0.200000,0.200000,0.400000,0.500000,-0.200000,1.000000,0.500000,-0.500000,0.132745,0.100000,-0.013274
t25-d1.2-a0.7-compact,25,1.200000,0.700000,7,2239,1680,ga,curated,lexicographic,goal-priority,20260929,5,5,true,true,true,1,1,2,15,10,1374,0.817857,false,0.000000,0.273507,1.436394,60,40,2440,6321,false,0.000000,-0.309629,0.000000,1.000000,0.093092,0.500000,0.046546,0.523665,0.300000,0.157099,1.000000,0.200000,0.200000,0.400000,0.500000,-0.200000,1.000000,0.500000,-0.500000,0.132745,0.100000,-0.013274
t25-d1.2-a0.7-compact,25,1.200000,0.700000,7,2239,1680,ga,curated-textbook,lexicographic,goal-priority,20260925,10,10,true,true,true,1,2,3,15,10,1327,0.789881,true,0.013333,0.275949,1.449219,60,40,2440,6579,false,0.000000,-0.301049,0.000000,1.000000,0.093845,0.500000,0.046922,0.537635,0.300000,0.161291,0.986667,0.200000,0.197333,0.400000,0.500000,-0.200000,1.000000,0.500000,-0.500000,0.065949,0.100000,-0.006595
t25-d1.2-a0.7-compact,25,1.200000,0.700000,7,2239,1680,ga,curated-textbook,lexicographic,goal-priority,20260926,10,10,true,true,true,1,2,3,15,10,1327,0.789881,true,0.013333,0.275949,1.449219,60,40,2440,6258,false,0.000000,-0.301049,0.000000,1.000000,0.093845,0.500000,0.046922,0.537635,0.300000,0.161291,0.986667,0.200000,0.197333,0.400000,0.500000,-0.200000,1.000000,0.500000,-0.500000,0.065949,0.100000,-0.006595
t25-d1.2-a0.7-compact,25,1.200000,0.700000,7,2239,1680,ga,curated-textbook,lexicographic,goal-priority,20260927,10,10,true,true,true,1,2,3,15,10,1327,0.789881,true,0.013333,0.275949,1.449219,60,40,2440,6668,false,0.000000,-0.301049,0.000000,1.000000,0.093845,0.500000,0.046922,0.537635,0.300000,0.161291,0.986667,0.200000,0.197333,0.400000,0.500000,-0.200000,1.000000,0.500000,-0.500000,0.065949,0.100000,-0.006595
t25-d1.2-a0.7-compact,25,1.200000,0.700000,7,2239,1680,ga,curated-textbook,lexicographic,goal-priority,20260928,10,10,true,true,true,1,2,3,15,10,1327,0.789881,true,0.013333,0.275949,1.449219,60,40,2440,6702,false,0.000000,-0.301049,0.000000,1.000000,0.093845,0.500000,0.046922,0.537635,0.300000,0.161291,0.986667,0.200000,0.197333,0.400000,0.500000,-0.200000,1.000000,0.500000,-0.500000,0.065949,0.100000,-0.006595
t25-d1.2-a0.7-compact,25,1.200000,0.700000,7,2239,1680,ga,curated-textbook,lexicographic,goal-priority,20260929,10,10,true,true,true,1,2,3,15,10,1327,0.789881,true,0.013333,0.275949,1.449219,60,40,2440,6517,false,0.000000,-0.301049,0.000000,1.000000,0.093845,0.500000,0.046922,0.537635,0.300000,0.161291,0.986667,0.200000,0.197333,0.400000,0.500000,-0.200000,1.000000,0.500000,-0.500000,0.065949,0.100000,-0.006595
t25-d1.2-a0.7-compact,25,1.200000,0.700000,7,2239,1680,ga,all,lexicographic,goal-priority,20260925,15,15,true,true,true,1,3,4,15,10,1336,0.795238,false,0.000000,0.290711,1.526749,60,40,2440,5074,false,0.000000,-0.306687,0.000000,1.000000,0.094580,0.500000,0.047290,0.523665,0.300000,0.157099,1.000000,0.200000,0.200000,0.400000,0.500000,-0.200000,1.000000,0.500000,-0.500000,0.110758,0.100000,-0.011076
t25-d1.2-a0.7-compact,25,1.200000,0.700000,7,2239,1680,ga,all,lexicographic,goal-priority,20260926,15,15,true,true,true,1,3,4,15,10,1336,0.795238,false,0.000000,0.290711,1.526749,60,40,2440,6475,false,0.000000,-0.306687,0.000000,1.000000,0.094580,0.500000,0.047290,0.523665,0.300000,0.157099,1.000000,0.200000,0.200000,0.400000,0.500000,-0.200000,1.000000,0.500000,-0.500000,0.110758,0.100000,-0.011076
t25-d1.2-a0.7-compact,25,1.200000,0.700000,7,2239,1680,ga,all,lexicographic,goal-priority,20260927,15,15,true,true,true,1,3,4,15,10,1336,0.795238,false,0.000000,0.290711,1.526749,60,40,2440,6736,false,0.000000,-0.306687,0.000000,1.000000,0.094580,0.500000,0.047290,0.523665,0.300000,0.157099,1.000000,0.200000,0.200000,0.400000,0.500000,-0.200000,1.000000,0.500000,-0.500000,0.110758,0.100000,-0.011076
t25-d1.2-a0.7-compact,25,1.200000,0.700000,7,2239,1680,ga,all,lexicographic,goal-priority,20260928,15,15,true,true,true,1,3,4,15,10,1336,0.795238,false,0.000000,0.290711,1.526749,60,40,2440,6722,false,0.000000,-0.306687,0.000000,1.000000,0.094580,0.500000,0.047290,0.523665,0.300000,0.157099,1.000000,0.200000,0.200000,0.400000,0.500000,-0.200000,1.000000,0.500000,-0.500000,0.110758,0.100000,-0.011076
t25-d1.2-a0.7-compact,25,1.200000,0.700000,7,2239,1680,ga,all,lexicographic,goal-priority,20260929,15,15,true,true,true,1,3,4,15,10,1336,0.795238,false,0.000000,0.290711,1.526749,60,40,2440,6794,false,0.000000,-0.306687,0.000000,1.000000,0.094580,0.500000,0.047290,0.523665,0.300000,0.157099,1.000000,0.200000,0.200000,0.400000,0.500000,-0.200000,1.000000,0.500000,-0.500000,0.110758,0.100000,-0.011076
t25-d1.2-a0.7-compact,25,1.200000,0.700000,7,2239,1680,ga,curated,weighted,goal-priority,20260925,5,5,true,true,true,1,3,,14,11,1274,0.758333,false,0.000000,0.307525,1.615050,60,40,2440,6323,false,0.000000,-0.367954,0.000000,1.000000,0.088400,0.500000,0.044200,0.470401,0.300000,0.141120,1.000000,0.200000,0.200000,0.440000,0.500000,-0.220000,1.000000,0.500000,-0.500000,0.332745,0.100000,-0.033274
t25-d1.2-a0.7-compact,25,1.200000,0.700000,7,2239,1680,ga,curated,weighted,goal-priority,20260926,5,5,true,true,true,1,3,,14,11,1274,0.758333,false,0.000000,0.307525,1.615050,60,40,2440,6441,false,0.000000,-0.367954,0.000000,1.000000,0.088400,0.500000,0.044200,0.470401,0.300000,0.141120,1.000000,0.200000,0.200000,0.440000,0.500000,-0.220000,1.000000,0.500000,-0.500000,0.332745,0.100000,-0.033274
t25-d1.2-a0.7-compact,25,1.200000,0.700000,7,2239,1680,ga,curated,weighted,goal-priority,20260927,5,5,true,true,true,1,3,,14,11,1274,0.758333,false,0.000000,0.307525,1.615050,60,40,2440,6547,false,0.000000,-0.367954,0.000000,1.000000,0.088400,0.500000,0.044200,0.470401,0.300000,0.141120,1.000000,0.200000,0.200000,0.440000,0.500000,-0.220000,1.000000,0.500000,-0.500000,0.332745,0.100000,-0.033274
t25-d1.2-a0.7-compact,25,1.200000,0.700000,7,2239,1680,ga,curated,weighted,goal-priority,20260928,5,5,true,true,true,1,3,,14,11,1274,0.758333,false,0.000000,0.307525,1.615050,60,40,2440,6375,false,0.000000,-0.367954,0.000000,1.000000,0.088400,0.500000,0.044200,0.470401,0.300000,0.141120,1.000000,0.200000,0.200000,0.440000,0.500000,-0.220000,1.000000,0.500000,-0.500000,0.332745,0.100000,-0.033274
t25-d1.2-a0.7-compact,25,1.200000,0.700000,7,2239,1680,ga,curated,weighted,goal-priority,20260929,5,5,true,true,true,1,3,,14,11,1274,0.758333,false,0.000000,0.307525,1.615050,60,40,2440,6494,false,0.000000,-0.367954,0.000000,1.000000,0.088400,0.500000,0.044200,0.470401,0.300000,0.141120,1.000000,0.200000,0.200000,0.440000,0.500000,-0.220000,1.000000,0.500000,-0.500000,0.332745,0.100000,-0.033274
t25-d1.2-a0.7-compact,25,1.200000,0.700000,7,2239,1680,ga,curated-textbook,weighted,goal-priority,20260925,10,10,true,true,true,1,5,,14,11,1274,0.758333,false,0.000000,0.307525,1.615050,60,40,2440,5446,false,0.000000,-0.361317,0.000000,1.000000,0.088400,0.500000,0.044200,0.470401,0.300000,0.141120,1.000000,0.200000,0.200000,0.440000,0.500000,-0.220000,1.000000,0.500000,-0.500000,0.266372,0.100000,-0.026637
t25-d1.2-a0.7-compact,25,1.200000,0.700000,7,2239,1680,ga,curated-textbook,weighted,goal-priority,20260926,10,10,true,true,true,1,5,,14,11,1274,0.758333,false,0.000000,0.307525,1.615050,60,40,2440,7013,false,0.000000,-0.361317,0.000000,1.000000,0.088400,0.500000,0.044200,0.470401,0.300000,0.141120,1.000000,0.200000,0.200000,0.440000,0.500000,-0.220000,1.000000,0.500000,-0.500000,0.266372,0.100000,-0.026637
t25-d1.2-a0.7-compact,25,1.200000,0.700000,7,2239,1680,ga,curated-textbook,weighted,goal-priority,20260927,10,10,true,true,true,1,5,,14,11,1274,0.758333,false,0.000000,0.307525,1.615050,60,40,2440,6165,false,0.000000,-0.361317,0.000000,1.000000,0.088400,0.500000,0.044200,0.470401,0.300000,0.141120,1.000000,0.200000,0.200000,0.440000,0.500000,-0.220000,1.000000,0.500000,-0.500000,0.266372,0.100000,-0.026637
t25-d1.2-a0.7-compact,25,1.200000,0.700000,7,2239,1680,ga,curated-textbook,weighted,goal-priority,20260928,10,10,true,true,true,1,5,,14,11,1274,0.758333,false,0.000000,0.307525,1.615050,60,40,2440,6594,false,0.000000,-0.361317,0.000000,1.000000,0.088400,0.500000,0.044200,0.470401,0.300000,0.141120,1.000000,0.200000,0.200000,0.440000,0.500000,-0.220000,1.000000,0.500000,-0.500000,0.266372,0.100000,-0.026637
t25-d1.2-a0.7-compact,25,1.200000,0.700000,7,2239,1680,ga,curated-textbook,weighted,goal-priority,20260929,10,10,true,true,true,1,5,,14,11,1274,0.758333,false,0.000000,0.307525,1.615050,60,40,2440,6492,false,0.000000,-0.361317,0.000000,1.000000,0.088400,0.500000,0.044200,0.470401,0.300000,0.141120,1.000000,0.200000,0.200000,0.440000,0.500000,-0.220000,1.000000,0.500000,-0.500000,0.266372,0.100000,-0.026637
t25-d1.2-a0.7-compact,25,1.200000,0.700000,7,2239,1680,ga,all,weighted,goal-priority,20260925,15,15,true,true,true,1,7,,14,11,1274,0.758333,false,0.000000,0.307525,1.615050,60,40,2440,6434,false,0.000000,-0.353538,0.000000,1.000000,0.088400,0.500000,0.044200,0.470401,0.300000,0.141120,1.000000,0.200000,0.200000,0.440000,0.500000,-0.220000,1.000000,0.500000,-0.500000,0.188585,0.100000,-0.018858
t25-d1.2-a0.7-compact,25,1.200000,0.700000,7,2239,1680,ga,all,weighted,goal-priority,20260926,15,15,true,true,true,1,7,,14,11,1274,0.758333,false,0.000000,0.307525,1.615050,60,40,2440,6845,false,0.000000,-0.353538,0.000000,1.000000,0.088400,0.500000,0.044200,0.470401,0.300000,0.141120,1.000000,0.200000,0.200000,0.440000,0.500000,-0.220000,1.000000,0.500000,-0.500000,0.188585,0.100000,-0.018858
t25-d1.2-a0.7-compact,25,1.200000,0.700000,7,2239,1680,ga,all,weighted,goal-priority,20260927,15,15,true,true,true,1,7,,14,11,1274,0.758333,false,0.000000,0.307525,1.615050,60,40,2440,5180,false,0.000000,-0.353538,0.000000,1.000000,0.088400,0.500000,0.044200,0.470401,0.300000,0.141120,1.000000,0.200000,0.200000,0.440000,0.500000,-0.220000,1.000000,0.500000,-0.500000,0.188585,0.100000,-0.018858
t25-d1.2-a0.7-compact,25,1.200000,0.700000,7,2239,1680,ga,all,weighted,goal-priority,20260928,15,15,true,true,true,1,7,,14,11,1274,0.758333,false,0.000000,0.307525,1.615050,60,40,2440,6990,false,0.000000,-0.353538,0.000000,1.000000,0.088400,0.500000,0.044200,0.470401,0.300000,0.141120,1.000000,0.200000,0.200000,0.440000,0.500000,-0.220000,1.000000,0.500000,-0.500000,0.188585,0.100000,-0.018858
t25-d1.2-a0.7-compact,25,1.200000,0.700000,7,2239,1680,ga,all,weighted,goal-priority,20260929,15,15,true,true,true,1,7,,14,11,1274,0.758333,false,0.000000,0.307525,1.615050,60,40,2440,6796,false,0.000000,-0.353538,0.000000,1.000000,0.088400,0.500000,0.044200,0.470401,0.300000,0.141120,1.000000,0.200000,0.200000,0.440000,0.500000,-0.220000,1.000000,0.500000,-0.500000,0.188585,0.100000,-0.018858
t25-d1.2-a0.7-compact,25,1.200000,0.700000,7,2239,1680,ga-timeline,curated,lexicographic,goal-priority,20260925,5,5,true,true,true,40,0,1,19,6,1603,0.954167,true,0.073684,0.357974,1.355921,60,40,2440,131793,true,0.000000,-0.170828,0.000000,1.000000,0.111497,0.500000,0.055749,0.693869,0.300000,0.208161,0.926316,0.200000,0.185263,0.240000,0.500000,-0.120000,1.000000,0.500000,-0.500000,0.000000,0.100000,-0.000000
t25-d1.2-a0.7-compact,25,1.200000,0.700000,7,2239,1680,ga-timeline,curated,lexicographic,goal-priority,20260926,5,5,true,true,true,40,0,1,18,7,1570,0.934524,true,0.111111,0.361149,1.367816,60,40,2440,96263,true,0.000000,-0.209256,0.000000,1.000000,0.101399,0.500000,0.050700,0.674222,0.300000,0.202267,0.888889,0.200000,0.177778,0.280000,0.500000,-0.140000,1.000000,0.500000,-0.500000,0.000000,0.100000,-0.000000
t25-d1.2-a0.7-compact,25,1.200000,0.700000,7,2239,1680,ga-timeline,curated,lexicographic,goal-priority,20260927,5,5,true,true,true,40,0,1,19,6,1603,0.954167,true,0.073684,0.318275,1.411818,60,40,2440,148449,true,0.000000,-0.170828,0.000000,1.000000,0.111497,0.500000,0.055749,0.693869,0.300000,0.208161,0.926316,0.200000,0.185263,0.240000,0.500000,-0.120000,1.000000,0.500000,-0.500000,0.000000,0.100000,-0.000000
t25-d1.2-a0.7-compact,25,1.200000,0.700000,7,2239,1680,ga-timeline,curated,lexicographic,goal-priority,20260928,5,5,true,true,true,40,0,1,19,6,1603,0.954167,true,0.073684,0.324207,1.357518,60,40,2440,98607,true,0.000000,-0.170828,0.000000,1.000000,0.111497,0.500000,0.055749,0.693869,0.300000,0.208161,0.926316,0.200000,0.185263,0.240000,0.500000,-0.120000,1.000000,0.500000,-0.500000,0.000000,0.100000,-0.000000
t25-d1.2-a0.7-compact,25,1.200000,0.700000,7,2239,1680,ga-timeline,curated,lexicographic,goal-priority,20260929,5,5,true,true,true,40,0,2,15,10,1348,0.802381,true,0.226667,0.336198,1.461198,60,40,2440,117737,true,0.000000,-0.327979,0.000000,1.000000,0.075776,0.500000,0.037888,0.598222,0.300000,0.179467,0.773333,0.200000,0.154667,0.400000,0.500000,-0.200000,1.000000,0.500000,-0.500000,0.000000,0.100000,-0.000000
t25-d1.2-a0.7-compact,25,1.200000,0.700000,7,2239,1680,ga-timeline,curated-textbook,lexicographic,goal-priority,20260925,10,10,true,true,true,40,2,1,18,7,1553,0.924405,false,0.000000,0.396144,1.484745,60,40,2440,103558,true,0.000000,-0.206540,0.000000,1.000000,0.118186,0.500000,0.059093,0.620109,0.300000,0.186033,1.000000,0.200000,0.200000,0.280000,0.500000,-0.140000,1.000000,0.500000,-0.500000,0.116655,0.100000,-0.011666
t25-d1.2-a0.7-compact,25,1.200000,0.700000,7,2239,1680,ga-timeline,curated-textbook,lexicographic,goal-priority,20260926,10,10,true,true,true,40,2,1,17,8,1523,0.906548,true,0.035294,0.386280,1.500861,60,40,2440,156202,true,0.000000,-0.248002,0.000000,1.000000,0.101356,0.500000,0.050678,0.594745,0.300000,0.178424,0.964706,0.200000,0.192941,0.320000,0.500000,-0.160000,1.000000,0.500000,-0.500000,0.100453,0.100000,-0.010045
t25-d1.2-a0.7-compact,25,1.200000,0.700000,7,2239,1680,ga-timeline,curated-textbook,lexicographic,goal-priority,20260927,10,10,true,true,true,40,2,2,14,11,1299,0.773214,true,0.142857,0.339055,1.371534,60,40,2440,121156,true,0.000000,-0.371020,0.000000,1.000000,0.069001,0.500000,0.034501,0.510442,0.300000,0.153133,0.857143,0.200000,0.171429,0.440000,0.500000,-0.220000,1.000000,0.500000,-0.500000,0.100817,0.100000,-0.010082
t25-d1.2-a0.7-compact,25,1.200000,0.700000,7,2239,1680,ga-timeline,curated-textbook,lexicographic,goal-priority,20260928,10,10,true,true,true,40,2,1,17,8,1523,0.906548,true,0.035294,0.386280,1.462995,60,40,2440,118900,true,0.000000,-0.248002,0.000000,1.000000,0.101356,0.500000,0.050678,0.594745,0.300000,0.178424,0.964706,0.200000,0.192941,0.320000,0.500000,-0.160000,1.000000,0.500000,-0.500000,0.100453,0.100000,-0.010045
t25-d1.2-a0.7-compact,25,1.200000,0.700000,7,2239,1680,ga-timeline,curated-textbook,lexicographic,goal-priority,20260929,10,10,true,true,true,40,2,1,17,8,1523,0.906548,true,0.035294,0.409639,1.495697,60,40,2440,118797,true,0.000000,-0.250999,0.000000,1.000000,0.101356,0.500000,0.050678,0.594745,0.300000,0.178424,0.964706,0.200000,0.192941,0.320000,0.500000,-0.160000,1.000000,0.500000,-0.500000,0.130416,0.100000,-0.013042
t25-d1.2-a0.7-compact,25,1.200000,0.700000,7,2239,1680,ga-timeline,all,lexicographic,goal-priority,20260925,15,15,true,true,true,40,3,2,18,7,1553,0.924405,false,0.000000,0.380522,1.510373,60,40,2440,143136,true,0.000000,-0.204760,0.000000,1.000000,0.118186,0.500000,0.059093,0.620109,0.300000,0.186033,1.000000,0.200000,0.200000,0.280000,0.500000,-0.140000,1.000000,0.500000,-0.500000,0.098857,0.100000,-0.009886
t25-d1.2-a0.7-compact,25,1.200000,0.700000,7,2239,1680,ga-timeline,all,lexicographic,goal-priority,20260926,15,15,true,true,true,40,2,3,15,10,1355,0.806548,true,0.120000,0.367274,1.479354,60,40,2440,143346,true,0.000000,-0.329542,0.000000,1.000000,0.074428,0.500000,0.037214,0.549735,0.300000,0.164921,0.880000,0.200000,0.176000,0.400000,0.500000,-0.200000,1.000000,0.500000,-0.500000,0.076764,0.100000,-0.007676
t25-d1.2-a0.7-compact,25,1.200000,0.700000,7,2239,1680,ga-timeline,all,lexicographic,goal-priority,20260927,15,15,true,true,true,40,3,3,14,11,1299,0.773214,true,0.142857,0.396620,1.530499,60,40,2440,92460,true,0.000000,-0.370830,0.000000,1.000000,0.069001,0.500000,0.034501,0.510442,0.300000,0.153133,0.857143,0.200000,0.171429,0.440000,0.500000,-0.220000,1.000000,0.500000,-0.500000,0.098918,0.100000,-0.009892
t25-d1.2-a0.7-compact,25,1.200000,0.700000,7,2239,1680,ga-timeline,all,lexicographic,goal-priority,20260928,15,15,true,true,true,40,2,2,18,7,1553,0.924405,false,0.000000,0.367586,1.414694,60,40,2440,93734,true,0.000000,-0.202678,0.000000,1.000000,0.118186,0.500000,0.059093,0.620109,0.300000,0.186033,1.000000,0.200000,0.200000,0.280000,0.500000,-0.140000,1.000000,0.500000,-0.500000,0.078035,0.100000,-0.007804
t25-d1.2-a0.7-compact,25,1.200000,0.700000,7,2239,1680,ga-timeline,all,lexicographic,goal-priority,20260929,15,15,true,true,true,40,2,3,17,8,1523,0.906548,true,0.035294,0.358495,1.500861,60,40,2440,159527,true,0.000000,-0.245711,0.000000,1.000000,0.101356,0.500000,0.050678,0.594745,0.300000,0.178424,0.964706,0.200000,0.192941,0.320000,0.500000,-0.160000,1.000000,0.500000,-0.500000,0.077537,0.100000,-0.007754
t25-d1.2-a0.7-compact,25,1.200000,0.700000,7,2239,1680,ga-timeline,curated,weighted,goal-priority,20260925,5,5,true,true,true,40,1,,18,7,1572,0.935714,true,0.111111,0.360524,1.365579,60,40,2440,94336,true,0.096601,0.096601,0.096601,1.000000,0.108131,0.500000,0.054066,0.682526,0.300000,0.204758,0.888889,0.200000,0.177778,0.280000,0.500000,-0.140000,0.360000,0.500000,-0.180000,0.200000,0.100000,-0.020000
t25-d1.2-a0.7-compact,25,1.200000,0.700000,7,2239,1680,ga-timeline,curated,weighted,goal-priority,20260926,5,5,true,true,true,40,1,,18,7,1572,0.935714,true,0.111111,0.360983,1.367188,60,40,2440,123738,true,0.096601,0.096601,0.096601,1.000000,0.108131,0.500000,0.054066,0.682526,0.300000,0.204758,0.888889,0.200000,0.177778,0.280000,0.500000,-0.140000,0.360000,0.500000,-0.180000,0.200000,0.100000,-0.020000
t25-d1.2-a0.7-compact,25,1.200000,0.700000,7,2239,1680,ga-timeline,curated,weighted,goal-priority,20260927,5,5,true,true,true,40,1,,18,7,1572,0.935714,true,0.111111,0.320542,1.421875,60,40,2440,105098,true,0.096601,0.096601,0.096601,1.000000,0.108131,0.500000,0.054066,0.682526,0.300000,0.204758,0.888889,0.200000,0.177778,0.280000,0.500000,-0.140000,0.360000,0.500000,-0.180000,0.200000,0.100000,-0.020000
t25-d1.2-a0.7-compact,25,1.200000,0.700000,7,2239,1680,ga-timeline,curated,weighted,goal-priority,20260928,5,5,true,true,true,40,1,,18,7,1572,0.935714,true,0.111111,0.326517,1.367188,60,40,2440,151251,true,0.096601,0.096601,0.096601,1.000000,0.108131,0.500000,0.054066,0.682526,0.300000,0.204758,0.888889,0.200000,0.177778,0.280000,0.500000,-0.140000,0.360000,0.500000,-0.180000,0.200000,0.100000,-0.020000
t25-d1.2-a0.7-compact,25,1.200000,0.700000,7,2239,1680,ga-timeline,curated,weighted,goal-priority,20260929,5,5,true,true,true,40,2,,18,7,1572,0.935714,true,0.111111,0.314568,1.397748,60,40,2440,101325,true,0.093025,0.093025,0.093025,1.000000,0.108131,0.500000,0.054066,0.682526,0.300000,0.204758,0.888889,0.200000,0.177778,0.280000,0.500000,-0.140000,0.360000,0.500000,-0.180000,0.235760,0.100000,-0.023576
t25-d1.2-a0.7-compact,25,1.200000,0.700000,7,2239,1680,ga-timeline,curated-textbook,weighted,goal-priority,20260925,10,10,true,true,true,40,3,,18,7,1553,0.924405,false,0.000000,0.396144,1.484745,60,40,2440,109112,true,0.071647,0.071647,0.071647,1.000000,0.118186,0.500000,0.059093,0.620109,0.300000,0.186033,1.000000,0.200000,0.200000,0.280000,0.500000,-0.140000,0.440000,0.500000,-0.220000,0.134789,0.100000,-0.013479
t25-d1.2-a0.7-compact,25,1.200000,0.700000,7,2239,1680,ga-timeline,curated-textbook,weighted,goal-priority,20260926,10,10,true,true,true,40,3,,18,7,1553,0.924405,false,0.000000,0.383451,1.489871,60,40,2440,92533,true,0.071822,0.071822,0.071822,1.000000,0.118186,0.500000,0.059093,0.620109,0.300000,0.186033,1.000000,0.200000,0.200000,0.280000,0.500000,-0.140000,0.440000,0.500000,-0.220000,0.133035,0.100000,-0.013304
t25-d1.2-a0.7-compact,25,1.200000,0.700000,7,2239,1680,ga-timeline,curated-textbook,weighted,goal-priority,20260927,10,10,true,true,true,40,4,,18,7,1553,0.924405,false,0.000000,0.415182,1.510373,60,40,2440,94557,true,0.071848,0.071848,0.071848,1.000000,0.118186,0.500000,0.059093,0.620109,0.300000,0.186033,1.000000,0.200000,0.200000,0.280000,0.500000,-0.140000,0.440000,0.500000,-0.220000,0.132775,0.100000,-0.013278
t25-d1.2-a0.7-compact,25,1.200000,0.700000,7,2239,1680,ga-timeline,curated-textbook,weighted,goal-priority,20260928,10,10,true,true,true,40,3,,18,7,1553,0.924405,false,0.000000,0.383451,1.452282,60,40,2440,105017,true,0.073450,0.073450,0.073450,1.000000,0.118186,0.500000,0.059093,0.620109,0.300000,0.186033,1.000000,0.200000,0.200000,0.280000,0.500000,-0.140000,0.440000,0.500000,-0.220000,0.116755,0.100000,-0.011676
t25-d1.2-a0.7-compact,25,1.200000,0.700000,7,2239,1680,ga-timeline,curated-textbook,weighted,goal-priority,20260929,10,10,true,true,true,40,3,,18,7,1553,0.924405,false,0.000000,0.406639,1.484745,60,40,2440,103995,true,0.070469,0.070469,0.070469,1.000000,0.118186,0.500000,0.059093,0.620109,0.300000,0.186033,1.000000,0.200000,0.200000,0.280000,0.500000,-0.140000,0.440000,0.500000,-0.220000,0.146566,0.100000,-0.014657
t25-d1.2-a0.7-compact,25,1.200000,0.700000,7,2239,1680,ga-timeline,all,weighted,goal-priority,20260925,15,15,true,true,true,40,5,,18,7,1553,0.924405,false,0.000000,0.380522,1.510373,60,40,2440,94875,true,0.074039,0.074039,0.074039,1.000000,0.118186,0.500000,0.059093,0.620109,0.300000,0.186033,1.000000,0.200000,0.200000,0.280000,0.500000,-0.140000,0.440000,0.500000,-0.220000,0.110872,0.100000,-0.011087
t25-d1.2-a0.7-compact,25,1.200000,0.700000,7,2239,1680,ga-timeline,all,weighted,goal-priority,20260926,15,15,true,true,true,40,5,,18,7,1553,0.924405,false,0.000000,0.349524,1.407859,60,40,2440,112110,true,0.075144,0.075144,0.075144,1.000000,0.118186,0.500000,0.059093,0.620109,0.300000,0.186033,1.000000,0.200000,0.200000,0.280000,0.500000,-0.140000,0.440000,0.500000,-0.220000,0.099823,0.100000,-0.009982
t25-d1.2-a0.7-compact,25,1.200000,0.700000,7,2239,1680,ga-timeline,all,weighted,goal-priority,20260927,15,15,true,true,true,40,6,,18,7,1553,0.924405,false,0.000000,0.366610,1.407859,60,40,2440,118913,true,0.074125,0.074125,0.074125,1.000000,0.118186,0.500000,0.059093,0.620109,0.300000,0.186033,1.000000,0.200000,0.200000,0.280000,0.500000,-0.140000,0.440000,0.500000,-0.220000,0.110005,0.100000,-0.011000
t25-d1.2-a0.7-compact,25,1.200000,0.700000,7,2239,1680,ga-timeline,all,weighted,goal-priority,20260928,15,15,true,true,true,40,4,,18,7,1553,0.924405,false,0.000000,0.367586,1.414694,60,40,2440,126153,true,0.075141,0.075141,0.075141,1.000000,0.118186,0.500000,0.059093,0.620109,0.300000,0.186033,1.000000,0.200000,0.200000,0.280000,0.500000,-0.140000,0.440000,0.500000,-0.220000,0.099853,0.100000,-0.009985
t25-d1.2-a0.7-compact,25,1.200000,0.700000,7,2239,1680,ga-timeline,all,weighted,goal-priority,20260929,15,15,true,true,true,40,5,,18,7,1553,0.924405,false,0.000000,0.355870,1.489871,60,40,2440,93067,true,0.076207,0.076207,0.076207,1.000000,0.118186,0.500000,0.059093,0.620109,0.300000,0.186033,1.000000,0.200000,0.200000,0.280000,0.500000,-0.140000,0.440000,0.500000,-0.220000,0.089188,0.100000,-0.008919
t25-d1.2-a0.7-sparse,25,1.200000,0.700000,15,2589,1920,ga,curated,lexicographic,goal-priority,20260925,5,5,true,true,true,1,0,3,15,10,1611,0.839063,false,0.000000,0.263692,1.461929,60,40,2440,4934,false,0.000000,-0.357748,0.000000,1.000000,0.092108,0.500000,0.046054,0.320661,0.300000,0.096198,1.000000,0.200000,0.200000,0.400000,0.500000,-0.200000,1.000000,0.500000,-0.500000,0.000000,0.100000,-0.000000
t25-d1.2-a0.7-sparse,25,1.200000,0.700000,15,2589,1920,ga,curated,lexicographic,goal-priority,20260926,5,5,true,true,true,1,0,3,15,10,1611,0.839063,false,0.000000,0.263692,1.461929,60,40,2440,4853,false,0.000000,-0.357748,0.000000,1.000000,0.092108,0.500000,0.046054,0.320661,0.300000,0.096198,1.000000,0.200000,0.200000,0.400000,0.500000,-0.200000,1.000000,0.500000,-0.500000,0.000000,0.100000,-0.000000
t25-d1.2-a0.7-sparse,25,1.200000,0.700000,15,2589,1920,ga,curated,lexicographic,goal-priority,20260927,5,5,true,true,true,1,0,3,15,10,1611,0.839063,false,0.000000,0.263692,1.461929,60,40,2440,4756,false,0.000000,-0.357748,0.000000,1.000000,0.092108,0.500000,0.046054,0.320661,0.300000,0.096198,1.000000,0.200000,0.200000,0.400000,0.500000,-0.200000,1.000000,0.500000,-0.500000,0.000000,0.100000,-0.000000
t25-d1.2-a0.7-sparse,25,1.200000,0.700000,15,2589,1920,ga,curated,lexicographic,goal-priority,20260928,5,5,true,true,true,1,0,3,15,10,1611,0.839063,false,0.000000,0.263692,1.461929,60,40,2440,5485,false,0.000000,-0.357748,0.000000,1.000000,0.092108,0.500000,0.046054,0.320661,0.300000,0.096198,1.000000,0.200000,0.200000,0.400000,0.500000,-0.200000,1.000000,0.500000,-0.500000,0.000000,0.100000,-0.000000
t25-d1.2-a0.7-sparse,25,1.200000,0.700000,15,2589,1920,ga,curated,lexicographic,goal-priority,20260929,5,5,true,true,true,1,0,3,15,10,1611,0.839063,false,0.000000,0.263692,1.461929,60,40,2440,5167,false,0.000000,-0.357748,0.000000,1.000000,0.092108,0.500000,0.046054,0.320661,0.300000,0.096198,1.000000,0.200000,0.200000,0.400000,0.500000,-0.200000,1.000000,0.500000,-0.500000,0.000000,0.100000,-0.000000
t25-d1.2-a0.7-sparse,25,1.200000,0.700000,15,2589,1920,ga,curated-textbook,lexicographic,goal-priority,20260925,9,10,true,true,true,1,2,3,15,10,1611,0.839063,false,0.000000,0.263692,1.461929,60,40,2440,5219,false,0.000000,-0.367748,0.000000,1.000000,0.092108,0.500000,0.046054,0.320661,0.300000,0.096198,1.000000,0.200000,0.200000,0.400000,0.500000,-0.200000,1.000000,0.500000,-0.500000,0.100000,0.100000,-0.010000
t25-d1.2-a0.7-sparse,25,1.200000,0.700000,15,2589,1920,ga,curated-textbook,lexicographic,goal-priority,20260926,9,10,true,true,true,1,2,3,15,10,1611,0.839063,false,0.000000,0.263692,1.461929,60,40,2440,4907,false,0.000000,-0.367748,0.000000,1.000000,0.092108,0.500000,0.046054,0.320661,0.300000,0.096198,1.000000,0.200000,0.200000,0.400000,0.500000,-0.200000,1.000000,0.500000,-0.500000,0.100000,0.100000,-0.010000
t25-d1.2-a0.7-sparse,25,1.200000,0.700000,15,2589,1920,ga,curated-textbook,lexicographic,goal-priority,20260927,9,10,true,true,true,1,2,3,15,10,1611,0.839063,false,0.000000,0.263692,1.461929,60,40,2440,4924,false,0.000000,-0.367748,0.000000,1.000000,0.092108,0.500000,0.046054,0.320661,0.300000,0.096198,1.000000,0.200000,0.200000,0.400000,0.500000,-0.200000,1.000000,0.500000,-0.500000,0.100000,0.100000,-0.010000
t25-d1.2-a0.7-sparse,25,1.200000,0.700000,15,2589,1920,ga,curated-textbook,lexicographic,goal-priority,20260928,9,10,true,true,true,1,2,3,15,10,1611,0.839063,false,0.000000,0.263692,1.461929,60,40,2440,5287,false,0.000000,-0.367748,0.000000,1.000000,0.092108,0.500000,0.046054,0.320661,0.300000,0.096198,1.000000,0.200000,0.200000,0.400000,0.500000,-0.200000,1.000000,0.500000,-0.500000,0.100000,0.100000,-0.010000
t25-d1.2-a0.7-sparse,25,1.200000,0.700000,15,2589,1920,ga,curated-textbook,lexicographic,goal-priority,20260929,9,10,true,true,true,1,2,3,15,10,1611,0.839063,false,0.000000,0.263692,1.461929,60,40,2440,5948,false,0.000000,-0.367748,0.000000,1.000000,0.092108,0.500000,0.046054,0.320661,0.300000,0.096198,1.000000,0.200000,0.200000,0.400000,0.500000,-0.200000,1.000000,0.500000,-0.500000,0.100000,0.100000,-0.010000
t25-d1.2-a0.7-sparse,25,1.200000,0.700000,15,2589,1920,ga,all,lexicographic,goal-priority,20260925,13,15,true,true,true,1,3,4,16,9,1670,0.869792,false,0.000000,0.259600,1.439243,60,40,2440,5712,false,0.000000,-0.340418,0.000000,1.000000,0.102206,0.500000,0.051103,0.329829,0.300000,0.098949,1.000000,0.200000,0.200000,0.360000,0.500000,-0.180000,1.000000,0.500000,-0.500000,0.104695,0.100000,-0.010469
t25-d1.2-a0.7-sparse,25,1.200000,0.700000,15,2589,1920,ga,all,lexicographic,goal-priority,20260926,13,15,true,true,true,1,3,4,16,9,1670,0.869792,false,0.000000,0.259600,1.439243,60,40,2440,5535,false,0.000000,-0.340418,0.000000,1.000000,0.102206,0.500000,0.051103,0.329829,0.300000,0.098949,1.000000,0.200000,0.200000,0.360000,0.500000,-0.180000,1.000000,0.500000,-0.500000,0.104695,0.100000,-0.010469
t25-d1.2-a0.7-sparse,25,1.200000,0.700000,15,2589,1920,ga,all,lexicographic,goal-priority,20260927,13,15,true,true,true,1,3,4,16,9,1670,0.869792,false,0.000000,0.259600,1.439243,60,40,2440,5623,false,0.000000,-0.340418,0.000000,1.000000,0.102206,0.500000,0.051103,0.329829,0.300000,0.098949,1.000000,0.200000,0.200000,0.360000,0.500000,-0.180000,1.000000,0.500000,-0.500000,0.104695,0.100000,-0.010469
t25-d1.2-a0.7-sparse,25,1.200000,0.700000,15,2589,1920,ga,all,lexicographic,goal-priority,20260928,13,15,true,true,true,1,3,4,16,9,1670,0.869792,false,0.000000,0.259600,1.439243,60,40,2440,6242,false,0.000000,-0.340418,0.000000,1.000000,0.102206,0.500000,0.051103,0.329829,0.300000,0.098949,1.000000,0.200000,0.200000,0.360000,0.500000,-0.180000,1.000000,0.500000,-0.500000,0.104695,0.100000,-0.010469
t25-d1.2-a0.7-sparse,25,1.200000,0.700000,15,2589,1920,ga,all,lexicographic,goal-priority,20260929,13,15,true,true,true,1,3,4,16,9,1670,0.869792,false,0.000000,0.259600,1.439243,60,40,2440,6360,false,0.000000,-0.340418,0.000000,1.000000,0.102206,0.500000,0.051103,0.329829,0.300000,0.098949,1.000000,0.200000,0.200000,0.360000,0.500000,-0.180000,1.000000,0.500000,-0.500000,0.104695,0.100000,-0.010469
t25-d1.2-a0.7-sparse,25,1.200000,0.700000,15,2589,1920,ga,curated,weighted,goal-priority,20260925,5,5,true,true,true,1,3,,15,10,1642,0.855208,false,0.000000,0.257299,1.426486,60,40,2440,6175,false,0.000000,-0.388154,0.000000,1.000000,0.089636,0.500000,0.044818,0.309036,0.300000,0.092711,1.000000,0.200000,0.200000,0.400000,0.500000,-0.200000,1.000000,0.500000,-0.500000,0.256827,0.100000,-0.025683
t25-d1.2-a0.7-sparse,25,1.200000,0.700000,15,2589,1920,ga,curated,weighted,goal-priority,20260926,5,5,true,true,true,1,3,,15,10,1642,0.855208,false,0.000000,0.257299,1.426486,60,40,2440,5189,false,0.000000,-0.388154,0.000000,1.000000,0.089636,0.500000,0.044818,0.309036,0.300000,0.092711,1.000000,0.200000,0.200000,0.400000,0.500000,-0.200000,1.000000,0.500000,-0.500000,0.256827,0.100000,-0.025683
t25-d1.2-a0.7-sparse,25,1.200000,0.700000,15,2589,1920,ga,curated,weighted,goal-priority,20260927,5,5,true,true,true,1,3,,15,10,1642,0.855208,false,0.000000,0.257299,1.426486,60,40,2440,5026,false,0.000000,-0.388154,0.000000,1.000000,0.089636,0.500000,0.044818,0.309036,0.300000,0.092711,1.000000,0.200000,0.200000,0.400000,0.500000,-0.200000,1.000000,0.500000,-0.500000,0.256827,0.100000,-0.025683
t25-d1.2-a0.7-sparse,25,1.200000,0.700000,15,2589,1920,ga,curated,weighted,goal-priority,20260928,5,5,true,true,true,1,3,,15,10,1642,0.855208,false,0.000000,0.257299,1.426486,60,40,2440,5342,false,0.000000,-0.388154,0.000000,1.000000,0.089636,0.500000,0.044818,0.309036,0.300000,0.092711,1.000000,0.200000,0.200000,0.400000,0.500000,-0.200000,1.000000,0.500000,-0.500000,0.256827,0.100000,-0.025683
t25-d1.2-a0.7-sparse,25,1.200000,0.700000,15,2589,1920,ga,curated,weighted,goal-priority,20260929,5,5,true,true,true,1,3,,15,10,1642,0.855208,false,0.000000,0.257299,1.426486,60,40,2440,5955,false,0.000000,-0.388154,0.000000,1.000000,0.089636,0.500000,0.044818,0.309036,0.300000,0.092711,1.000000,0.200000,0.200000,0.400000,0.500000,-0.200000,1.000000,0.500000,-0.500000,0.256827,0.100000,-0.025683
t25-d1.2-a0.7-sparse,25,1.200000,0.700000,15,2589,1920,ga,curated-textbook,weighted,goal-priority,20260925,9,10,true,true,true,1,5,,15,10,1642,0.855208,false,0.000000,0.257299,1.426486,60,40,2440,4968,false,0.000000,-0.385313,0.000000,1.000000,0.089636,0.500000,0.044818,0.309036,0.300000,0.092711,1.000000,0.200000,0.200000,0.400000,0.500000,-0.200000,1.000000,0.500000,-0.500000,0.228414,0.100000,-0.022841
t25-d1.2-a0.7-sparse,25,1.200000,0.700000,15,2589,1920,ga,curated-textbook,weighted,goal-priority,20260926,9,10,true,true,true,1,5,,15,10,1642,0.855208,false,0.000000,0.257299,1.426486,60,40,2440,4981,false,0.000000,-0.385313,0.000000,1.000000,0.089636,0.500000,0.044818,0.309036,0.300000,0.092711,1.000000,0.200000,0.200000,0.400000,0.500000,-0.200000,1.000000,0.500000,-0.500000,0.228414,0.100000,-0.022841
t25-d1.2-a0.7-sparse,25,1.200000,0.700000,15,2589,1920,ga,curated-textbook,weighted,goal-priority,20260927,9,10,true,true,true,1,5,,15,10,1642,0.855208,false,0.000000,0.257299,1.426486,60,40,2440,4790,false,0.000000,-0.385313,0.000000,1.000000,0.089636,0.500000,0.044818,0.309036,0.300000,0.092711,1.000000,0.200000,0.200000,0.400000,0.500000,-0.200000,1.000000,0.500000,-0.500000,0.228414,0.100000,-0.022841
t25-d1.2-a0.7-sparse,25,1.200000,0.700000,15,2589,1920,ga,curated-textbook,weighted,goal-priority,20260928,9,10,true,true,true,1,5,,15,10,1642,0.855208,false,0.000000,0.257299,1.426486,60,40,2440,4876,false,0.000000,-0.385313,0.000000,1.000000,0.089636,0.500000,0.044818,0.309036,0.300000,0.092711,1.000000,0.200000,0.200000,0.400000,0.500000,-0.200000,1.000000,0.500000,-0.500000,0.228414,0.100000,-0.022841
t25-d1.2-a0.7-sparse,25,1.200000,0.700000,15,2589,1920,ga,curated-textbook,weighted,goal-priority,20260929,9,10,true,true,true,1,5,,15,10,1642,0.855208,false,0.000000,0.257299,1.426486,60,40,2440,4870,false,0.000000,-0.385313,0.000000,1.000000,0.089636,0.500000,0.044818,0.309036,0.300000,0.092711,1.000000,0.200000,0.200000,0.400000,0.500000,-0.200000,1.000000,0.500000,-0.500000,0.228414,0.100000,-0.022841
t25-d1.2-a0.7-sparse,25,1.200000,0.700000,15,2589,1920,ga,all,weighted,goal-priority,20260925,13,15,true,true,true,1,7,,15,10,1642,0.855208,false,0.000000,0.257299,1.426486,60,40,2440,5223,false,0.000000,-0.386260,0.000000,1.000000,0.089636,0.500000,0.044818,0.309036,0.300000,0.092711,1.000000,0.200000,0.200000,0.400000,0.500000,-0.200000,1.000000,0.500000,-0.500000,0.237885,0.100000,-0.023788
t25-d1.2-a0.7-sparse,25,1.200000,0.700000,15,2589,1920,ga,all,weighted,goal-priority,20260926,13,15,true,true,true,1,7,,15,10,1642,0.855208,false,0.000000,0.257299,1.426486,60,40,2440,4948,false,0.000000,-0.386260,0.000000,1.000000,0.089636,0.500000,0.044818,0.309036,0.300000,0.092711,1.000000,0.200000,0.200000,0.400000,0.500000,-0.200000,1.000000,0.500000,-0.500000,0.237885,0.100000,-0.023788
t25-d1.2-a0.7-sparse,25,1.200000,0.700000,15,2589,1920,ga,all,weighted,goal-priority,20260927,13,15,true,true,true,1,7,,15,10,1642,0.855208,false,0.000000,0.257299,1.426486,60,40,2440,5955,false,0.000000,-0.386260,0.000000,1.000000,0.089636,0.500000,0.044818,0.309036,0.300000,0.092711,1.000000,0.200000,0.200000,0.400000,0.500000,-0.200000,1.000000,0.500000,-0.500000,0.237885,0.100000,-0.023788
t25-d1.2-a0.7-sparse,25,1.200000,0.700000,15,2589,1920,ga,all,weighted,goal-priority,20260928,13,15,true,true,true,1,7,,15,10,1642,0.855208,false,0.000000,0.257299,1.426486,60,40,2440,5237,false,0.000000,-0.386260,0.000000,1.000000,0.089636,0.500000,0.044818,0.309036,0.300000,0.092711,1.000000,0.200000,0.200000,0.400000,0.500000,-0.200000,1.000000,0.500000,-0.500000,0.237885,0.100000,-0.023788
t25-d1.2-a0.7-sparse,25,1.200000,0.700000,15,2589,1920,ga,all,weighted,goal-priority,20260929,13,15,true,true,true,1,7,,15,10,1642,0.855208,false,0.000000,0.257299,1.426486,60,40,2440,5106,false,0.000000,-0.386260,0.000000,1.000000,0.089636,0.500000,0.044818,0.309036,0.300000,0.092711,1.000000,0.200000,0.200000,0.400000,0.500000,-0.200000,1.000000,0.500000,-0.500000,0.237885,0.100000,-0.023788
t25-d1.2-a0.7-sparse,25,1.200000,0.700000,15,2589,1920,ga-timeline,curated,lexicographic,goal-priority,20260925,5,5,true,true,true,40,2,1,17,8,1707,0.889063,true,0.125000,0.277744,1.510098,60,40,2440,98280,true,0.000000,-0.351603,0.000000,1.000000,0.077675,0.500000,0.038837,0.448531,0.300000,0.134559,0.875000,0.200000,0.175000,0.320000,0.500000,-0.160000,1.000000,0.500000,-0.500000,0.400000,0.100000,-0.040000
t25-d1.2-a0.7-sparse,25,1.200000,0.700000,15,2589,1920,ga-timeline,curated,lexicographic,goal-priority,20260926,5,5,true,true,true,40,2,1,16,9,1555,0.809896,true,0.171875,0.311499,1.358522,60,40,2440,92620,true,0.000000,-0.396354,0.000000,1.000000,0.057227,0.500000,0.028613,0.431358,0.300000,0.129408,0.828125,0.200000,0.165625,0.360000,0.500000,-0.180000,1.000000,0.500000,-0.500000,0.400000,0.100000,-0.040000
t25-d1.2-a0.7-sparse,25,1.200000,0.700000,15,2589,1920,ga-timeline,curated,lexicographic,goal-priority,20260927,5,5,true,true,true,40,2,1,15,10,1587,0.826563,true,0.175000,0.329343,1.586221,60,40,2440,107585,true,0.000000,-0.424852,0.000000,1.000000,0.059585,0.500000,0.029792,0.401185,0.300000,0.120356,0.825000,0.200000,0.165000,0.400000,0.500000,-0.200000,1.000000,0.500000,-0.500000,0.400000,0.100000,-0.040000
t25-d1.2-a0.7-sparse,25,1.200000,0.700000,15,2589,1920,ga-timeline,curated,lexicographic,goal-priority,20260928,5,5,true,true,true,40,2,0,17,8,1750,0.911458,true,0.125000,0.359937,1.484569,60,40,2440,91370,true,0.000000,-0.355013,0.000000,1.000000,0.074057,0.500000,0.037028,0.443195,0.300000,0.132958,0.875000,0.200000,0.175000,0.320000,0.500000,-0.160000,1.000000,0.500000,-0.500000,0.400000,0.100000,-0.040000
t25-d1.2-a0.7-sparse,25,1.200000,0.700000,15,2589,1920,ga-timeline,curated,lexicographic,goal-priority,20260929,5,5,true,true,true,40,2,0,17,8,1750,0.911458,true,0.125000,0.281895,1.484569,60,40,2440,88538,true,0.000000,-0.355013,0.000000,1.000000,0.074057,0.500000,0.037028,0.443195,0.300000,0.132958,0.875000,0.200000,0.175000,0.320000,0.500000,-0.160000,1.000000,0.500000,-0.500000,0.400000,0.100000,-0.040000
t25-d1.2-a0.7-sparse,25,1.200000,0.700000,15,2589,1920,ga-timeline,curated-textbook,lexicographic,goal-priority,20260925,9,10,true,true,true,40,4,2,18,7,1688,0.879167,true,0.041667,0.275559,1.397104,60,40,2440,104953,true,0.000000,-0.305744,0.000000,1.000000,0.092261,0.500000,0.046131,0.454862,0.300000,0.136459,0.958333,0.200000,0.191667,0.280000,0.500000,-0.140000,1.000000,0.500000,-0.500000,0.400000,0.100000,-0.040000
t25-d1.2-a0.7-sparse,25,1.200000,0.700000,15,2589,1920,ga-timeline,curated-textbook,lexicographic,goal-priority,20260926,9,10,true,true,true,40,4,2,18,7,1688,0.879167,true,0.041667,0.293111,1.556823,60,40,2440,123362,true,0.000000,-0.305744,0.000000,1.000000,0.092261,0.500000,0.046131,0.454862,0.300000,0.136459,0.958333,0.200000,0.191667,0.280000,0.500000,-0.140000,1.000000,0.500000,-0.500000,0.400000,0.100000,-0.040000
t25-d1.2-a0.7-sparse,25,1.200000,0.700000,15,2589,1920,ga-timeline,curated-textbook,lexicographic,goal-priority,20260927,9,10,true,true,true,40,4,2,18,7,1688,0.879167,true,0.041667,0.303861,1.339184,60,40,2440,104514,true,0.000000,-0.305744,0.000000,1.000000,0.092261,0.500000,0.046131,0.454862,0.300000,0.136459,0.958333,0.200000,0.191667,0.280000,0.500000,-0.140000,1.000000,0.500000,-0.500000,0.400000,0.100000,-0.040000
t25-d1.2-a0.7-sparse,25,1.200000,0.700000,15,2589,1920,ga-timeline,curated-textbook,lexicographic,goal-priority,20260928,9,10,true,true,true,40,4,2,17,8,1592,0.829167,true,0.058824,0.338983,1.363262,60,40,2440,101239,true,0.000000,-0.333256,0.000000,1.000000,0.090452,0.500000,0.045226,0.444276,0.300000,0.133283,0.941176,0.200000,0.188235,0.320000,0.500000,-0.160000,1.000000,0.500000,-0.500000,0.400000,0.100000,-0.040000
t25-d1.2-a0.7-sparse,25,1.200000,0.700000,15,2589,1920,ga-timeline,curated-textbook,lexicographic,goal-priority,20260929,9,10,true,true,true,40,4,0,19,6,1860,0.968750,true,0.065789,0.277926,1.229127,60,40,2440,103383,true,0.000000,-0.283747,0.000000,1.000000,0.093200,0.500000,0.046600,0.476036,0.300000,0.142811,0.934211,0.200000,0.186842,0.240000,0.500000,-0.120000,1.000000,0.500000,-0.500000,0.400000,0.100000,-0.040000
t25-d1.2-a0.7-sparse,25,1.200000,0.700000,15,2589,1920,ga-timeline,all,lexicographic,goal-priority,20260925,13,15,true,true,true,40,5,1,17,8,1617,0.842188,true,0.058824,0.320199,1.583333,60,40,2440,100261,true,0.000000,-0.334133,0.000000,1.000000,0.083216,0.500000,0.041608,0.431190,0.300000,0.129357,0.941176,0.200000,0.188235,0.320000,0.500000,-0.160000,1.000000,0.500000,-0.500000,0.333333,0.100000,-0.033333
t25-d1.2-a0.7-sparse,25,1.200000,0.700000,15,2589,1920,ga-timeline,all,lexicographic,goal-priority,20260926,13,15,true,true,true,40,5,2,17,8,1626,0.846875,true,0.147059,0.276536,1.270551,60,40,2440,99323,true,0.000000,-0.353100,0.000000,1.000000,0.066272,0.500000,0.033136,0.455031,0.300000,0.136509,0.852941,0.200000,0.170588,0.320000,0.500000,-0.160000,1.000000,0.500000,-0.500000,0.333333,0.100000,-0.033333
t25-d1.2-a0.7-sparse,25,1.200000,0.700000,15,2589,1920,ga-timeline,all,lexicographic,goal-priority,20260927,13,15,true,true,true,40,5,3,16,9,1570,0.817708,true,0.101563,0.259788,1.190569,60,40,2440,99840,true,0.000000,-0.368525,0.000000,1.000000,0.078478,0.500000,0.039239,0.419607,0.300000,0.125882,0.898438,0.200000,0.179688,0.360000,0.500000,-0.180000,1.000000,0.500000,-0.500000,0.333333,0.100000,-0.033333
t25-d1.2-a0.7-sparse,25,1.200000,0.700000,15,2589,1920,ga-timeline,all,lexicographic,goal-priority,20260928,13,15,true,true,true,40,5,1,17,8,1573,0.819271,true,0.080882,0.294621,1.384650,60,40,2440,94369,true,0.000000,-0.334720,0.000000,1.000000,0.082163,0.500000,0.041082,0.445694,0.300000,0.133708,0.919118,0.200000,0.183824,0.320000,0.500000,-0.160000,1.000000,0.500000,-0.500000,0.333333,0.100000,-0.033333
t25-d1.2-a0.7-sparse,25,1.200000,0.700000,15,2589,1920,ga-timeline,all,lexicographic,goal-priority,20260929,13,15,true,true,true,40,5,2,16,9,1547,0.805729,true,0.125000,0.287479,1.190801,60,40,2440,107457,true,0.000000,-0.381098,0.000000,1.000000,0.063457,0.500000,0.031728,0.418358,0.300000,0.125507,0.875000,0.200000,0.175000,0.360000,0.500000,-0.180000,1.000000,0.500000,-0.500000,0.333333,0.100000,-0.033333
t25-d1.2-a0.7-sparse,25,1.200000,0.700000,15,2589,1920,ga-timeline,curated,weighted,goal-priority,20260925,5,5,true,true,true,40,3,,18,7,1799,0.936979,true,0.104167,0.267888,1.456509,60,40,2440,91989,true,0.037816,0.037816,0.037816,1.000000,0.083102,0.500000,0.041551,0.466868,0.300000,0.140060,0.895833,0.200000,0.179167,0.280000,0.500000,-0.140000,0.280000,0.500000,-0.140000,0.429621,0.100000,-0.042962
t25-d1.2-a0.7-sparse,25,1.200000,0.700000,15,2589,1920,ga-timeline,curated,weighted,goal-priority,20260926,5,5,true,true,true,40,3,,17,8,1674,0.871875,true,0.125000,0.304069,1.326117,60,40,2440,95740,true,0.000000,-0.046478,0.000000,1.000000,0.074057,0.500000,0.037028,0.443195,0.300000,0.132958,0.875000,0.200000,0.175000,0.320000,0.500000,-0.160000,0.360000,0.500000,-0.180000,0.514652,0.100000,-0.051465
t25-d1.2-a0.7-sparse,25,1.200000,0.700000,15,2589,1920,ga-timeline,curated,weighted,goal-priority,20260927,5,5,true,true,true,40,3,,18,7,1799,0.936979,true,0.104167,0.302411,1.456509,60,40,2440,97853,true,0.032257,0.032257,0.032257,1.000000,0.083102,0.500000,0.041551,0.466868,0.300000,0.140060,0.895833,0.200000,0.179167,0.280000,0.500000,-0.140000,0.280000,0.500000,-0.140000,0.485207,0.100000,-0.048521
t25-d1.2-a0.7-sparse,25,1.200000,0.700000,15,2589,1920,ga-timeline,curated,weighted,goal-priority,20260928,5,5,true,true,true,40,2,,17,8,1750,0.911458,true,0.125000,0.359937,1.484569,60,40,2440,87517,true,0.000000,-0.015013,0.000000,1.000000,0.074057,0.500000,0.037028,0.443195,0.300000,0.132958,0.875000,0.200000,0.175000,0.320000,0.500000,-0.160000,0.320000,0.500000,-0.160000,0.400000,0.100000,-0.040000
t25-d1.2-a0.7-sparse,25,1.200000,0.700000,15,2589,1920,ga-timeline,curated,weighted,goal-priority,20260929,5,5,true,true,true,40,2,,17,8,1750,0.911458,true,0.125000,0.281895,1.484569,60,40,2440,99201,true,0.000000,-0.015013,0.000000,1.000000,0.074057,0.500000,0.037028,0.443195,0.300000,0.132958,0.875000,0.200000,0.175000,0.320000,0.500000,-0.160000,0.320000,0.500000,-0.160000,0.400000,0.100000,-0.040000
t25-d1.2-a0.7-sparse,25,1.200000,0.700000,15,2589,1920,ga-timeline,curated-textbook,weighted,goal-priority,20260925,9,10,true,true,true,40,6,,18,7,1688,0.879167,true,0.041667,0.275559,1.397104,60,40,2440,107623,true,0.012757,0.012757,0.012757,1.000000,0.092261,0.500000,0.046131,0.454862,0.300000,0.136459,0.958333,0.200000,0.191667,0.280000,0.500000,-0.140000,0.360000,0.500000,-0.180000,0.414986,0.100000,-0.041499
t25-d1.2-a0.7-sparse,25,1.200000,0.700000,15,2589,1920,ga-timeline,curated-textbook,weighted,goal-priority,20260926,9,10,true,true,true,40,6,,18,7,1688,0.879167,true,0.041667,0.293111,1.556823,60,40,2440,109264,true,0.000000,-0.015566,0.000000,1.000000,0.092261,0.500000,0.046131,0.454862,0.300000,0.136459,0.958333,0.200000,0.191667,0.280000,0.500000,-0.140000,0.400000,0.500000,-0.200000,0.498224,0.100000,-0.049822
t25-d1.2-a0.7-sparse,25,1.200000,0.700000,15,2589,1920,ga-timeline,curated-textbook,weighted,goal-priority,20260927,9,10,true,true,true,40,6,,18,7,1688,0.879167,true,0.041667,0.303861,1.339184,60,40,2440,109503,true,0.000000,-0.010074,0.000000,1.000000,0.092261,0.500000,0.046131,0.454862,0.300000,0.136459,0.958333,0.200000,0.191667,0.280000,0.500000,-0.140000,0.400000,0.500000,-0.200000,0.443301,0.100000,-0.044330
t25-d1.2-a0.7-sparse,25,1.200000,0.700000,15,2589,1920,ga-timeline,curated-textbook,weighted,goal-priority,20260928,9,10,true,true,true,40,6,,19,6,1829,0.952604,false,0.000000,0.321529,1.485987,60,40,2440,96673,true,0.028016,0.028016,0.028016,1.000000,0.110648,0.500000,0.055324,0.461405,0.300000,0.138422,1.000000,0.200000,0.200000,0.240000,0.500000,-0.120000,0.400000,0.500000,-0.200000,0.457296,0.100000,-0.045730
t25-d1.2-a0.7-sparse,25,1.200000,0.700000,15,2589,1920,ga-timeline,curated-textbook,weighted,goal-priority,20260929,9,10,true,true,true,40,4,,19,6,1860,0.968750,true,0.065789,0.277926,1.229127,60,40,2440,102990,true,0.056253,0.056253,0.056253,1.000000,0.093200,0.500000,0.046600,0.476036,0.300000,0.142811,0.934211,0.200000,0.186842,0.240000,0.500000,-0.120000,0.320000,0.500000,-0.160000,0.400000,0.100000,-0.040000
t25-d1.2-a0.7-sparse,25,1.200000,0.700000,15,2589,1920,ga-timeline,all,weighted,goal-priority,20260925,13,15,true,true,true,40,6,,19,6,1835,0.955729,true,0.006579,0.350691,1.486079,60,40,2440,134413,true,0.028388,0.028388,0.028388,1.000000,0.095627,0.500000,0.047814,0.460156,0.300000,0.138047,0.993421,0.200000,0.198684,0.240000,0.500000,-0.120000,0.400000,0.500000,-0.200000,0.361570,0.100000,-0.036157
t25-d1.2-a0.7-sparse,25,1.200000,0.700000,15,2589,1920,ga-timeline,all,weighted,goal-priority,20260926,13,15,true,true,true,40,7,,19,6,1860,0.968750,true,0.065789,0.323294,1.451773,60,40,2440,137733,true,0.055266,0.055266,0.055266,1.000000,0.093200,0.500000,0.046600,0.476036,0.300000,0.142811,0.934211,0.200000,0.186842,0.240000,0.500000,-0.120000,0.320000,0.500000,-0.160000,0.409866,0.100000,-0.040987
t25-d1.2-a0.7-sparse,25,1.200000,0.700000,15,2589,1920,ga-timeline,all,weighted,goal-priority,20260927,13,15,true,true,true,40,8,,17,8,1685,0.877604,true,0.058824,0.313423,1.308569,60,40,2440,87643,true,0.000000,-0.038868,0.000000,1.000000,0.088576,0.500000,0.044288,0.428776,0.300000,0.128633,0.941176,0.200000,0.188235,0.320000,0.500000,-0.160000,0.400000,0.500000,-0.200000,0.400237,0.100000,-0.040024
t25-d1.2-a0.7-sparse,25,1.200000,0.700000,15,2589,1920,ga-timeline,all,weighted,goal-priority,20260928,13,15,true,true,true,40,6,,18,7,1688,0.879167,true,0.041667,0.338964,1.362001,60,40,2440,102759,true,0.000000,-0.002850,0.000000,1.000000,0.092261,0.500000,0.046131,0.454862,0.300000,0.136459,0.958333,0.200000,0.191667,0.280000,0.500000,-0.140000,0.400000,0.500000,-0.200000,0.371058,0.100000,-0.037106
t25-d1.2-a0.7-sparse,25,1.200000,0.700000,15,2589,1920,ga-timeline,all,weighted,goal-priority,20260929,13,15,true,true,true,40,7,,18,7,1745,0.908854,true,0.104167,0.263107,1.471838,60,40,2440,108069,true,0.021759,0.021759,0.021759,1.000000,0.083102,0.500000,0.041551,0.466868,0.300000,0.140060,0.895833,0.200000,0.179167,0.280000,0.500000,-0.140000,0.320000,0.500000,-0.160000,0.390187,0.100000,-0.039019
t25-d1.2-a1.0-compact,25,1.200000,1.000000,11,2530,2640,ga,curated,lexicographic,goal-priority,20260925,5,5,true,true,true,12,2,1,19,6,2013,0.762500,false,0.000000,0.283902,1.910324,60,40,2440,7246,false,0.000000,-0.208418,0.000000,1.000000,0.112414,0.500000,0.056207,0.524934,0.300000,0.157480,1.000000,0.200000,0.200000,0.240000,0.500000,-0.120000,0.960000,0.500000,-0.480000,0.221056,0.100000,-0.022106
t25-d1.2-a1.0-compact,25,1.200000,1.000000,11,2530,2640,ga,curated,lexicographic,goal-priority,20260926,5,5,true,true,true,10,2,1,21,4,2154,0.815909,false,0.000000,0.266786,1.740187,60,40,2440,7333,false,0.000000,-0.116604,0.000000,1.000000,0.144528,0.500000,0.072264,0.598473,0.300000,0.179542,1.000000,0.200000,0.200000,0.160000,0.500000,-0.080000,0.960000,0.500000,-0.480000,0.084097,0.100000,-0.008410
t25-d1.2-a1.0-compact,25,1.200000,1.000000,11,2530,2640,ga,curated,lexicographic,goal-priority,20260927,5,5,true,true,true,11,2,1,19,6,2010,0.761364,false,0.000000,0.252353,1.820092,60,40,2440,7981,false,0.000000,-0.208418,0.000000,1.000000,0.112414,0.500000,0.056207,0.524934,0.300000,0.157480,1.000000,0.200000,0.200000,0.240000,0.500000,-0.120000,0.960000,0.500000,-0.480000,0.221056,0.100000,-0.022106
t25-d1.2-a1.0-compact,25,1.200000,1.000000,11,2530,2640,ga,curated,lexicographic,goal-priority,20260928,5,5,true,true,true,11,2,1,19,6,2013,0.762500,false,0.000000,0.283902,1.910324,60,40,2440,7807,false,0.000000,-0.208418,0.000000,1.000000,0.112414,0.500000,0.056207,0.524934,0.300000,0.157480,1.000000,0.200000,0.200000,0.240000,0.500000,-0.120000,0.960000,0.500000,-0.480000,0.221056,0.100000,-0.022106
t25-d1.2-a1.0-compact,25,1.200000,1.000000,11,2530,2640,ga,curated,lexicographic,goal-priority,20260929,5,5,true,true,true,12,2,1,19,6,2010,0.761364,false,0.000000,0.252353,1.820092,60,40,2440,8103,false,0.000000,-0.208418,0.000000,1.000000,0.112414,0.500000,0.056207,0.524934,0.300000,0.157480,1.000000,0.200000,0.200000,0.240000,0.500000,-0.120000,0.960000,0.500000,-0.480000,0.221056,0.100000,-0.022106
t25-d1.2-a1.0-compact,25,1.200000,1.000000,11,2530,2640,ga,curated-textbook,lexicographic,goal-priority,20260925,10,10,true,true,true,12,5,0,20,5,2115,0.801136,false,0.000000,0.260643,1.753815,60,40,2440,6039,false,0.000000,-0.185580,0.000000,1.000000,0.115230,0.500000,0.057615,0.566192,0.300000,0.169858,1.000000,0.200000,0.200000,0.200000,0.500000,-0.100000,0.960000,0.500000,-0.480000,0.330528,0.100000,-0.033053
t25-d1.2-a1.0-compact,25,1.200000,1.000000,11,2530,2640,ga,curated-textbook,lexicographic,goal-priority,20260926,10,10,true,true,true,10,5,0,20,5,2044,0.774242,false,0.000000,0.272764,1.779181,60,40,2440,5737,false,0.000000,-0.205580,0.000000,1.000000,0.115230,0.500000,0.057615,0.566192,0.300000,0.169858,1.000000,0.200000,0.200000,0.200000,0.500000,-0.100000,1.000000,0.500000,-0.500000,0.330528,0.100000,-0.033053
t25-d1.2-a1.0-compact,25,1.200000,1.000000,11,2530,2640,ga,curated-textbook,lexicographic,goal-priority,20260927,10,10,true,true,true,11,5,0,19,6,2010,0.761364,false,0.000000,0.252353,1.820092,60,40,2440,5653,false,0.000000,-0.219349,0.000000,1.000000,0.112414,0.500000,0.056207,0.524934,0.300000,0.157480,1.000000,0.200000,0.200000,0.240000,0.500000,-0.120000,0.960000,0.500000,-0.480000,0.330365,0.100000,-0.033037
t25-d1.2-a1.0-compact,25,1.200000,1.000000,11,2530,2640,ga,curated-textbook,lexicographic,goal-priority,20260928,10,10,true,true,true,11,5,0,20,5,2115,0.801136,false,0.000000,0.260643,1.753815,60,40,2440,5369,false,0.000000,-0.185580,0.000000,1.000000,0.115230,0.500000,0.057615,0.566192,0.300000,0.169858,1.000000,0.200000,0.200000,0.200000,0.500000,-0.100000,0.960000,0.500000,-0.480000,0.330528,0.100000,-0.033053
t25-d1.2-a1.0-compact,25,1.200000,1.000000,11,2530,2640,ga,curated-textbook,lexicographic,goal-priority,20260929,10,10,true,true,true,12,5,0,19,6,2010,0.761364,false,0.000000,0.252353,1.820092,60,40,2440,7458,false,0.000000,-0.219349,0.000000,1.000000,0.112414,0.500000,0.056207,0.524934,0.300000,0.157480,1.000000,0.200000,0.200000,0.240000,0.500000,-0.120000,0.960000,0.500000,-0.480000,0.330365,0.100000,-0.033037
t25-d1.2-a1.0-compact,25,1.200000,1.000000,11,2530,2640,ga,all,lexicographic,goal-priority,20260925,15,15,true,true,true,12,7,0,20,5,2115,0.801136,false,0.000000,0.260643,1.753815,60,40,2440,5209,false,0.000000,-0.179896,0.000000,1.000000,0.115230,0.500000,0.057615,0.566192,0.300000,0.169858,1.000000,0.200000,0.200000,0.200000,0.500000,-0.100000,0.960000,0.500000,-0.480000,0.273685,0.100000,-0.027369
t25-d1.2-a1.0-compact,25,1.200000,1.000000,11,2530,2640,ga,all,lexicographic,goal-priority,20260926,15,15,true,true,true,10,7,0,20,5,2044,0.774242,false,0.000000,0.272764,1.779181,60,40,2440,5328,false,0.000000,-0.200563,0.000000,1.000000,0.115230,0.500000,0.057615,0.566192,0.300000,0.169858,1.000000,0.200000,0.200000,0.200000,0.500000,-0.100000,1.000000,0.500000,-0.500000,0.280352,0.100000,-0.028035
t25-d1.2-a1.0-compact,25,1.200000,1.000000,11,2530,2640,ga,all,lexicographic,goal-priority,20260927,15,15,true,true,true,11,7,0,19,6,2010,0.761364,false,0.000000,0.252353,1.820092,60,40,2440,5562,false,0.000000,-0.214968,0.000000,1.000000,0.112414,0.500000,0.056207,0.524934,0.300000,0.157480,1.000000,0.200000,0.200000,0.240000,0.500000,-0.120000,0.960000,0.500000,-0.480000,0.286556,0.100000,-0.028656
t25-d1.2-a1.0-compact,25,1.200000,1.000000,11,2530,2640,ga,all,lexicographic,goal-priority,20260928,15,15,true,true,true,11,7,0,20,5,2115,0.801136,false,0.000000,0.260643,1.753815,60,40,2440,5371,false,0.000000,-0.179896,0.000000,1.000000,0.115230,0.500000,0.057615,0.566192,0.300000,0.169858,1.000000,0.200000,0.200000,0.200000,0.500000,-0.100000,0.960000,0.500000,-0.480000,0.273685,0.100000,-0.027369
t25-d1.2-a1.0-compact,25,1.200000,1.000000,11,2530,2640,ga,all,lexicographic,goal-priority,20260929,15,15,true,true,true,12,7,0,19,6,2010,0.761364,false,0.000000,0.252353,1.820092,60,40,2440,5148,false,0.000000,-0.214968,0.000000,1.000000,0.112414,0.500000,0.056207,0.524934,0.300000,0.157480,1.000000,0.200000,0.200000,0.240000,0.500000,-0.120000,0.960000,0.500000,-0.480000,0.286556,0.100000,-0.028656
t25-d1.2-a1.0-compact,25,1.200000,1.000000,11,2530,2640,ga,curated,weighted,goal-priority,20260925,5,5,true,true,true,12,3,,20,5,2115,0.801136,false,0.000000,0.260643,1.753815,60,40,2440,5796,false,0.000000,-0.178633,0.000000,1.000000,0.115230,0.500000,0.057615,0.566192,0.300000,0.169858,1.000000,0.200000,0.200000,0.200000,0.500000,-0.100000,0.960000,0.500000,-0.480000,0.261056,0.100000,-0.026106
t25-d1.2-a1.0-compact,25,1.200000,1.000000,11,2530,2640,ga,curated,weighted,goal-priority,20260926,5,5,true,true,true,10,3,,20,5,2052,0.777273,false,0.000000,0.290393,1.894166,60,40,2440,5330,false,0.000000,-0.156320,0.000000,1.000000,0.141712,0.500000,0.070856,0.557215,0.300000,0.167164,1.000000,0.200000,0.200000,0.200000,0.500000,-0.100000,0.960000,0.500000,-0.480000,0.143403,0.100000,-0.014340
t25-d1.2-a1.0-compact,25,1.200000,1.000000,11,2530,2640,ga,curated,weighted,goal-priority,20260927,5,5,true,true,true,11,3,,19,6,2010,0.761364,false,0.000000,0.252353,1.820092,60,40,2440,5232,false,0.000000,-0.212386,0.000000,1.000000,0.112414,0.500000,0.056207,0.524934,0.300000,0.157480,1.000000,0.200000,0.200000,0.240000,0.500000,-0.120000,0.960000,0.500000,-0.480000,0.260731,0.100000,-0.026073
t25-d1.2-a1.0-compact,25,1.200000,1.000000,11,2530,2640,ga,curated,weighted,goal-priority,20260928,5,5,true,true,true,11,3,,20,5,2115,0.801136,false,0.000000,0.260643,1.753815,60,40,2440,5407,false,0.000000,-0.178633,0.000000,1.000000,0.115230,0.500000,0.057615,0.566192,0.300000,0.169858,1.000000,0.200000,0.200000,0.200000,0.500000,-0.100000,0.960000,0.500000,-0.480000,0.261056,0.100000,-0.026106
t25-d1.2-a1.0-compact,25,1.200000,1.000000,11,2530,2640,ga,curated,weighted,goal-priority,20260929,5,5,true,true,true,12,3,,19,6,2010,0.761364,false,0.000000,0.252353,1.820092,60,40,2440,5137,false,0.000000,-0.212386,0.000000,1.000000,0.112414,0.500000,0.056207,0.524934,0.300000,0.157480,1.000000,0.200000,0.200000,0.240000,0.500000,-0.120000,0.960000,0.500000,-0.480000,0.260731,0.100000,-0.026073
t25-d1.2-a1.0-compact,25,1.200000,1.000000,11,2530,2640,ga,curated-textbook,weighted,goal-priority,20260925,10,10,true,true,true,12,5,,20,5,2115,0.801136,false,0.000000,0.260643,1.753815,60,40,2440,5466,false,0.000000,-0.185580,0.000000,1.000000,0.115230,0.500000,0.057615,0.566192,0.300000,0.169858,1.000000,0.200000,0.200000,0.200000,0.500000,-0.100000,0.960000,0.500000,-0.480000,0.330528,0.100000,-0.033053
t25-d1.2-a1.0-compact,25,1.200000,1.000000,11,2530,2640,ga,curated-textbook,weighted,goal-priority,20260926,10,10,true,true,true,10,5,,20,5,2044,0.774242,false,0.000000,0.272764,1.779181,60,40,2440,5131,false,0.000000,-0.205580,0.000000,1.000000,0.115230,0.500000,0.057615,0.566192,0.300000,0.169858,1.000000,0.200000,0.200000,0.200000,0.500000,-0.100000,1.000000,0.500000,-0.500000,0.330528,0.100000,-0.033053
t25-d1.2-a1.0-compact,25,1.200000,1.000000,11,2530,2640,ga,curated-textbook,weighted,goal-priority,20260927,10,10,true,true,true,11,5,,19,6,2010,0.761364,false,0.000000,0.252353,1.820092,60,40,2440,5155,false,0.000000,-0.219349,0.000000,1.000000,0.112414,0.500000,0.056207,0.524934,0.300000,0.157480,1.000000,0.200000,0.200000,0.240000,0.500000,-0.120000,0.960000,0.500000,-0.480000,0.330365,0.100000,-0.033037
t25-d1.2-a1.0-compact,25,1.200000,1.000000,11,2530,2640,ga,curated-textbook,weighted,goal-priority,20260928,10,10,true,true,true,11,5,,20,5,2115,0.801136,false,0.000000,0.260643,1.753815,60,40,2440,5208,false,0.000000,-0.185580,0.000000,1.000000,0.115230,0.500000,0.057615,0.566192,0.300000,0.169858,1.000000,0.200000,0.200000,0.200000,0.500000,-0.100000,0.960000,0.500000,-0.480000,0.330528,0.100000,-0.033053
t25-d1.2-a1.0-compact,25,1.200000,1.000000,11,2530,2640,ga,curated-textbook,weighted,goal-priority,20260929,10,10,true,true,true,12,5,,19,6,2010,0.761364,false,0.000000,0.252353,1.820092,60,40,2440,5294,false,0.000000,-0.219349,0.000000,1.000000,0.112414,0.500000,0.056207,0.524934,0.300000,0.157480,1.000000,0.200000,0.200000,0.240000,0.500000,-0.120000,0.960000,0.500000,-0.480000,0.330365,0.100000,-0.033037
t25-d1.2-a1.0-compact,25,1.200000,1.000000,11,2530,2640,ga,all,weighted,goal-priority,20260925,15,15,true,true,true,12,7,,20,5,2115,0.801136,false,0.000000,0.260643,1.753815,60,40,2440,5415,false,0.000000,-0.179896,0.000000,1.000000,0.115230,0.500000,0.057615,0.566192,0.300000,0.169858,1.000000,0.200000,0.200000,0.200000,0.500000,-0.100000,0.960000,0.500000,-0.480000,0.273685,0.100000,-0.027369
t25-d1.2-a1.0-compact,25,1.200000,1.000000,11,2530,2640,ga,all,weighted,goal-priority,20260926,15,15,true,true,true,10,7,,20,5,2044,0.774242,false,0.000000,0.272764,1.779181,60,40,2440,5263,false,0.000000,-0.200563,0.000000,1.000000,0.115230,0.500000,0.057615,0.566192,0.300000,0.169858,1.000000,0.200000,0.200000,0.200000,0.500000,-0.100000,1.000000,0.500000,-0.500000,0.280352,0.100000,-0.028035
t25-d1.2-a1.0-compact,25,1.200000,1.000000,11,2530,2640,ga,all,weighted,goal-priority,20260927,15,15,true,true,true,11,7,,19,6,2010,0.761364,false,0.000000,0.252353,1.820092,60,40,2440,5221,false,0.000000,-0.214968,0.000000,1.000000,0.112414,0.500000,0.056207,0.524934,0.300000,0.157480,1.000000,0.200000,0.200000,0.240000,0.500000,-0.120000,0.960000,0.500000,-0.480000,0.286556,0.100000,-0.028656
t25-d1.2-a1.0-compact,25,1.200000,1.000000,11,2530,2640,ga,all,weighted,goal-priority,20260928,15,15,true,true,true,11,7,,20,5,2115,0.801136,false,0.000000,0.260643,1.753815,60,40,2440,6595,false,0.000000,-0.179896,0.000000,1.000000,0.115230,0.500000,0.057615,0.566192,0.300000,0.169858,1.000000,0.200000,0.200000,0.200000,0.500000,-0.100000,0.960000,0.500000,-0.480000,0.273685,0.100000,-0.027369
t25-d1.2-a1.0-compact,25,1.200000,1.000000,11,2530,2640,ga,all,weighted,goal-priority,20260929,15,15,true,true,true,12,7,,19,6,2010,0.761364,false,0.000000,0.252353,1.820092,60,40,2440,5216,false,0.000000,-0.214968,0.000000,1.000000,0.112414,0.500000,0.056207,0.524934,0.300000,0.157480,1.000000,0.200000,0.200000,0.240000,0.500000,-0.120000,0.960000,0.500000,-0.480000,0.286556,0.100000,-0.028656
t25-d1.2-a1.0-compact,25,1.200000,1.000000,11,2530,2640,ga-timeline,curated,lexicographic,goal-priority,20260925,5,5,true,true,true,40,0,3,22,3,2119,0.802652,true,0.054545,0.378093,1.841339,60,40,2440,115285,true,0.000000,-0.112357,0.000000,1.000000,0.125555,0.500000,0.062777,0.652582,0.300000,0.195775,0.945455,0.200000,0.189091,0.120000,0.500000,-0.060000,1.000000,0.500000,-0.500000,0.000000,0.100000,-0.000000
t25-d1.2-a1.0-compact,25,1.200000,1.000000,11,2530,2640,ga-timeline,curated,lexicographic,goal-priority,20260926,5,5,true,true,true,40,0,2,22,3,2126,0.805303,true,0.054545,0.279847,1.543158,60,40,2440,112312,true,0.000000,-0.112357,0.000000,1.000000,0.125555,0.500000,0.062777,0.652582,0.300000,0.195775,0.945455,0.200000,0.189091,0.120000,0.500000,-0.060000,1.000000,0.500000,-0.500000,0.000000,0.100000,-0.000000
t25-d1.2-a1.0-compact,25,1.200000,1.000000,11,2530,2640,ga-timeline,curated,lexicographic,goal-priority,20260927,5,5,true,true,true,40,1,2,22,3,2270,0.859848,true,0.026087,0.375952,1.517443,60,40,2440,149589,true,0.000000,-0.092955,0.000000,1.000000,0.124559,0.500000,0.062279,0.659800,0.300000,0.197940,0.973913,0.200000,0.194783,0.120000,0.500000,-0.060000,0.960000,0.500000,-0.480000,0.079574,0.100000,-0.007957
t25-d1.2-a1.0-compact,25,1.200000,1.000000,11,2530,2640,ga-timeline,curated,lexicographic,goal-priority,20260928,5,5,true,true,true,40,0,3,22,3,2187,0.828409,true,0.054545,0.390367,1.524263,60,40,2440,148029,true,0.000000,-0.092357,0.000000,1.000000,0.125555,0.500000,0.062777,0.652582,0.300000,0.195775,0.945455,0.200000,0.189091,0.120000,0.500000,-0.060000,0.960000,0.500000,-0.480000,0.000000,0.100000,-0.000000
t25-d1.2-a1.0-compact,25,1.200000,1.000000,11,2530,2640,ga-timeline,curated,lexicographic,goal-priority,20260929,5,5,true,true,true,40,1,2,22,3,2126,0.805303,true,0.054545,0.389242,1.844994,60,40,2440,140254,true,0.000000,-0.116579,0.000000,1.000000,0.125555,0.500000,0.062777,0.652582,0.300000,0.195775,0.945455,0.200000,0.189091,0.120000,0.500000,-0.060000,1.000000,0.500000,-0.500000,0.042222,0.100000,-0.004222
t25-d1.2-a1.0-compact,25,1.200000,1.000000,11,2530,2640,ga-timeline,curated-textbook,lexicographic,goal-priority,20260925,10,10,true,true,true,39,1,2,23,2,2329,0.882197,false,0.000000,0.403961,1.578864,60,40,2440,213198,true,0.000000,-0.040130,0.000000,1.000000,0.154853,0.500000,0.077426,0.684863,0.300000,0.205459,1.000000,0.200000,0.200000,0.080000,0.500000,-0.040000,0.960000,0.500000,-0.480000,0.030154,0.100000,-0.003015
t25-d1.2-a1.0-compact,25,1.200000,1.000000,11,2530,2640,ga-timeline,curated-textbook,lexicographic,goal-priority,20260926,10,10,true,true,true,40,1,1,22,3,2126,0.805303,true,0.054545,0.380520,1.571143,60,40,2440,120672,true,0.000000,-0.116408,0.000000,1.000000,0.125555,0.500000,0.062777,0.652582,0.300000,0.195775,0.945455,0.200000,0.189091,0.120000,0.500000,-0.060000,1.000000,0.500000,-0.500000,0.040507,0.100000,-0.004051
t25-d1.2-a1.0-compact,25,1.200000,1.000000,11,2530,2640,ga-timeline,curated-textbook,lexicographic,goal-priority,20260927,10,10,true,true,true,40,2,2,23,2,2261,0.856439,true,0.026087,0.369103,1.549131,60,40,2440,113330,true,0.000000,-0.082447,0.000000,1.000000,0.142385,0.500000,0.071192,0.668723,0.300000,0.200617,0.973913,0.200000,0.194783,0.080000,0.500000,-0.040000,1.000000,0.500000,-0.500000,0.090390,0.100000,-0.009039
t25-d1.2-a1.0-compact,25,1.200000,1.000000,11,2530,2640,ga-timeline,curated-textbook,lexicographic,goal-priority,20260928,10,10,true,true,true,40,1,4,21,4,1984,0.751515,true,0.085714,0.353852,1.690729,60,40,2440,111929,true,0.000000,-0.155795,0.000000,1.000000,0.108725,0.500000,0.054362,0.636442,0.300000,0.190932,0.914286,0.200000,0.182857,0.160000,0.500000,-0.080000,1.000000,0.500000,-0.500000,0.039465,0.100000,-0.003947
t25-d1.2-a1.0-compact,25,1.200000,1.000000,11,2530,2640,ga-timeline,curated-textbook,lexicographic,goal-priority,20260929,10,10,true,true,true,40,1,3,21,4,2030,0.768939,true,0.085714,0.385981,1.871648,60,40,2440,184961,true,0.000000,-0.157391,0.000000,1.000000,0.115457,0.500000,0.057728,0.640080,0.300000,0.192024,0.914286,0.200000,0.182857,0.160000,0.500000,-0.080000,1.000000,0.500000,-0.500000,0.100000,0.100000,-0.010000
t25-d1.2-a1.0-compact,25,1.200000,1.000000,11,2530,2640,ga-timeline,all,lexicographic,goal-priority,20260925,15,15,true,true,true,40,3,4,20,5,2034,0.770455,true,0.028571,0.188953,1.735347,60,40,2440,120414,true,0.000000,-0.155302,0.000000,1.000000,0.125109,0.500000,0.062555,0.614962,0.300000,0.184489,0.971429,0.200000,0.194286,0.200000,0.500000,-0.100000,0.960000,0.500000,-0.480000,0.166310,0.100000,-0.016631
t25-d1.2-a1.0-compact,25,1.200000,1.000000,11,2530,2640,ga-timeline,all,lexicographic,goal-priority,20260926,15,15,true,true,true,40,3,3,20,5,2039,0.772348,true,0.047619,0.266332,2.023966,60,40,2440,128245,true,0.000000,-0.159099,0.000000,1.000000,0.124217,0.500000,0.062108,0.618713,0.300000,0.185614,0.952381,0.200000,0.190476,0.200000,0.500000,-0.100000,0.960000,0.500000,-0.480000,0.172972,0.100000,-0.017297
t25-d1.2-a1.0-compact,25,1.200000,1.000000,11,2530,2640,ga-timeline,all,lexicographic,goal-priority,20260927,15,15,true,true,true,40,4,4,20,5,2100,0.795455,true,0.009524,0.233860,1.973864,60,40,2440,117494,true,0.000000,-0.152329,0.000000,1.000000,0.124925,0.500000,0.062463,0.614613,0.300000,0.184384,0.990476,0.200000,0.198095,0.200000,0.500000,-0.100000,0.960000,0.500000,-0.480000,0.172708,0.100000,-0.017271
t25-d1.2-a1.0-compact,25,1.200000,1.000000,11,2530,2640,ga-timeline,all,lexicographic,goal-priority,20260928,15,15,true,true,true,40,4,5,19,6,2015,0.763258,true,0.052632,0.401196,1.807378,60,40,2440,113170,true,0.000000,-0.206005,0.000000,1.000000,0.104834,0.500000,0.052417,0.555855,0.300000,0.166756,0.947368,0.200000,0.189474,0.240000,0.500000,-0.120000,0.960000,0.500000,-0.480000,0.146524,0.100000,-0.014652
t25-d1.2-a1.0-compact,25,1.200000,1.000000,11,2530,2640,ga-timeline,all,lexicographic,goal-priority,20260929,15,15,true,true,true,40,4,5,20,5,2161,0.818561,true,0.060000,0.286773,1.463322,60,40,2440,115745,true,0.000000,-0.187008,0.000000,1.000000,0.106070,0.500000,0.053035,0.577510,0.300000,0.173253,0.940000,0.200000,0.188000,0.200000,0.500000,-0.100000,0.960000,0.500000,-0.480000,0.212963,0.100000,-0.021296
t25-d1.2-a1.0-compact,25,1.200000,1.000000,11,2530,2640,ga-timeline,curated,weighted,goal-priority,20260925,5,5,true,true,true,40,3,,22,3,2233,0.845833,true,0.026087,0.370410,1.803922,60,40,2440,148578,true,0.326703,0.326703,0.326703,1.000000,0.144755,0.500000,0.072377,0.672361,0.300000,0.201708,0.973913,0.200000,0.194783,0.120000,0.500000,-0.060000,0.120000,0.500000,-0.060000,0.221648,0.100000,-0.022165
t25-d1.2-a1.0-compact,25,1.200000,1.000000,11,2530,2640,ga-timeline,curated,weighted,goal-priority,20260926,5,5,true,true,true,40,2,,23,2,2268,0.859091,true,0.026087,0.348273,1.504340,60,40,2440,122916,true,0.357688,0.357688,0.357688,1.000000,0.135653,0.500000,0.067826,0.663439,0.300000,0.199032,0.973913,0.200000,0.194783,0.080000,0.500000,-0.040000,0.080000,0.500000,-0.040000,0.239528,0.100000,-0.023953
t25-d1.2-a1.0-compact,25,1.200000,1.000000,11,2530,2640,ga-timeline,curated,weighted,goal-priority,20260927,5,5,true,true,true,40,3,,24,1,2424,0.918182,false,0.000000,0.365971,1.598517,60,40,2440,126876,true,0.401972,0.401972,0.401972,1.000000,0.151487,0.500000,0.075743,0.686797,0.300000,0.206039,1.000000,0.200000,0.200000,0.040000,0.500000,-0.020000,0.040000,0.500000,-0.020000,0.398102,0.100000,-0.039810
t25-d1.2-a1.0-compact,25,1.200000,1.000000,11,2530,2640,ga-timeline,curated,weighted,goal-priority,20260928,5,5,true,true,true,40,3,,23,2,2329,0.882197,false,0.000000,0.380652,1.486330,60,40,2440,130150,true,0.384938,0.384938,0.384938,1.000000,0.154853,0.500000,0.077426,0.684863,0.300000,0.205459,1.000000,0.200000,0.200000,0.080000,0.500000,-0.040000,0.080000,0.500000,-0.040000,0.179472,0.100000,-0.017947
t25-d1.2-a1.0-compact,25,1.200000,1.000000,11,2530,2640,ga-timeline,curated,weighted,goal-priority,20260929,5,5,true,true,true,40,3,,23,2,2329,0.882197,true,0.026087,0.375394,1.779355,60,40,2440,117060,true,0.362531,0.362531,0.362531,1.000000,0.142385,0.500000,0.071192,0.668723,0.300000,0.200617,0.973913,0.200000,0.194783,0.080000,0.500000,-0.040000,0.080000,0.500000,-0.040000,0.240611,0.100000,-0.024061
t25-d1.2-a1.0-compact,25,1.200000,1.000000,11,2530,2640,ga-timeline,curated-textbook,weighted,goal-priority,20260925,10,10,true,true,true,39,3,,23,2,2329,0.882197,false,0.000000,0.403961,1.578864,60,40,2440,126303,true,0.394791,0.394791,0.394791,1.000000,0.154853,0.500000,0.077426,0.684863,0.300000,0.205459,1.000000,0.200000,0.200000,0.080000,0.500000,-0.040000,0.080000,0.500000,-0.040000,0.080945,0.100000,-0.008094
t25-d1.2-a1.0-compact,25,1.200000,1.000000,11,2530,2640,ga-timeline,curated-textbook,weighted,goal-priority,20260926,10,10,true,true,true,40,2,,23,2,2329,0.882197,true,0.026087,0.366982,1.515247,60,40,2440,119349,true,0.379692,0.379692,0.379692,1.000000,0.142385,0.500000,0.071192,0.668723,0.300000,0.200617,0.973913,0.200000,0.194783,0.080000,0.500000,-0.040000,0.080000,0.500000,-0.040000,0.069000,0.100000,-0.006900
t25-d1.2-a1.0-compact,25,1.200000,1.000000,11,2530,2640,ga-timeline,curated-textbook,weighted,goal-priority,20260927,10,10,true,true,true,40,4,,23,2,2329,0.882197,true,0.026087,0.364704,1.530669,60,40,2440,154290,true,0.374563,0.374563,0.374563,1.000000,0.142385,0.500000,0.071192,0.668723,0.300000,0.200617,0.973913,0.200000,0.194783,0.080000,0.500000,-0.040000,0.080000,0.500000,-0.040000,0.120285,0.100000,-0.012028
t25-d1.2-a1.0-compact,25,1.200000,1.000000,11,2530,2640,ga-timeline,curated-textbook,weighted,goal-priority,20260928,10,10,true,true,true,40,5,,23,2,2261,0.856439,true,0.026087,0.384001,1.779354,60,40,2440,115138,true,0.372902,0.372902,0.372902,1.000000,0.142385,0.500000,0.071192,0.668723,0.300000,0.200617,0.973913,0.200000,0.194783,0.080000,0.500000,-0.040000,0.080000,0.500000,-0.040000,0.136900,0.100000,-0.013690
t25-d1.2-a1.0-compact,25,1.200000,1.000000,11,2530,2640,ga-timeline,curated-textbook,weighted,goal-priority,20260929,10,10,true,true,true,40,4,,23,2,2329,0.882197,true,0.026087,0.383281,1.748510,60,40,2440,134022,true,0.369685,0.369685,0.369685,1.000000,0.142385,0.500000,0.071192,0.668723,0.300000,0.200617,0.973913,0.200000,0.194783,0.080000,0.500000,-0.040000,0.080000,0.500000,-0.040000,0.169069,0.100000,-0.016907
t25-d1.2-a1.0-compact,25,1.200000,1.000000,11,2530,2640,ga-timeline,all,weighted,goal-priority,20260925,15,15,true,true,true,40,7,,22,3,2155,0.816288,true,0.026087,0.289769,1.578814,60,40,2440,116632,true,0.325644,0.325644,0.325644,1.000000,0.144755,0.500000,0.072377,0.672361,0.300000,0.201708,0.973913,0.200000,0.194783,0.120000,0.500000,-0.060000,0.120000,0.500000,-0.060000,0.232242,0.100000,-0.023224
t25-d1.2-a1.0-compact,25,1.200000,1.000000,11,2530,2640,ga-timeline,all,weighted,goal-priority,20260926,15,15,true,true,true,40,6,,22,3,2124,0.804545,false,0.000000,0.292922,2.008824,60,40,2440,122535,true,0.313604,0.313604,0.313604,1.000000,0.141941,0.500000,0.070971,0.631157,0.300000,0.189347,1.000000,0.200000,0.200000,0.120000,0.500000,-0.060000,0.120000,0.500000,-0.060000,0.267134,0.100000,-0.026713
t25-d1.2-a1.0-compact,25,1.200000,1.000000,11,2530,2640,ga-timeline,all,weighted,goal-priority,20260927,15,15,true,true,true,40,8,,23,2,2311,0.875379,false,0.000000,0.264241,1.535513,60,40,2440,112970,true,0.372811,0.372811,0.372811,1.000000,0.148121,0.500000,0.074060,0.679579,0.300000,0.203874,1.000000,0.200000,0.200000,0.080000,0.500000,-0.040000,0.080000,0.500000,-0.040000,0.251226,0.100000,-0.025123
t25-d1.2-a1.0-compact,25,1.200000,1.000000,11,2530,2640,ga-timeline,all,weighted,goal-priority,20260928,15,15,true,true,true,40,9,,23,2,2311,0.875379,true,0.026087,0.400492,1.763713,60,40,2440,122156,true,0.360383,0.360383,0.360383,1.000000,0.135653,0.500000,0.067826,0.663439,0.300000,0.199032,0.973913,0.200000,0.194783,0.080000,0.500000,-0.040000,0.080000,0.500000,-0.040000,0.212574,0.100000,-0.021257
t25-d1.2-a1.0-compact,25,1.200000,1.000000,11,2530,2640,ga-timeline,all,weighted,goal-priority,20260929,15,15,true,true,true,40,9,,23,2,2311,0.875379,true,0.026087,0.265295,1.779184,60,40,2440,120211,true,0.358323,0.358323,0.358323,1.000000,0.135653,0.500000,0.067826,0.663439,0.300000,0.199032,0.973913,0.200000,0.194783,0.080000,0.500000,-0.040000,0.080000,0.500000,-0.040000,0.233177,0.100000,-0.023318
t25-d1.2-a1.0-sparse,25,1.200000,1.000000,23,2794,2880,ga,curated,lexicographic,goal-priority,20260925,5,5,true,true,true,1,2,1,19,6,1926,0.668750,false,0.000000,0.215141,1.739949,60,40,2440,5096,false,0.000000,-0.303253,0.000000,1.000000,0.112414,0.500000,0.056207,0.268465,0.300000,0.080539,1.000000,0.200000,0.200000,0.240000,0.500000,-0.120000,1.000000,0.500000,-0.500000,0.200000,0.100000,-0.020000
t25-d1.2-a1.0-sparse,25,1.200000,1.000000,23,2794,2880,ga,curated,lexicographic,goal-priority,20260926,5,5,true,true,true,1,2,1,19,6,1926,0.668750,false,0.000000,0.215141,1.739949,60,40,2440,5132,false,0.000000,-0.303253,0.000000,1.000000,0.112414,0.500000,0.056207,0.268465,0.300000,0.080539,1.000000,0.200000,0.200000,0.240000,0.500000,-0.120000,1.000000,0.500000,-0.500000,0.200000,0.100000,-0.020000
t25-d1.2-a1.0-sparse,25,1.200000,1.000000,23,2794,2880,ga,curated,lexicographic,goal-priority,20260927,5,5,true,true,true,1,2,1,19,6,1926,0.668750,false,0.000000,0.215141,1.739949,60,40,2440,5137,false,0.000000,-0.303253,0.000000,1.000000,0.112414,0.500000,0.056207,0.268465,0.300000,0.080539,1.000000,0.200000,0.200000,0.240000,0.500000,-0.120000,1.000000,0.500000,-0.500000,0.200000,0.100000,-0.020000
t25-d1.2-a1.0-sparse,25,1.200000,1.000000,23,2794,2880,ga,curated,lexicographic,goal-priority,20260928,5,5,true,true,true,1,2,1,19,6,1926,0.668750,false,0.000000,0.215141,1.739949,60,40,2440,5713,false,0.000000,-0.303253,0.000000,1.000000,0.112414,0.500000,0.056207,0.268465,0.300000,0.080539,1.000000,0.200000,0.200000,0.240000,0.500000,-0.120000,1.000000,0.500000,-0.500000,0.200000,0.100000,-0.020000
t25-d1.2-a1.0-sparse,25,1.200000,1.000000,23,2794,2880,ga,curated,lexicographic,goal-priority,20260929,5,5,true,true,true,1,2,1,19,6,1926,0.668750,false,0.000000,0.215141,1.739949,60,40,2440,5277,false,0.000000,-0.303253,0.000000,1.000000,0.112414,0.500000,0.056207,0.268465,0.300000,0.080539,1.000000,0.200000,0.200000,0.240000,0.500000,-0.120000,1.000000,0.500000,-0.500000,0.200000,0.100000,-0.020000
t25-d1.2-a1.0-sparse,25,1.200000,1.000000,23,2794,2880,ga,curated-textbook,lexicographic,goal-priority,20260925,10,10,true,true,true,1,2,3,19,6,1990,0.690972,false,0.000000,0.215510,1.742931,60,40,2440,5039,false,0.000000,-0.303511,0.000000,1.000000,0.113972,0.500000,0.056986,0.265012,0.300000,0.079504,1.000000,0.200000,0.200000,0.240000,0.500000,-0.120000,1.000000,0.500000,-0.500000,0.200000,0.100000,-0.020000
t25-d1.2-a1.0-sparse,25,1.200000,1.000000,23,2794,2880,ga,curated-textbook,lexicographic,goal-priority,20260926,10,10,true,true,true,1,2,3,19,6,1990,0.690972,false,0.000000,0.215510,1.742931,60,40,2440,5181,false,0.000000,-0.303511,0.000000,1.000000,0.113972,0.500000,0.056986,0.265012,0.300000,0.079504,1.000000,0.200000,0.200000,0.240000,0.500000,-0.120000,1.000000,0.500000,-0.500000,0.200000,0.100000,-0.020000
t25-d1.2-a1.0-sparse,25,1.200000,1.000000,23,2794,2880,ga,curated-textbook,lexicographic,goal-priority,20260927,10,10,true,true,true,1,2,3,19,6,1990,0.690972,false,0.000000,0.215510,1.742931,60,40,2440,5214,false,0.000000,-0.303511,0.000000,1.000000,0.113972,0.500000,0.056986,0.265012,0.300000,0.079504,1.000000,0.200000,0.200000,0.240000,0.500000,-0.120000,1.000000,0.500000,-0.500000,0.200000,0.100000,-0.020000
t25-d1.2-a1.0-sparse,25,1.200000,1.000000,23,2794,2880,ga,curated-textbook,lexicographic,goal-priority,20260928,10,10,true,true,true,1,2,3,19,6,1990,0.690972,false,0.000000,0.215510,1.742931,60,40,2440,5145,false,0.000000,-0.303511,0.000000,1.000000,0.113972,0.500000,0.056986,0.265012,0.300000,0.079504,1.000000,0.200000,0.200000,0.240000,0.500000,-0.120000,1.000000,0.500000,-0.500000,0.200000,0.100000,-0.020000
t25-d1.2-a1.0-sparse,25,1.200000,1.000000,23,2794,2880,ga,curated-textbook,lexicographic,goal-priority,20260929,10,10,true,true,true,1,2,3,19,6,1990,0.690972,false,0.000000,0.215510,1.742931,60,40,2440,5121,false,0.000000,-0.303511,0.000000,1.000000,0.113972,0.500000,0.056986,0.265012,0.300000,0.079504,1.000000,0.200000,0.200000,0.240000,0.500000,-0.120000,1.000000,0.500000,-0.500000,0.200000,0.100000,-0.020000
t25-d1.2-a1.0-sparse,25,1.200000,1.000000,23,2794,2880,ga,all,lexicographic,goal-priority,20260925,14,14,true,true,true,1,3,4,18,7,1953,0.678125,false,0.000000,0.229523,1.856263,60,40,2440,5071,false,0.000000,-0.334237,0.000000,1.000000,0.108226,0.500000,0.054113,0.243594,0.300000,0.073078,1.000000,0.200000,0.200000,0.280000,0.500000,-0.140000,1.000000,0.500000,-0.500000,0.214286,0.100000,-0.021429
t25-d1.2-a1.0-sparse,25,1.200000,1.000000,23,2794,2880,ga,all,lexicographic,goal-priority,20260926,14,14,true,true,true,1,3,4,18,7,1953,0.678125,false,0.000000,0.229523,1.856263,60,40,2440,5015,false,0.000000,-0.334237,0.000000,1.000000,0.108226,0.500000,0.054113,0.243594,0.300000,0.073078,1.000000,0.200000,0.200000,0.280000,0.500000,-0.140000,1.000000,0.500000,-0.500000,0.214286,0.100000,-0.021429
t25-d1.2-a1.0-sparse,25,1.200000,1.000000,23,2794,2880,ga,all,lexicographic,goal-priority,20260927,14,14,true,true,true,1,3,4,18,7,1953,0.678125,false,0.000000,0.229523,1.856263,60,40,2440,5323,false,0.000000,-0.334237,0.000000,1.000000,0.108226,0.500000,0.054113,0.243594,0.300000,0.073078,1.000000,0.200000,0.200000,0.280000,0.500000,-0.140000,1.000000,0.500000,-0.500000,0.214286,0.100000,-0.021429
t25-d1.2-a1.0-sparse,25,1.200000,1.000000,23,2794,2880,ga,all,lexicographic,goal-priority,20260928,14,14,true,true,true,1,3,4,18,7,1953,0.678125,false,0.000000,0.229523,1.856263,60,40,2440,5534,false,0.000000,-0.334237,0.000000,1.000000,0.108226,0.500000,0.054113,0.243594,0.300000,0.073078,1.000000,0.200000,0.200000,0.280000,0.500000,-0.140000,1.000000,0.500000,-0.500000,0.214286,0.100000,-0.021429
t25-d1.2-a1.0-sparse,25,1.200000,1.000000,23,2794,2880,ga,all,lexicographic,goal-priority,20260929,14,14,true,true,true,1,3,4,18,7,1953,0.678125,false,0.000000,0.229523,1.856263,60,40,2440,5217,false,0.000000,-0.334237,0.000000,1.000000,0.108226,0.500000,0.054113,0.243594,0.300000,0.073078,1.000000,0.200000,0.200000,0.280000,0.500000,-0.140000,1.000000,0.500000,-0.500000,0.214286,0.100000,-0.021429
t25-d1.2-a1.0-sparse,25,1.200000,1.000000,23,2794,2880,ga,curated,weighted,goal-priority,20260925,5,5,true,true,true,1,3,,19,6,1926,0.668750,false,0.000000,0.215141,1.739949,60,40,2440,5089,false,0.000000,-0.305113,0.000000,1.000000,0.112414,0.500000,0.056207,0.268465,0.300000,0.080539,1.000000,0.200000,0.200000,0.240000,0.500000,-0.120000,1.000000,0.500000,-0.500000,0.218594,0.100000,-0.021859
t25-d1.2-a1.0-sparse,25,1.200000,1.000000,23,2794,2880,ga,curated,weighted,goal-priority,20260926,5,5,true,true,true,1,3,,19,6,1926,0.668750,false,0.000000,0.215141,1.739949,60,40,2440,5122,false,0.000000,-0.305113,0.000000,1.000000,0.112414,0.500000,0.056207,0.268465,0.300000,0.080539,1.000000,0.200000,0.200000,0.240000,0.500000,-0.120000,1.000000,0.500000,-0.500000,0.218594,0.100000,-0.021859
t25-d1.2-a1.0-sparse,25,1.200000,1.000000,23,2794,2880,ga,curated,weighted,goal-priority,20260927,5,5,true,true,true,1,3,,19,6,1926,0.668750,false,0.000000,0.215141,1.739949,60,40,2440,4967,false,0.000000,-0.305113,0.000000,1.000000,0.112414,0.500000,0.056207,0.268465,0.300000,0.080539,1.000000,0.200000,0.200000,0.240000,0.500000,-0.120000,1.000000,0.500000,-0.500000,0.218594,0.100000,-0.021859
t25-d1.2-a1.0-sparse,25,1.200000,1.000000,23,2794,2880,ga,curated,weighted,goal-priority,20260928,5,5,true,true,true,1,3,,19,6,1926,0.668750,false,0.000000,0.215141,1.739949,60,40,2440,4975,false,0.000000,-0.305113,0.000000,1.000000,0.112414,0.500000,0.056207,0.268465,0.300000,0.080539,1.000000,0.200000,0.200000,0.240000,0.500000,-0.120000,1.000000,0.500000,-0.500000,0.218594,0.100000,-0.021859
t25-d1.2-a1.0-sparse,25,1.200000,1.000000,23,2794,2880,ga,curated,weighted,goal-priority,20260929,5,5,true,true,true,1,3,,19,6,1926,0.668750,false,0.000000,0.215141,1.739949,60,40,2440,4974,false,0.000000,-0.305113,0.000000,1.000000,0.112414,0.500000,0.056207,0.268465,0.300000,0.080539,1.000000,0.200000,0.200000,0.240000,0.500000,-0.120000,1.000000,0.500000,-0.500000,0.218594,0.100000,-0.021859
t25-d1.2-a1.0-sparse,25,1.200000,1.000000,23,2794,2880,ga,curated-textbook,weighted,goal-priority,20260925,10,10,true,true,true,1,5,,19,6,1926,0.668750,false,0.000000,0.215141,1.739949,60,40,2440,4997,false,0.000000,-0.314183,0.000000,1.000000,0.112414,0.500000,0.056207,0.268465,0.300000,0.080539,1.000000,0.200000,0.200000,0.240000,0.500000,-0.120000,1.000000,0.500000,-0.500000,0.309297,0.100000,-0.030930
t25-d1.2-a1.0-sparse,25,1.200000,1.000000,23,2794,2880,ga,curated-textbook,weighted,goal-priority,20260926,10,10,true,true,true,1,5,,19,6,1926,0.668750,false,0.000000,0.215141,1.739949,60,40,2440,4967,false,0.000000,-0.314183,0.000000,1.000000,0.112414,0.500000,0.056207,0.268465,0.300000,0.080539,1.000000,0.200000,0.200000,0.240000,0.500000,-0.120000,1.000000,0.500000,-0.500000,0.309297,0.100000,-0.030930
t25-d1.2-a1.0-sparse,25,1.200000,1.000000,23,2794,2880,ga,curated-textbook,weighted,goal-priority,20260927,10,10,true,true,true,1,5,,19,6,1926,0.668750,false,0.000000,0.215141,1.739949,60,40,2440,4976,false,0.000000,-0.314183,0.000000,1.000000,0.112414,0.500000,0.056207,0.268465,0.300000,0.080539,1.000000,0.200000,0.200000,0.240000,0.500000,-0.120000,1.000000,0.500000,-0.500000,0.309297,0.100000,-0.030930
t25-d1.2-a1.0-sparse,25,1.200000,1.000000,23,2794,2880,ga,curated-textbook,weighted,goal-priority,20260928,10,10,true,true,true,1,5,,19,6,1926,0.668750,false,0.000000,0.215141,1.739949,60,40,2440,5105,false,0.000000,-0.314183,0.000000,1.000000,0.112414,0.500000,0.056207,0.268465,0.300000,0.080539,1.000000,0.200000,0.200000,0.240000,0.500000,-0.120000,1.000000,0.500000,-0.500000,0.309297,0.100000,-0.030930
t25-d1.2-a1.0-sparse,25,1.200000,1.000000,23,2794,2880,ga,curated-textbook,weighted,goal-priority,20260929,10,10,true,true,true,1,5,,19,6,1926,0.668750,false,0.000000,0.215141,1.739949,60,40,2440,5380,false,0.000000,-0.314183,0.000000,1.000000,0.112414,0.500000,0.056207,0.268465,0.300000,0.080539,1.000000,0.200000,0.200000,0.240000,0.500000,-0.120000,1.000000,0.500000,-0.500000,0.309297,0.100000,-0.030930
t25-d1.2-a1.0-sparse,25,1.200000,1.000000,23,2794,2880,ga,all,weighted,goal-priority,20260925,14,14,true,true,true,1,7,,19,6,1926,0.668750,false,0.000000,0.215141,1.739949,60,40,2440,6549,false,0.000000,-0.319632,0.000000,1.000000,0.112414,0.500000,0.056207,0.268465,0.300000,0.080539,1.000000,0.200000,0.200000,0.240000,0.500000,-0.120000,1.000000,0.500000,-0.500000,0.363784,0.100000,-0.036378
t25-d1.2-a1.0-sparse,25,1.200000,1.000000,23,2794,2880,ga,all,weighted,goal-priority,20260926,14,14,true,true,true,1,7,,19,6,1926,0.668750,false,0.000000,0.215141,1.739949,60,40,2440,5503,false,0.000000,-0.319632,0.000000,1.000000,0.112414,0.500000,0.056207,0.268465,0.300000,0.080539,1.000000,0.200000,0.200000,0.240000,0.500000,-0.120000,1.000000,0.500000,-0.500000,0.363784,0.100000,-0.036378
t25-d1.2-a1.0-sparse,25,1.200000,1.000000,23,2794,2880,ga,all,weighted,goal-priority,20260927,14,14,true,true,true,1,7,,19,6,1926,0.668750,false,0.000000,0.215141,1.739949,60,40,2440,7365,false,0.000000,-0.319632,0.000000,1.000000,0.112414,0.500000,0.056207,0.268465,0.300000,0.080539,1.000000,0.200000,0.200000,0.240000,0.500000,-0.120000,1.000000,0.500000,-0.500000,0.363784,0.100000,-0.036378
t25-d1.2-a1.0-sparse,25,1.200000,1.000000,23,2794,2880,ga,all,weighted,goal-priority,20260928,14,14,true,true,true,1,7,,19,6,1926,0.668750,false,0.000000,0.215141,1.739949,60,40,2440,5058,false,0.000000,-0.319632,0.000000,1.000000,0.112414,0.500000,0.056207,0.268465,0.300000,0.080539,1.000000,0.200000,0.200000,0.240000,0.500000,-0.120000,1.000000,0.500000,-0.500000,0.363784,0.100000,-0.036378
t25-d1.2-a1.0-sparse,25,1.200000,1.000000,23,2794,2880,ga,all,weighted,goal-priority,20260929,14,14,true,true,true,1,7,,19,6,1926,0.668750,false,0.000000,0.215141,1.739949,60,40,2440,5278,false,0.000000,-0.319632,0.000000,1.000000,0.112414,0.500000,0.056207,0.268465,0.300000,0.080539,1.000000,0.200000,0.200000,0.240000,0.500000,-0.120000,1.000000,0.500000,-0.500000,0.363784,0.100000,-0.036378
t25-d1.2-a1.0-sparse,25,1.200000,1.000000,23,2794,2880,ga-timeline,curated,lexicographic,goal-priority,20260925,5,5,true,true,true,38,1,1,20,5,2228,0.773611,false,0.000000,0.326858,1.808108,60,40,2440,112953,true,0.000000,-0.271731,0.000000,1.000000,0.107786,0.500000,0.053893,0.314588,0.300000,0.094376,1.000000,0.200000,0.200000,0.200000,0.500000,-0.100000,1.000000,0.500000,-0.500000,0.200000,0.100000,-0.020000
t25-d1.2-a1.0-sparse,25,1.200000,1.000000,23,2794,2880,ga-timeline,curated,lexicographic,goal-priority,20260926,5,5,true,true,true,38,1,2,20,5,2184,0.758333,false,0.000000,0.295099,1.846154,60,40,2440,117120,true,0.000000,-0.275855,0.000000,1.000000,0.101054,0.500000,0.050527,0.312060,0.300000,0.093618,1.000000,0.200000,0.200000,0.200000,0.500000,-0.100000,1.000000,0.500000,-0.500000,0.200000,0.100000,-0.020000
t25-d1.2-a1.0-sparse,25,1.200000,1.000000,23,2794,2880,ga-timeline,curated,lexicographic,goal-priority,20260927,5,5,true,true,true,40,1,1,18,7,2018,0.700694,true,0.062500,0.321191,1.700175,60,40,2440,114467,true,0.000000,-0.341804,0.000000,1.000000,0.080858,0.500000,0.040429,0.300889,0.300000,0.090267,0.937500,0.200000,0.187500,0.280000,0.500000,-0.140000,1.000000,0.500000,-0.500000,0.200000,0.100000,-0.020000
t25-d1.2-a1.0-sparse,25,1.200000,1.000000,23,2794,2880,ga-timeline,curated,lexicographic,goal-priority,20260928,5,5,true,true,true,40,1,1,21,4,2262,0.785417,false,0.000000,0.252267,1.821968,60,40,2440,140525,true,0.000000,-0.253136,0.000000,1.000000,0.104420,0.500000,0.052210,0.315513,0.300000,0.094654,1.000000,0.200000,0.200000,0.160000,0.500000,-0.080000,1.000000,0.500000,-0.500000,0.200000,0.100000,-0.020000
t25-d1.2-a1.0-sparse,25,1.200000,1.000000,23,2794,2880,ga-timeline,curated,lexicographic,goal-priority,20260929,5,5,true,true,true,39,1,2,18,7,2018,0.700694,true,0.062500,0.322767,1.750613,60,40,2440,112460,true,0.000000,-0.341804,0.000000,1.000000,0.080858,0.500000,0.040429,0.300889,0.300000,0.090267,0.937500,0.200000,0.187500,0.280000,0.500000,-0.140000,1.000000,0.500000,-0.500000,0.200000,0.100000,-0.020000
t25-d1.2-a1.0-sparse,25,1.200000,1.000000,23,2794,2880,ga-timeline,curated-textbook,lexicographic,goal-priority,20260925,10,10,true,true,true,40,1,4,21,4,2248,0.780556,false,0.000000,0.319620,1.992554,60,40,2440,94952,true,0.000000,-0.238150,0.000000,1.000000,0.115666,0.500000,0.057833,0.295185,0.300000,0.088556,1.000000,0.200000,0.200000,0.160000,0.500000,-0.080000,1.000000,0.500000,-0.500000,0.045385,0.100000,-0.004539
t25-d1.2-a1.0-sparse,25,1.200000,1.000000,23,2794,2880,ga-timeline,curated-textbook,lexicographic,goal-priority,20260926,10,10,true,true,true,40,1,4,22,3,2316,0.804167,false,0.000000,0.296953,1.550720,60,40,2440,121182,true,0.000000,-0.210483,0.000000,1.000000,0.118481,0.500000,0.059241,0.319103,0.300000,0.095731,1.000000,0.200000,0.200000,0.120000,0.500000,-0.060000,1.000000,0.500000,-0.500000,0.054545,0.100000,-0.005455
t25-d1.2-a1.0-sparse,25,1.200000,1.000000,23,2794,2880,ga-timeline,curated-textbook,lexicographic,goal-priority,20260927,10,10,true,true,true,40,1,4,20,5,2162,0.750694,false,0.000000,0.305525,1.542795,60,40,2440,119585,true,0.000000,-0.270371,0.000000,1.000000,0.100713,0.500000,0.050356,0.297574,0.300000,0.089272,1.000000,0.200000,0.200000,0.200000,0.500000,-0.100000,1.000000,0.500000,-0.500000,0.100000,0.100000,-0.010000
t25-d1.2-a1.0-sparse,25,1.200000,1.000000,23,2794,2880,ga-timeline,curated-textbook,lexicographic,goal-priority,20260928,10,10,true,true,true,40,1,4,21,4,2228,0.773611,false,0.000000,0.309978,1.665919,60,40,2440,112857,true,0.000000,-0.239289,0.000000,1.000000,0.108934,0.500000,0.054467,0.293445,0.300000,0.088034,1.000000,0.200000,0.200000,0.160000,0.500000,-0.080000,1.000000,0.500000,-0.500000,0.017895,0.100000,-0.001789
t25-d1.2-a1.0-sparse,25,1.200000,1.000000,23,2794,2880,ga-timeline,curated-textbook,lexicographic,goal-priority,20260929,10,10,true,true,true,40,1,5,21,4,2268,0.787500,false,0.000000,0.288896,1.504556,60,40,2440,140625,true,0.000000,-0.232264,0.000000,1.000000,0.115115,0.500000,0.057558,0.315650,0.300000,0.094695,1.000000,0.200000,0.200000,0.160000,0.500000,-0.080000,1.000000,0.500000,-0.500000,0.045167,0.100000,-0.004517
t25-d1.2-a1.0-sparse,25,1.200000,1.000000,23,2794,2880,ga-timeline,all,lexicographic,goal-priority,20260925,14,14,true,true,true,40,3,4,21,4,2236,0.776389,false,0.000000,0.347826,1.781183,60,40,2440,120299,true,0.000000,-0.246945,0.000000,1.000000,0.124275,0.500000,0.062137,0.307821,0.300000,0.092346,1.000000,0.200000,0.200000,0.160000,0.500000,-0.080000,1.000000,0.500000,-0.500000,0.214286,0.100000,-0.021429
t25-d1.2-a1.0-sparse,25,1.200000,1.000000,23,2794,2880,ga-timeline,all,lexicographic,goal-priority,20260926,14,14,true,true,true,40,3,3,21,4,2236,0.776389,false,0.000000,0.325374,1.729865,60,40,2440,140738,true,0.000000,-0.246945,0.000000,1.000000,0.124275,0.500000,0.062137,0.307821,0.300000,0.092346,1.000000,0.200000,0.200000,0.160000,0.500000,-0.080000,1.000000,0.500000,-0.500000,0.214286,0.100000,-0.021429
t25-d1.2-a1.0-sparse,25,1.200000,1.000000,23,2794,2880,ga-timeline,all,lexicographic,goal-priority,20260927,14,14,true,true,true,40,3,5,21,4,2236,0.776389,false,0.000000,0.204205,1.907341,60,40,2440,116359,true,0.000000,-0.246945,0.000000,1.000000,0.124275,0.500000,0.062137,0.307821,0.300000,0.092346,1.000000,0.200000,0.200000,0.160000,0.500000,-0.080000,1.000000,0.500000,-0.500000,0.214286,0.100000,-0.021429
t25-d1.2-a1.0-sparse,25,1.200000,1.000000,23,2794,2880,ga-timeline,all,lexicographic,goal-priority,20260928,14,14,true,true,true,40,3,3,21,4,2216,0.769444,false,0.000000,0.294008,1.674730,60,40,2440,122865,true,0.000000,-0.248293,0.000000,1.000000,0.125167,0.500000,0.062584,0.301842,0.300000,0.090552,1.000000,0.200000,0.200000,0.160000,0.500000,-0.080000,1.000000,0.500000,-0.500000,0.214286,0.100000,-0.021429
t25-d1.2-a1.0-sparse,25,1.200000,1.000000,23,2794,2880,ga-timeline,all,lexicographic,goal-priority,20260929,14,14,true,true,true,40,3,4,21,4,2236,0.776389,false,0.000000,0.249644,1.781183,60,40,2440,121868,true,0.000000,-0.246945,0.000000,1.000000,0.124275,0.500000,0.062137,0.307821,0.300000,0.092346,1.000000,0.200000,0.200000,0.160000,0.500000,-0.080000,1.000000,0.500000,-0.500000,0.214286,0.100000,-0.021429
t25-d1.2-a1.0-sparse,25,1.200000,1.000000,23,2794,2880,ga-timeline,curated,weighted,goal-priority,20260925,5,5,true,true,true,38,2,,22,3,2394,0.831250,false,0.000000,0.317943,1.758791,60,40,2440,124694,true,0.192646,0.192646,0.192646,1.000000,0.127982,0.500000,0.063991,0.325759,0.300000,0.097728,1.000000,0.200000,0.200000,0.120000,0.500000,-0.060000,0.160000,0.500000,-0.080000,0.290730,0.100000,-0.029073
t25-d1.2-a1.0-sparse,25,1.200000,1.000000,23,2794,2880,ga-timeline,curated,weighted,goal-priority,20260926,5,5,true,true,true,38,3,,22,3,2394,0.831250,false,0.000000,0.284916,1.782452,60,40,2440,148584,true,0.170844,0.170844,0.170844,1.000000,0.127982,0.500000,0.063991,0.325759,0.300000,0.097728,1.000000,0.200000,0.200000,0.120000,0.500000,-0.060000,0.200000,0.500000,-0.100000,0.308746,0.100000,-0.030875
t25-d1.2-a1.0-sparse,25,1.200000,1.000000,23,2794,2880,ga-timeline,curated,weighted,goal-priority,20260927,5,5,true,true,true,40,2,,20,5,2216,0.769444,false,0.000000,0.379993,1.643196,60,40,2440,122971,true,0.118392,0.118392,0.118392,1.000000,0.094322,0.500000,0.047161,0.310321,0.300000,0.093096,1.000000,0.200000,0.200000,0.200000,0.500000,-0.100000,0.200000,0.500000,-0.100000,0.218655,0.100000,-0.021866
t25-d1.2-a1.0-sparse,25,1.200000,1.000000,23,2794,2880,ga-timeline,curated,weighted,goal-priority,20260928,5,5,true,true,true,40,2,,22,3,2380,0.826389,false,0.000000,0.247365,1.786561,60,40,2440,133102,true,0.192140,0.192140,0.192140,1.000000,0.121250,0.500000,0.060625,0.323232,0.300000,0.096970,1.000000,0.200000,0.200000,0.120000,0.500000,-0.060000,0.160000,0.500000,-0.080000,0.254545,0.100000,-0.025455
t25-d1.2-a1.0-sparse,25,1.200000,1.000000,23,2794,2880,ga-timeline,curated,weighted,goal-priority,20260929,5,5,true,true,true,39,3,,22,3,2394,0.831250,false,0.000000,0.370358,1.758791,60,40,2440,122399,true,0.174451,0.174451,0.174451,1.000000,0.127982,0.500000,0.063991,0.325759,0.300000,0.097728,1.000000,0.200000,0.200000,0.120000,0.500000,-0.060000,0.200000,0.500000,-0.100000,0.272680,0.100000,-0.027268
t25-d1.2-a1.0-sparse,25,1.200000,1.000000,23,2794,2880,ga-timeline,curated-textbook,weighted,goal-priority,20260925,10,10,true,true,true,40,5,,23,2,2458,0.853472,false,0.000000,0.370297,1.790756,60,40,2440,133352,true,0.225886,0.225886,0.225886,1.000000,0.142594,0.500000,0.071297,0.308884,0.300000,0.092665,1.000000,0.200000,0.200000,0.080000,0.500000,-0.040000,0.160000,0.500000,-0.080000,0.180760,0.100000,-0.018076
t25-d1.2-a1.0-sparse,25,1.200000,1.000000,23,2794,2880,ga-timeline,curated-textbook,weighted,goal-priority,20260926,10,10,true,true,true,40,5,,22,3,2316,0.804167,false,0.000000,0.296953,1.510546,60,40,2440,142549,true,0.213272,0.213272,0.213272,1.000000,0.118481,0.500000,0.059241,0.319103,0.300000,0.095731,1.000000,0.200000,0.200000,0.120000,0.500000,-0.060000,0.120000,0.500000,-0.060000,0.216995,0.100000,-0.021699
t25-d1.2-a1.0-sparse,25,1.200000,1.000000,23,2794,2880,ga-timeline,curated-textbook,weighted,goal-priority,20260927,10,10,true,true,true,40,5,,23,2,2466,0.856250,false,0.000000,0.276290,1.395167,60,40,2440,109315,true,0.192885,0.192885,0.192885,1.000000,0.128579,0.500000,0.064290,0.325082,0.300000,0.097525,1.000000,0.200000,0.200000,0.080000,0.500000,-0.040000,0.200000,0.500000,-0.100000,0.289292,0.100000,-0.028929
t25-d1.2-a1.0-sparse,25,1.200000,1.000000,23,2794,2880,ga-timeline,curated-textbook,weighted,goal-priority,20260928,10,10,true,true,true,40,5,,23,2,2446,0.849306,false,0.000000,0.320251,1.698267,60,40,2440,118040,true,0.261544,0.261544,0.261544,1.000000,0.129471,0.500000,0.064736,0.319103,0.300000,0.095731,1.000000,0.200000,0.200000,0.080000,0.500000,-0.040000,0.080000,0.500000,-0.040000,0.189224,0.100000,-0.018922
t25-d1.2-a1.0-sparse,25,1.200000,1.000000,23,2794,2880,ga-timeline,curated-textbook,weighted,goal-priority,20260929,10,10,true,true,true,40,6,,23,2,2466,0.856250,false,0.000000,0.344873,1.632266,60,40,2440,114735,true,0.236419,0.236419,0.236419,1.000000,0.128579,0.500000,0.064290,0.325082,0.300000,0.097525,1.000000,0.200000,0.200000,0.080000,0.500000,-0.040000,0.120000,0.500000,-0.060000,0.253949,0.100000,-0.025395
t25-d1.2-a1.0-sparse,25,1.200000,1.000000,23,2794,2880,ga-timeline,all,weighted,goal-priority,20260925,14,14,true,true,true,40,7,,23,2,2466,0.856250,false,0.000000,0.311071,1.708687,60,40,2440,107124,true,0.193995,0.193995,0.193995,1.000000,0.128579,0.500000,0.064290,0.325082,0.300000,0.097525,1.000000,0.200000,0.200000,0.080000,0.500000,-0.040000,0.200000,0.500000,-0.100000,0.278187,0.100000,-0.027819
t25-d1.2-a1.0-sparse,25,1.200000,1.000000,23,2794,2880,ga-timeline,all,weighted,goal-priority,20260926,14,14,true,true,true,40,6,,23,2,2466,0.856250,false,0.000000,0.298171,1.585238,60,40,2440,124315,true,0.202332,0.202332,0.202332,1.000000,0.128579,0.500000,0.064290,0.325082,0.300000,0.097525,1.000000,0.200000,0.200000,0.080000,0.500000,-0.040000,0.200000,0.500000,-0.100000,0.194817,0.100000,-0.019482
t25-d1.2-a1.0-sparse,25,1.200000,1.000000,23,2794,2880,ga-timeline,all,weighted,goal-priority,20260927,14,14,true,true,true,40,8,,23,2,2466,0.856250,false,0.000000,0.323481,1.747877,60,40,2440,130978,true,0.172737,0.172737,0.172737,1.000000,0.128579,0.500000,0.064290,0.325082,0.300000,0.097525,1.000000,0.200000,0.200000,0.080000,0.500000,-0.040000,0.240000,0.500000,-0.120000,0.290768,0.100000,-0.029077
t25-d1.2-a1.0-sparse,25,1.200000,1.000000,23,2794,2880,ga-timeline,all,weighted,goal-priority,20260928,14,14,true,true,true,40,6,,22,3,2352,0.816667,false,0.000000,0.321597,1.633394,60,40,2440,117744,true,0.147267,0.147267,0.147267,1.000000,0.128533,0.500000,0.064267,0.305294,0.300000,0.091588,1.000000,0.200000,0.200000,0.120000,0.500000,-0.060000,0.240000,0.500000,-0.120000,0.285881,0.100000,-0.028588
t25-d1.2-a1.0-sparse,25,1.200000,1.000000,23,2794,2880,ga-timeline,all,weighted,goal-priority,20260929,14,14,true,true,true,40,7,,23,2,2466,0.856250,false,0.000000,0.267799,1.512737,60,40,2440,116553,true,0.194590,0.194590,0.194590,1.000000,0.128579,0.500000,0.064290,0.325082,0.300000,0.097525,1.000000,0.200000,0.200000,0.080000,0.500000,-0.040000,0.200000,0.500000,-0.100000,0.272239,0.100000,-0.027224
t25-d1.2-a1.5-compact,25,1.200000,1.500000,15,2366,3600,ga,curated,lexicographic,goal-priority,20260925,5,5,true,true,true,40,1,3,24,1,2836,0.787778,false,0.000000,0.144721,2.079309,60,40,2440,5210,true,0.074497,0.074497,0.074497,1.000000,0.165008,0.500000,0.082504,0.573310,0.300000,0.171993,1.000000,0.200000,0.200000,0.040000,0.500000,-0.020000,0.680000,0.500000,-0.340000,0.200000,0.100000,-0.020000
t25-d1.2-a1.5-compact,25,1.200000,1.500000,15,2366,3600,ga,curated,lexicographic,goal-priority,20260926,5,5,true,true,true,40,1,3,24,1,2916,0.810000,false,0.000000,0.198115,1.877133,60,40,2440,4994,true,0.109993,0.109993,0.109993,1.000000,0.164703,0.500000,0.082352,0.558806,0.300000,0.167642,1.000000,0.200000,0.200000,0.040000,0.500000,-0.020000,0.600000,0.500000,-0.300000,0.200000,0.100000,-0.020000
t25-d1.2-a1.5-compact,25,1.200000,1.500000,15,2366,3600,ga,curated,lexicographic,goal-priority,20260927,5,5,true,true,true,40,1,3,25,0,3050,0.847222,false,0.000000,0.182809,1.824933,60,40,2440,5009,true,0.126423,0.126423,0.126423,1.000000,0.181838,0.500000,0.090919,0.585147,0.300000,0.175544,1.000000,0.200000,0.200000,0.000000,0.500000,-0.000000,0.680000,0.500000,-0.340000,0.000396,0.100000,-0.000040
t25-d1.2-a1.5-compact,25,1.200000,1.500000,15,2366,3600,ga,curated,lexicographic,goal-priority,20260928,5,5,true,true,true,40,1,3,25,0,2989,0.830278,false,0.000000,0.209917,1.883869,60,40,2440,7008,true,0.120703,0.120703,0.120703,1.000000,0.181533,0.500000,0.090767,0.570642,0.300000,0.171193,1.000000,0.200000,0.200000,0.000000,0.500000,-0.000000,0.680000,0.500000,-0.340000,0.012560,0.100000,-0.001256
t25-d1.2-a1.5-compact,25,1.200000,1.500000,15,2366,3600,ga,curated,lexicographic,goal-priority,20260929,5,5,true,true,true,40,1,3,24,1,2878,0.799444,false,0.000000,0.188073,2.010157,60,40,2440,5570,true,0.080671,0.080671,0.080671,1.000000,0.162802,0.500000,0.081401,0.597565,0.300000,0.179270,1.000000,0.200000,0.200000,0.040000,0.500000,-0.020000,0.680000,0.500000,-0.340000,0.200000,0.100000,-0.020000
t25-d1.2-a1.5-compact,25,1.200000,1.500000,15,2366,3600,ga,curated-textbook,lexicographic,goal-priority,20260925,8,10,true,true,true,40,2,3,24,1,2836,0.787778,false,0.000000,0.144721,2.079309,60,40,2440,5685,true,0.080920,0.080920,0.080920,1.000000,0.165008,0.500000,0.082504,0.573310,0.300000,0.171993,1.000000,0.200000,0.200000,0.040000,0.500000,-0.020000,0.680000,0.500000,-0.340000,0.135768,0.100000,-0.013577
t25-d1.2-a1.5-compact,25,1.200000,1.500000,15,2366,3600,ga,curated-textbook,lexicographic,goal-priority,20260926,8,10,true,true,true,40,1,4,22,3,2749,0.763611,false,0.000000,0.207808,1.968974,60,40,2440,4884,true,0.079901,0.079901,0.079901,1.000000,0.160399,0.500000,0.080199,0.532339,0.300000,0.159702,1.000000,0.200000,0.200000,0.120000,0.500000,-0.060000,0.600000,0.500000,-0.300000,0.000000,0.100000,-0.000000
t25-d1.2-a1.5-compact,25,1.200000,1.500000,15,2366,3600,ga,curated-textbook,lexicographic,goal-priority,20260927,8,10,true,true,true,40,1,4,24,1,2884,0.801111,false,0.000000,0.187733,1.874087,60,40,2440,6019,true,0.084497,0.084497,0.084497,1.000000,0.165008,0.500000,0.082504,0.573310,0.300000,0.171993,1.000000,0.200000,0.200000,0.040000,0.500000,-0.020000,0.680000,0.500000,-0.340000,0.100000,0.100000,-0.010000
t25-d1.2-a1.5-compact,25,1.200000,1.500000,15,2366,3600,ga,curated-textbook,lexicographic,goal-priority,20260928,8,10,true,true,true,40,2,3,25,0,2989,0.830278,false,0.000000,0.209917,1.883869,60,40,2440,5499,true,0.118453,0.118453,0.118453,1.000000,0.181533,0.500000,0.090767,0.570642,0.300000,0.171193,1.000000,0.200000,0.200000,0.000000,0.500000,-0.000000,0.680000,0.500000,-0.340000,0.035064,0.100000,-0.003506
t25-d1.2-a1.5-compact,25,1.200000,1.500000,15,2366,3600,ga,curated-textbook,lexicographic,goal-priority,20260929,8,10,true,true,true,40,1,4,24,1,2878,0.799444,false,0.000000,0.188073,2.010157,60,40,2440,5837,true,0.090671,0.090671,0.090671,1.000000,0.162802,0.500000,0.081401,0.597565,0.300000,0.179270,1.000000,0.200000,0.200000,0.040000,0.500000,-0.020000,0.680000,0.500000,-0.340000,0.100000,0.100000,-0.010000
t25-d1.2-a1.5-compact,25,1.200000,1.500000,15,2366,3600,ga,all,lexicographic,goal-priority,20260925,12,15,true,true,true,40,3,4,20,5,2551,0.708611,false,0.000000,0.166732,1.452558,60,40,2440,5420,true,0.000000,-0.036581,0.000000,1.000000,0.147952,0.500000,0.073976,0.453698,0.300000,0.136109,1.000000,0.200000,0.200000,0.200000,0.500000,-0.100000,0.680000,0.500000,-0.340000,0.066667,0.100000,-0.006667
t25-d1.2-a1.5-compact,25,1.200000,1.500000,15,2366,3600,ga,all,lexicographic,goal-priority,20260926,12,15,true,true,true,40,2,5,24,1,2916,0.810000,false,0.000000,0.198115,1.711360,60,40,2440,5637,true,0.116660,0.116660,0.116660,1.000000,0.164703,0.500000,0.082352,0.558806,0.300000,0.167642,1.000000,0.200000,0.200000,0.040000,0.500000,-0.020000,0.600000,0.500000,-0.300000,0.133333,0.100000,-0.013333
t25-d1.2-a1.5-compact,25,1.200000,1.500000,15,2366,3600,ga,all,lexicographic,goal-priority,20260927,12,15,true,true,true,40,2,5,24,1,2884,0.801111,false,0.000000,0.197793,1.747526,60,40,2440,5341,true,0.081164,0.081164,0.081164,1.000000,0.165008,0.500000,0.082504,0.573310,0.300000,0.171993,1.000000,0.200000,0.200000,0.040000,0.500000,-0.020000,0.680000,0.500000,-0.340000,0.133333,0.100000,-0.013333
t25-d1.2-a1.5-compact,25,1.200000,1.500000,15,2366,3600,ga,all,lexicographic,goal-priority,20260928,12,15,true,true,true,40,3,5,22,3,2736,0.760000,false,0.000000,0.227225,1.644597,60,40,2440,5283,true,0.030222,0.030222,0.030222,1.000000,0.160057,0.500000,0.080029,0.510127,0.300000,0.153038,1.000000,0.200000,0.200000,0.120000,0.500000,-0.060000,0.680000,0.500000,-0.340000,0.028449,0.100000,-0.002845
t25-d1.2-a1.5-compact,25,1.200000,1.500000,15,2366,3600,ga,all,lexicographic,goal-priority,20260929,12,15,true,true,true,40,2,5,24,1,2878,0.799444,false,0.000000,0.188073,1.553080,60,40,2440,5288,true,0.076343,0.076343,0.076343,1.000000,0.155017,0.500000,0.077508,0.573892,0.300000,0.172168,1.000000,0.200000,0.200000,0.040000,0.500000,-0.020000,0.680000,0.500000,-0.340000,0.133333,0.100000,-0.013333
t25-d1.2-a1.5-compact,25,1.200000,1.500000,15,2366,3600,ga,curated,weighted,goal-priority,20260925,5,5,true,true,true,40,4,,24,1,2836,0.787778,false,0.000000,0.169632,1.565836,60,40,2440,10083,true,0.035922,0.035922,0.035922,1.000000,0.165008,0.500000,0.082504,0.573310,0.300000,0.171993,1.000000,0.200000,0.200000,0.040000,0.500000,-0.020000,0.680000,0.500000,-0.340000,0.585748,0.100000,-0.058575
t25-d1.2-a1.5-compact,25,1.200000,1.500000,15,2366,3600,ga,curated,weighted,goal-priority,20260926,5,5,true,true,true,40,4,,24,1,2916,0.810000,false,0.000000,0.208679,1.674793,60,40,2440,4971,true,0.083466,0.083466,0.083466,1.000000,0.165810,0.500000,0.082905,0.596919,0.300000,0.179076,1.000000,0.200000,0.200000,0.040000,0.500000,-0.020000,0.600000,0.500000,-0.300000,0.585143,0.100000,-0.058514
t25-d1.2-a1.5-compact,25,1.200000,1.500000,15,2366,3600,ga,curated,weighted,goal-priority,20260927,5,5,true,true,true,40,4,,25,0,3050,0.847222,false,0.000000,0.165271,1.701691,60,40,2440,4741,true,0.077938,0.077938,0.077938,1.000000,0.169370,0.500000,0.084685,0.573310,0.300000,0.171993,1.000000,0.200000,0.200000,0.000000,0.500000,-0.000000,0.680000,0.500000,-0.340000,0.387401,0.100000,-0.038740
t25-d1.2-a1.5-compact,25,1.200000,1.500000,15,2366,3600,ga,curated,weighted,goal-priority,20260928,5,5,true,true,true,40,4,,24,1,2823,0.784167,false,0.000000,0.235205,1.516345,60,40,2440,4830,true,0.045062,0.045062,0.045062,1.000000,0.165612,0.500000,0.082806,0.588397,0.300000,0.176519,1.000000,0.200000,0.200000,0.040000,0.500000,-0.020000,0.680000,0.500000,-0.340000,0.542628,0.100000,-0.054263
t25-d1.2-a1.5-compact,25,1.200000,1.500000,15,2366,3600,ga,curated,weighted,goal-priority,20260929,5,5,true,true,true,40,4,,24,1,2878,0.799444,false,0.000000,0.165957,1.526048,60,40,2440,6226,true,0.019309,0.019309,0.019309,1.000000,0.144755,0.500000,0.072377,0.537801,0.300000,0.161340,1.000000,0.200000,0.200000,0.040000,0.500000,-0.020000,0.680000,0.500000,-0.340000,0.544087,0.100000,-0.054409
t25-d1.2-a1.5-compact,25,1.200000,1.500000,15,2366,3600,ga,curated-textbook,weighted,goal-priority,20260925,8,10,true,true,true,40,5,,24,1,2836,0.787778,false,0.000000,0.169632,1.565836,60,40,2440,4959,true,0.060939,0.060939,0.060939,1.000000,0.165008,0.500000,0.082504,0.573310,0.300000,0.171993,1.000000,0.200000,0.200000,0.040000,0.500000,-0.020000,0.680000,0.500000,-0.340000,0.335576,0.100000,-0.033558
t25-d1.2-a1.5-compact,25,1.200000,1.500000,15,2366,3600,ga,curated-textbook,weighted,goal-priority,20260926,8,10,true,true,true,40,5,,24,1,2916,0.810000,false,0.000000,0.208679,1.674793,60,40,2440,4881,true,0.111999,0.111999,0.111999,1.000000,0.165810,0.500000,0.082905,0.596919,0.300000,0.179076,1.000000,0.200000,0.200000,0.040000,0.500000,-0.020000,0.600000,0.500000,-0.300000,0.299818,0.100000,-0.029982
t25-d1.2-a1.5-compact,25,1.200000,1.500000,15,2366,3600,ga,curated-textbook,weighted,goal-priority,20260927,8,10,true,true,true,40,5,,25,0,3050,0.847222,false,0.000000,0.165271,1.701691,60,40,2440,4873,true,0.096579,0.096579,0.096579,1.000000,0.169370,0.500000,0.084685,0.573310,0.300000,0.171993,1.000000,0.200000,0.200000,0.000000,0.500000,-0.000000,0.680000,0.500000,-0.340000,0.200992,0.100000,-0.020099
t25-d1.2-a1.5-compact,25,1.200000,1.500000,15,2366,3600,ga,curated-textbook,weighted,goal-priority,20260928,8,10,true,true,true,40,5,,24,1,2823,0.784167,false,0.000000,0.235205,1.516345,60,40,2440,5042,true,0.068632,0.068632,0.068632,1.000000,0.165612,0.500000,0.082806,0.588397,0.300000,0.176519,1.000000,0.200000,0.200000,0.040000,0.500000,-0.020000,0.680000,0.500000,-0.340000,0.306934,0.100000,-0.030693
t25-d1.2-a1.5-compact,25,1.200000,1.500000,15,2366,3600,ga,curated-textbook,weighted,goal-priority,20260929,8,10,true,true,true,40,5,,24,1,2878,0.799444,false,0.000000,0.165957,1.526048,60,40,2440,4817,true,0.045805,0.045805,0.045805,1.000000,0.144755,0.500000,0.072377,0.537801,0.300000,0.161340,1.000000,0.200000,0.200000,0.040000,0.500000,-0.020000,0.680000,0.500000,-0.340000,0.279127,0.100000,-0.027913
t25-d1.2-a1.5-compact,25,1.200000,1.500000,15,2366,3600,ga,all,weighted,goal-priority,20260925,12,15,true,true,true,40,7,,24,1,2836,0.787778,false,0.000000,0.169632,1.893747,60,40,2440,4997,true,0.049825,0.049825,0.049825,1.000000,0.157223,0.500000,0.078611,0.549637,0.300000,0.164891,1.000000,0.200000,0.200000,0.040000,0.500000,-0.020000,0.680000,0.500000,-0.340000,0.336773,0.100000,-0.033677
t25-d1.2-a1.5-compact,25,1.200000,1.500000,15,2366,3600,ga,all,weighted,goal-priority,20260926,12,15,true,true,true,40,7,,24,1,2916,0.810000,false,0.000000,0.208679,1.674793,60,40,2440,5136,true,0.103858,0.103858,0.103858,1.000000,0.158025,0.500000,0.079012,0.573246,0.300000,0.171974,1.000000,0.200000,0.200000,0.040000,0.500000,-0.020000,0.600000,0.500000,-0.300000,0.271287,0.100000,-0.027129
t25-d1.2-a1.5-compact,25,1.200000,1.500000,15,2366,3600,ga,all,weighted,goal-priority,20260927,12,15,true,true,true,40,7,,25,0,3050,0.847222,false,0.000000,0.214252,1.701691,60,40,2440,4775,true,0.118840,0.118840,0.118840,1.000000,0.179632,0.500000,0.089816,0.609402,0.300000,0.182820,1.000000,0.200000,0.200000,0.000000,0.500000,-0.000000,0.680000,0.500000,-0.340000,0.137966,0.100000,-0.013797
t25-d1.2-a1.5-compact,25,1.200000,1.500000,15,2366,3600,ga,all,weighted,goal-priority,20260928,12,15,true,true,true,40,8,,25,0,2989,0.830278,false,0.000000,0.242538,1.631871,60,40,2440,4821,true,0.100361,0.100361,0.100361,1.000000,0.174657,0.500000,0.087328,0.576560,0.300000,0.172968,1.000000,0.200000,0.200000,0.000000,0.500000,-0.000000,0.680000,0.500000,-0.340000,0.199352,0.100000,-0.019935
t25-d1.2-a1.5-compact,25,1.200000,1.500000,15,2366,3600,ga,all,weighted,goal-priority,20260929,12,15,true,true,true,40,7,,24,1,2878,0.799444,false,0.000000,0.165957,1.830767,60,40,2440,4772,true,0.047554,0.047554,0.047554,1.000000,0.144755,0.500000,0.072377,0.537801,0.300000,0.161340,1.000000,0.200000,0.200000,0.040000,0.500000,-0.020000,0.680000,0.500000,-0.340000,0.261639,0.100000,-0.026164
t25-d1.2-a1.5-compact,25,1.200000,1.500000,15,2366,3600,ga-timeline,curated,lexicographic,goal-priority,20260925,5,5,true,true,true,40,1,1,24,1,2882,0.800556,false,0.000000,0.277254,1.802227,60,40,2440,173841,true,0.184056,0.184056,0.184056,1.000000,0.190218,0.500000,0.095109,0.629824,0.300000,0.188947,1.000000,0.200000,0.200000,0.040000,0.500000,-0.020000,0.520000,0.500000,-0.260000,0.200000,0.100000,-0.020000
t25-d1.2-a1.5-compact,25,1.200000,1.500000,15,2366,3600,ga-timeline,curated,lexicographic,goal-priority,20260926,5,5,true,true,true,40,1,3,25,0,3048,0.846667,false,0.000000,0.332429,1.571687,60,40,2440,194925,true,0.212478,0.212478,0.212478,1.000000,0.185054,0.500000,0.092527,0.604817,0.300000,0.181445,1.000000,0.200000,0.200000,0.000000,0.500000,-0.000000,0.520000,0.500000,-0.260000,0.014937,0.100000,-0.001494
t25-d1.2-a1.5-compact,25,1.200000,1.500000,15,2366,3600,ga-timeline,curated,lexicographic,goal-priority,20260927,5,5,true,true,true,40,1,1,24,1,2973,0.825833,false,0.000000,0.260750,1.612534,60,40,2440,198007,true,0.199470,0.199470,0.199470,1.000000,0.185218,0.500000,0.092609,0.631740,0.300000,0.189522,1.000000,0.200000,0.200000,0.040000,0.500000,-0.020000,0.520000,0.500000,-0.260000,0.026607,0.100000,-0.002661
t25-d1.2-a1.5-compact,25,1.200000,1.500000,15,2366,3600,ga-timeline,curated,lexicographic,goal-priority,20260928,5,5,true,true,true,40,1,0,25,0,3048,0.846667,false,0.000000,0.293382,1.999095,60,40,2440,157622,true,0.239867,0.239867,0.239867,1.000000,0.207366,0.500000,0.103683,0.654079,0.300000,0.196224,1.000000,0.200000,0.200000,0.000000,0.500000,-0.000000,0.520000,0.500000,-0.260000,0.000396,0.100000,-0.000040
t25-d1.2-a1.5-compact,25,1.200000,1.500000,15,2366,3600,ga-timeline,curated,lexicographic,goal-priority,20260929,5,5,true,true,true,40,1,1,25,0,3048,0.846667,false,0.000000,0.262174,1.820443,60,40,2440,213084,true,0.234712,0.234712,0.234712,1.000000,0.205307,0.500000,0.102653,0.640327,0.300000,0.192098,1.000000,0.200000,0.200000,0.000000,0.500000,-0.000000,0.520000,0.500000,-0.260000,0.000396,0.100000,-0.000040
t25-d1.2-a1.5-compact,25,1.200000,1.500000,15,2366,3600,ga-timeline,curated-textbook,lexicographic,goal-priority,20260925,8,10,true,true,true,40,2,1,23,2,2960,0.822222,false,0.000000,0.304097,2.026017,60,40,2440,169864,true,0.185788,0.185788,0.185788,1.000000,0.206306,0.500000,0.103153,0.634949,0.300000,0.190485,1.000000,0.200000,0.200000,0.080000,0.500000,-0.040000,0.520000,0.500000,-0.260000,0.078493,0.100000,-0.007849
t25-d1.2-a1.5-compact,25,1.200000,1.500000,15,2366,3600,ga-timeline,curated-textbook,lexicographic,goal-priority,20260926,8,10,true,true,true,40,1,2,25,0,3131,0.869722,false,0.000000,0.360185,2.048094,60,40,2440,169475,true,0.275473,0.275473,0.275473,1.000000,0.223189,0.500000,0.111594,0.679668,0.300000,0.203900,1.000000,0.200000,0.200000,0.000000,0.500000,-0.000000,0.480000,0.500000,-0.240000,0.000213,0.100000,-0.000021
t25-d1.2-a1.5-compact,25,1.200000,1.500000,15,2366,3600,ga-timeline,curated-textbook,lexicographic,goal-priority,20260927,8,10,true,true,true,40,3,4,24,1,2978,0.827222,false,0.000000,0.343562,1.762529,60,40,2440,169752,true,0.210628,0.210628,0.210628,1.000000,0.209836,0.500000,0.104918,0.642995,0.300000,0.192898,1.000000,0.200000,0.200000,0.040000,0.500000,-0.020000,0.520000,0.500000,-0.260000,0.071880,0.100000,-0.007188
t25-d1.2-a1.5-compact,25,1.200000,1.500000,15,2366,3600,ga-timeline,curated-textbook,lexicographic,goal-priority,20260928,8,10,true,true,true,40,3,3,24,1,2978,0.827222,false,0.000000,0.411874,1.690825,60,40,2440,160636,true,0.188146,0.188146,0.188146,1.000000,0.193848,0.500000,0.096924,0.596983,0.300000,0.179095,1.000000,0.200000,0.200000,0.040000,0.500000,-0.020000,0.520000,0.500000,-0.260000,0.078723,0.100000,-0.007872
t25-d1.2-a1.5-compact,25,1.200000,1.500000,15,2366,3600,ga-timeline,curated-textbook,lexicographic,goal-priority,20260929,8,10,true,true,true,40,2,2,23,2,2932,0.814444,false,0.000000,0.211135,2.111354,60,40,2440,157588,true,0.121794,0.121794,0.121794,1.000000,0.149276,0.500000,0.074638,0.518882,0.300000,0.155665,1.000000,0.200000,0.200000,0.080000,0.500000,-0.040000,0.520000,0.500000,-0.260000,0.085084,0.100000,-0.008508
t25-d1.2-a1.5-compact,25,1.200000,1.500000,15,2366,3600,ga-timeline,all,lexicographic,goal-priority,20260925,12,15,true,true,true,40,5,1,25,0,3048,0.846667,false,0.000000,0.423489,1.759385,60,40,2440,175236,true,0.227155,0.227155,0.227155,1.000000,0.210898,0.500000,0.105449,0.646827,0.300000,0.194048,1.000000,0.200000,0.200000,0.000000,0.500000,-0.000000,0.520000,0.500000,-0.260000,0.123426,0.100000,-0.012343
t25-d1.2-a1.5-compact,25,1.200000,1.500000,15,2366,3600,ga-timeline,all,lexicographic,goal-priority,20260926,12,15,true,true,true,40,4,2,25,0,3131,0.869722,false,0.000000,0.346784,1.936420,60,40,2440,171921,true,0.250147,0.250147,0.250147,1.000000,0.209525,0.500000,0.104763,0.654079,0.300000,0.196224,1.000000,0.200000,0.200000,0.000000,0.500000,-0.000000,0.480000,0.500000,-0.240000,0.108389,0.100000,-0.010839
t25-d1.2-a1.5-compact,25,1.200000,1.500000,15,2366,3600,ga-timeline,all,lexicographic,goal-priority,20260927,12,15,true,true,true,40,2,5,23,2,2807,0.779722,false,0.000000,0.278004,1.698999,60,40,2440,168834,true,0.130070,0.130070,0.130070,1.000000,0.149922,0.500000,0.074961,0.561474,0.300000,0.168442,1.000000,0.200000,0.200000,0.080000,0.500000,-0.040000,0.520000,0.500000,-0.260000,0.133333,0.100000,-0.013333
t25-d1.2-a1.5-compact,25,1.200000,1.500000,15,2366,3600,ga-timeline,all,lexicographic,goal-priority,20260928,12,15,true,true,true,40,4,1,25,0,3131,0.869722,false,0.000000,0.350655,1.759976,60,40,2440,189757,true,0.263359,0.263359,0.263359,1.000000,0.222446,0.500000,0.111223,0.670500,0.300000,0.201150,1.000000,0.200000,0.200000,0.000000,0.500000,-0.000000,0.480000,0.500000,-0.240000,0.090140,0.100000,-0.009014
t25-d1.2-a1.5-compact,25,1.200000,1.500000,15,2366,3600,ga-timeline,all,lexicographic,goal-priority,20260929,12,15,true,true,true,40,3,4,25,0,3060,0.850000,false,0.000000,0.246802,1.853273,60,40,2440,210774,true,0.208324,0.208324,0.208324,1.000000,0.185054,0.500000,0.092527,0.604817,0.300000,0.181445,1.000000,0.200000,0.200000,0.000000,0.500000,-0.000000,0.520000,0.500000,-0.260000,0.056484,0.100000,-0.005648
t25-d1.2-a1.5-compact,25,1.200000,1.500000,15,2366,3600,ga-timeline,curated,weighted,goal-priority,20260925,5,5,true,true,true,40,2,,25,0,3048,0.846667,false,0.000000,0.283431,1.757123,60,40,2440,153191,true,0.507658,0.507658,0.507658,1.000000,0.217310,0.500000,0.108655,0.677752,0.300000,0.203326,1.000000,0.200000,0.200000,0.000000,0.500000,-0.000000,0.000000,0.500000,-0.000000,0.043224,0.100000,-0.004322
t25-d1.2-a1.5-compact,25,1.200000,1.500000,15,2366,3600,ga-timeline,curated,weighted,goal-priority,20260926,5,5,true,true,true,40,4,,25,0,3131,0.869722,false,0.000000,0.360929,1.650536,60,40,2440,155706,true,0.511974,0.511974,0.511974,1.000000,0.232390,0.500000,0.116195,0.694173,0.300000,0.208252,1.000000,0.200000,0.200000,0.000000,0.500000,-0.000000,0.000000,0.500000,-0.000000,0.124730,0.100000,-0.012473
t25-d1.2-a1.5-compact,25,1.200000,1.500000,15,2366,3600,ga-timeline,curated,weighted,goal-priority,20260927,5,5,true,true,true,40,2,,25,0,3131,0.869722,false,0.000000,0.254616,1.822513,60,40,2440,161412,true,0.517703,0.517703,0.517703,1.000000,0.228037,0.500000,0.114018,0.688254,0.300000,0.206476,1.000000,0.200000,0.200000,0.000000,0.500000,-0.000000,0.000000,0.500000,-0.000000,0.027921,0.100000,-0.002792
t25-d1.2-a1.5-compact,25,1.200000,1.500000,15,2366,3600,ga-timeline,curated,weighted,goal-priority,20260928,5,5,true,true,true,40,1,,25,0,3048,0.846667,false,0.000000,0.293382,1.999095,60,40,2440,179800,true,0.499867,0.499867,0.499867,1.000000,0.207366,0.500000,0.103683,0.654079,0.300000,0.196224,1.000000,0.200000,0.200000,0.000000,0.500000,-0.000000,0.000000,0.500000,-0.000000,0.000396,0.100000,-0.000040
t25-d1.2-a1.5-compact,25,1.200000,1.500000,15,2366,3600,ga-timeline,curated,weighted,goal-priority,20260929,5,5,true,true,true,40,2,,25,0,3048,0.846667,false,0.000000,0.262174,1.820443,60,40,2440,170519,true,0.506398,0.506398,0.506398,1.000000,0.215569,0.500000,0.107784,0.676418,0.300000,0.202925,1.000000,0.200000,0.200000,0.000000,0.500000,-0.000000,0.000000,0.500000,-0.000000,0.043119,0.100000,-0.004312
t25-d1.2-a1.5-compact,25,1.200000,1.500000,15,2366,3600,ga-timeline,curated-textbook,weighted,goal-priority,20260925,8,10,true,true,true,40,3,,25,0,3131,0.869722,false,0.000000,0.290649,1.936420,60,40,2440,163955,true,0.508522,0.508522,0.508522,1.000000,0.225425,0.500000,0.112713,0.683670,0.300000,0.205101,1.000000,0.200000,0.200000,0.000000,0.500000,-0.000000,0.000000,0.500000,-0.000000,0.092912,0.100000,-0.009291
t25-d1.2-a1.5-compact,25,1.200000,1.500000,15,2366,3600,ga-timeline,curated-textbook,weighted,goal-priority,20260926,8,10,true,true,true,40,3,,25,0,3131,0.869722,false,0.000000,0.360185,2.048094,60,40,2440,158309,true,0.512380,0.512380,0.512380,1.000000,0.223189,0.500000,0.111594,0.679668,0.300000,0.203900,1.000000,0.200000,0.200000,0.000000,0.500000,-0.000000,0.000000,0.500000,-0.000000,0.031149,0.100000,-0.003115
t25-d1.2-a1.5-compact,25,1.200000,1.500000,15,2366,3600,ga-timeline,curated-textbook,weighted,goal-priority,20260927,8,10,true,true,true,40,7,,25,0,3131,0.869722,false,0.000000,0.339637,1.701906,60,40,2440,167534,true,0.499554,0.499554,0.499554,1.000000,0.232390,0.500000,0.116195,0.694173,0.300000,0.208252,1.000000,0.200000,0.200000,0.000000,0.500000,-0.000000,0.000000,0.500000,-0.000000,0.248929,0.100000,-0.024893
t25-d1.2-a1.5-compact,25,1.200000,1.500000,15,2366,3600,ga-timeline,curated-textbook,weighted,goal-priority,20260928,8,10,true,true,true,40,6,,25,0,3131,0.869722,false,0.000000,0.397707,1.632668,60,40,2440,167684,true,0.497896,0.497896,0.497896,1.000000,0.224187,0.500000,0.112093,0.671834,0.300000,0.201550,1.000000,0.200000,0.200000,0.000000,0.500000,-0.000000,0.000000,0.500000,-0.000000,0.157475,0.100000,-0.015748
t25-d1.2-a1.5-compact,25,1.200000,1.500000,15,2366,3600,ga-timeline,curated-textbook,weighted,goal-priority,20260929,8,10,true,true,true,40,4,,25,0,3131,0.869722,false,0.000000,0.257594,1.938654,60,40,2440,152877,true,0.513812,0.513812,0.513812,1.000000,0.232390,0.500000,0.116195,0.694173,0.300000,0.208252,1.000000,0.200000,0.200000,0.000000,0.500000,-0.000000,0.000000,0.500000,-0.000000,0.106349,0.100000,-0.010635
t25-d1.2-a1.5-compact,25,1.200000,1.500000,15,2366,3600,ga-timeline,all,weighted,goal-priority,20260925,12,15,true,true,true,40,6,,25,0,3053,0.848056,false,0.000000,0.428201,1.778963,60,40,2440,215177,true,0.496936,0.496936,0.496936,1.000000,0.223366,0.500000,0.111683,0.658663,0.300000,0.197599,1.000000,0.200000,0.200000,0.000000,0.500000,-0.000000,0.000000,0.500000,-0.000000,0.123467,0.100000,-0.012347
t25-d1.2-a1.5-compact,25,1.200000,1.500000,15,2366,3600,ga-timeline,all,weighted,goal-priority,20260926,12,15,true,true,true,40,6,,25,0,3131,0.869722,false,0.000000,0.346784,1.936420,60,40,2440,179076,true,0.508962,0.508962,0.508962,1.000000,0.229778,0.500000,0.114889,0.689588,0.300000,0.206877,1.000000,0.200000,0.200000,0.000000,0.500000,-0.000000,0.000000,0.500000,-0.000000,0.128040,0.100000,-0.012804
t25-d1.2-a1.5-compact,25,1.200000,1.500000,15,2366,3600,ga-timeline,all,weighted,goal-priority,20260927,12,15,true,true,true,40,7,,25,0,3131,0.869722,false,0.000000,0.277993,1.878350,60,40,2440,211728,true,0.505116,0.505116,0.505116,1.000000,0.225425,0.500000,0.112713,0.683670,0.300000,0.205101,1.000000,0.200000,0.200000,0.000000,0.500000,-0.000000,0.000000,0.500000,-0.000000,0.126977,0.100000,-0.012698
t25-d1.2-a1.5-compact,25,1.200000,1.500000,15,2366,3600,ga-timeline,all,weighted,goal-priority,20260928,12,15,true,true,true,40,5,,25,0,3131,0.869722,false,0.000000,0.350655,1.759976,60,40,2440,193010,true,0.503355,0.503355,0.503355,1.000000,0.222446,0.500000,0.111223,0.670500,0.300000,0.201150,1.000000,0.200000,0.200000,0.000000,0.500000,-0.000000,0.000000,0.500000,-0.000000,0.090173,0.100000,-0.009017
t25-d1.2-a1.5-compact,25,1.200000,1.500000,15,2366,3600,ga-timeline,all,weighted,goal-priority,20260929,12,15,true,true,true,40,7,,25,0,3053,0.848056,false,0.000000,0.298018,1.660061,60,40,2440,164093,true,0.500687,0.500687,0.500687,1.000000,0.220995,0.500000,0.110497,0.673750,0.300000,0.202125,1.000000,0.200000,0.200000,0.000000,0.500000,-0.000000,0.000000,0.500000,-0.000000,0.119358,0.100000,-0.011936
t25-d1.2-a1.5-sparse,25,1.200000,1.500000,33,2717,4080,ga,curated,lexicographic,goal-priority,20260925,5,5,true,true,true,40,1,1,22,3,3106,0.761275,false,0.000000,0.335414,1.833479,60,40,2440,6882,true,0.000000,-0.010784,0.000000,1.000000,0.169266,0.500000,0.084633,0.281943,0.300000,0.084583,1.000000,0.200000,0.200000,0.120000,0.500000,-0.060000,0.600000,0.500000,-0.300000,0.200000,0.100000,-0.020000
t25-d1.2-a1.5-sparse,25,1.200000,1.500000,33,2717,4080,ga,curated,lexicographic,goal-priority,20260926,5,5,true,true,true,40,0,2,25,0,3378,0.827941,false,0.000000,0.334767,1.754210,60,40,2440,6058,true,0.078320,0.078320,0.078320,1.000000,0.174141,0.500000,0.087070,0.304166,0.300000,0.091250,1.000000,0.200000,0.200000,0.000000,0.500000,-0.000000,0.600000,0.500000,-0.300000,0.000000,0.100000,-0.000000
t25-d1.2-a1.5-sparse,25,1.200000,1.500000,33,2717,4080,ga,curated,lexicographic,goal-priority,20260927,5,5,true,true,true,40,1,2,23,2,3206,0.785784,false,0.000000,0.350654,1.766724,60,40,2440,6939,true,0.018754,0.018754,0.018754,1.000000,0.178682,0.500000,0.089341,0.285543,0.300000,0.085663,1.000000,0.200000,0.200000,0.080000,0.500000,-0.040000,0.600000,0.500000,-0.300000,0.162500,0.100000,-0.016250
t25-d1.2-a1.5-sparse,25,1.200000,1.500000,33,2717,4080,ga,curated,lexicographic,goal-priority,20260928,5,5,true,true,true,40,1,1,21,4,2950,0.723039,false,0.000000,0.187050,1.889688,60,40,2440,5168,true,0.000000,-0.065359,0.000000,1.000000,0.156257,0.500000,0.078128,0.255043,0.300000,0.076513,1.000000,0.200000,0.200000,0.160000,0.500000,-0.080000,0.640000,0.500000,-0.320000,0.200000,0.100000,-0.020000
t25-d1.2-a1.5-sparse,25,1.200000,1.500000,33,2717,4080,ga,curated,lexicographic,goal-priority,20260929,5,5,true,true,true,40,1,1,22,3,3073,0.753186,false,0.000000,0.338200,1.848710,60,40,2440,5376,true,0.000000,-0.008339,0.000000,1.000000,0.174498,0.500000,0.087249,0.281375,0.300000,0.084413,1.000000,0.200000,0.200000,0.120000,0.500000,-0.060000,0.600000,0.500000,-0.300000,0.200000,0.100000,-0.020000
t25-d1.2-a1.5-sparse,25,1.200000,1.500000,33,2717,4080,ga,curated-textbook,lexicographic,goal-priority,20260925,10,10,true,true,true,40,3,3,23,2,3159,0.774265,false,0.000000,0.353379,1.791657,60,40,2440,5461,true,0.000000,-0.018177,0.000000,1.000000,0.158607,0.500000,0.079303,0.281375,0.300000,0.084413,1.000000,0.200000,0.200000,0.080000,0.500000,-0.040000,0.640000,0.500000,-0.320000,0.218934,0.100000,-0.021893
t25-d1.2-a1.5-sparse,25,1.200000,1.500000,33,2717,4080,ga,curated-textbook,lexicographic,goal-priority,20260926,10,10,true,true,true,40,2,2,23,2,3153,0.772794,false,0.000000,0.289171,1.880184,60,40,2440,6180,true,0.016315,0.016315,0.016315,1.000000,0.169836,0.500000,0.084918,0.292136,0.300000,0.087641,1.000000,0.200000,0.200000,0.080000,0.500000,-0.040000,0.600000,0.500000,-0.300000,0.162442,0.100000,-0.016244
t25-d1.2-a1.5-sparse,25,1.200000,1.500000,33,2717,4080,ga,curated-textbook,lexicographic,goal-priority,20260927,10,10,true,true,true,40,3,2,23,2,3206,0.785784,false,0.000000,0.304986,1.947174,60,40,2440,6909,true,0.010889,0.010889,0.010889,1.000000,0.175010,0.500000,0.087505,0.286226,0.300000,0.085868,1.000000,0.200000,0.200000,0.080000,0.500000,-0.040000,0.600000,0.500000,-0.300000,0.224833,0.100000,-0.022483
t25-d1.2-a1.5-sparse,25,1.200000,1.500000,33,2717,4080,ga,curated-textbook,lexicographic,goal-priority,20260928,10,10,true,true,true,40,3,2,22,3,3084,0.755882,false,0.000000,0.304608,1.941009,60,40,2440,6798,true,0.000000,-0.049318,0.000000,1.000000,0.155454,0.500000,0.077727,0.243185,0.300000,0.072955,1.000000,0.200000,0.200000,0.120000,0.500000,-0.060000,0.640000,0.500000,-0.320000,0.200000,0.100000,-0.020000
t25-d1.2-a1.5-sparse,25,1.200000,1.500000,33,2717,4080,ga,curated-textbook,lexicographic,goal-priority,20260929,10,10,true,true,true,40,3,3,23,2,3186,0.780882,false,0.000000,0.359518,1.822785,60,40,2440,6809,true,0.012818,0.012818,0.012818,1.000000,0.177864,0.500000,0.088932,0.283782,0.300000,0.085134,1.000000,0.200000,0.200000,0.080000,0.500000,-0.040000,0.600000,0.500000,-0.300000,0.212487,0.100000,-0.021249
t25-d1.2-a1.5-sparse,25,1.200000,1.500000,33,2717,4080,ga,all,lexicographic,goal-priority,20260925,15,15,true,true,true,40,5,2,24,1,3222,0.789706,false,0.000000,0.336978,1.708503,60,40,2440,5974,true,0.000653,0.000653,0.000653,1.000000,0.146081,0.500000,0.073041,0.288026,0.300000,0.086408,1.000000,0.200000,0.200000,0.040000,0.500000,-0.020000,0.640000,0.500000,-0.320000,0.187950,0.100000,-0.018795
t25-d1.2-a1.5-sparse,25,1.200000,1.500000,33,2717,4080,ga,all,lexicographic,goal-priority,20260926,15,15,true,true,true,40,5,4,25,0,3297,0.808088,false,0.000000,0.272431,1.771346,60,40,2440,5288,true,0.042567,0.042567,0.042567,1.000000,0.165028,0.500000,0.082514,0.311289,0.300000,0.093387,1.000000,0.200000,0.200000,0.000000,0.500000,-0.000000,0.640000,0.500000,-0.320000,0.133329,0.100000,-0.013333
t25-d1.2-a1.5-sparse,25,1.200000,1.500000,33,2717,4080,ga,all,lexicographic,goal-priority,20260927,15,15,true,true,true,40,5,4,23,2,3076,0.753922,false,0.000000,0.309960,1.978926,60,40,2440,5138,true,0.000000,-0.021252,0.000000,1.000000,0.149078,0.500000,0.074539,0.277872,0.300000,0.083362,1.000000,0.200000,0.200000,0.080000,0.500000,-0.040000,0.640000,0.500000,-0.320000,0.191529,0.100000,-0.019153
t25-d1.2-a1.5-sparse,25,1.200000,1.500000,33,2717,4080,ga,all,lexicographic,goal-priority,20260928,15,15,true,true,true,40,4,1,24,1,3116,0.763725,false,0.000000,0.280581,1.787905,60,40,2440,5810,true,0.000000,-0.028524,0.000000,1.000000,0.136640,0.500000,0.068320,0.260596,0.300000,0.078179,1.000000,0.200000,0.200000,0.040000,0.500000,-0.020000,0.680000,0.500000,-0.340000,0.150224,0.100000,-0.015022
t25-d1.2-a1.5-sparse,25,1.200000,1.500000,33,2717,4080,ga,all,lexicographic,goal-priority,20260929,15,15,true,true,true,40,5,2,25,0,3344,0.819608,false,0.000000,0.333794,1.692361,60,40,2440,5445,true,0.038958,0.038958,0.038958,1.000000,0.175379,0.500000,0.087690,0.298786,0.300000,0.089636,1.000000,0.200000,0.200000,0.000000,0.500000,-0.000000,0.640000,0.500000,-0.320000,0.183675,0.100000,-0.018367
t25-d1.2-a1.5-sparse,25,1.200000,1.500000,33,2717,4080,ga,curated,weighted,goal-priority,20260925,5,5,true,true,true,40,2,,22,3,3146,0.771078,false,0.000000,0.336001,1.836689,60,40,2440,5291,true,0.000000,-0.034041,0.000000,1.000000,0.167367,0.500000,0.083684,0.274253,0.300000,0.082276,1.000000,0.200000,0.200000,0.120000,0.500000,-0.060000,0.600000,0.500000,-0.300000,0.400000,0.100000,-0.040000
t25-d1.2-a1.5-sparse,25,1.200000,1.500000,33,2717,4080,ga,curated,weighted,goal-priority,20260926,5,5,true,true,true,40,2,,23,2,3153,0.772794,false,0.000000,0.358807,1.880184,60,40,2440,5326,true,0.011368,0.011368,0.011368,1.000000,0.169836,0.500000,0.084918,0.292136,0.300000,0.087641,1.000000,0.200000,0.200000,0.080000,0.500000,-0.040000,0.600000,0.500000,-0.300000,0.211905,0.100000,-0.021191
t25-d1.2-a1.5-sparse,25,1.200000,1.500000,33,2717,4080,ga,curated,weighted,goal-priority,20260927,5,5,true,true,true,40,3,,23,2,3206,0.785784,false,0.000000,0.350654,1.649222,60,40,2440,5442,true,0.000000,-0.001739,0.000000,1.000000,0.175328,0.500000,0.087664,0.273041,0.300000,0.081912,1.000000,0.200000,0.200000,0.080000,0.500000,-0.040000,0.600000,0.500000,-0.300000,0.313147,0.100000,-0.031315
t25-d1.2-a1.5-sparse,25,1.200000,1.500000,33,2717,4080,ga,curated,weighted,goal-priority,20260928,5,5,true,true,true,40,2,,21,4,2990,0.732843,false,0.000000,0.187420,1.893428,60,40,2440,5333,true,0.000000,-0.082365,0.000000,1.000000,0.154358,0.500000,0.077179,0.247352,0.300000,0.074206,1.000000,0.200000,0.200000,0.160000,0.500000,-0.080000,0.640000,0.500000,-0.320000,0.337500,0.100000,-0.033750
t25-d1.2-a1.5-sparse,25,1.200000,1.500000,33,2717,4080,ga,curated,weighted,goal-priority,20260929,5,5,true,true,true,40,2,,23,2,3219,0.788971,false,0.000000,0.334620,1.829141,60,40,2440,5316,true,0.000000,-0.002492,0.000000,1.000000,0.183201,0.500000,0.091600,0.282040,0.300000,0.084612,1.000000,0.200000,0.200000,0.080000,0.500000,-0.040000,0.600000,0.500000,-0.300000,0.387041,0.100000,-0.038704
t25-d1.2-a1.5-sparse,25,1.200000,1.500000,33,2717,4080,ga,curated-textbook,weighted,goal-priority,20260925,10,10,true,true,true,40,6,,23,2,3259,0.798775,false,0.000000,0.331319,1.811097,60,40,2440,5348,true,0.000000,-0.018483,0.000000,1.000000,0.170733,0.500000,0.085367,0.276659,0.300000,0.082998,1.000000,0.200000,0.200000,0.080000,0.500000,-0.040000,0.600000,0.500000,-0.300000,0.468469,0.100000,-0.046847
t25-d1.2-a1.5-sparse,25,1.200000,1.500000,33,2717,4080,ga,curated-textbook,weighted,goal-priority,20260926,10,10,true,true,true,40,4,,25,0,3378,0.827941,false,0.000000,0.334767,1.754210,60,40,2440,5361,true,0.054623,0.054623,0.054623,1.000000,0.174141,0.500000,0.087070,0.304166,0.300000,0.091250,1.000000,0.200000,0.200000,0.000000,0.500000,-0.000000,0.600000,0.500000,-0.300000,0.236975,0.100000,-0.023698
t25-d1.2-a1.5-sparse,25,1.200000,1.500000,33,2717,4080,ga,curated-textbook,weighted,goal-priority,20260927,10,10,true,true,true,40,5,,25,0,3431,0.840931,false,0.000000,0.327946,1.542422,60,40,2440,5281,true,0.052180,0.052180,0.052180,1.000000,0.179632,0.500000,0.089816,0.285071,0.300000,0.085521,1.000000,0.200000,0.200000,0.000000,0.500000,-0.000000,0.600000,0.500000,-0.300000,0.231570,0.100000,-0.023157
t25-d1.2-a1.5-sparse,25,1.200000,1.500000,33,2717,4080,ga,curated-textbook,weighted,goal-priority,20260928,10,10,true,true,true,40,5,,21,4,2990,0.732843,false,0.000000,0.316749,1.893428,60,40,2440,5286,true,0.000000,-0.087269,0.000000,1.000000,0.154358,0.500000,0.077179,0.247352,0.300000,0.074206,1.000000,0.200000,0.200000,0.160000,0.500000,-0.080000,0.640000,0.500000,-0.320000,0.386535,0.100000,-0.038653
t25-d1.2-a1.5-sparse,25,1.200000,1.500000,33,2717,4080,ga,curated-textbook,weighted,goal-priority,20260929,10,10,true,true,true,40,6,,24,1,3313,0.812010,false,0.000000,0.323268,1.767084,60,40,2440,5325,true,0.027452,0.027452,0.027452,1.000000,0.186909,0.500000,0.093454,0.294542,0.300000,0.088363,1.000000,0.200000,0.200000,0.040000,0.500000,-0.020000,0.600000,0.500000,-0.300000,0.343645,0.100000,-0.034364
t25-d1.2-a1.5-sparse,25,1.200000,1.500000,33,2717,4080,ga,all,weighted,goal-priority,20260925,15,15,true,true,true,40,7,,24,1,3222,0.789706,false,0.000000,0.312551,1.708503,60,40,2440,5260,true,0.000000,-0.005575,0.000000,1.000000,0.146081,0.500000,0.073041,0.288026,0.300000,0.086408,1.000000,0.200000,0.200000,0.040000,0.500000,-0.020000,0.640000,0.500000,-0.320000,0.250233,0.100000,-0.025023
t25-d1.2-a1.5-sparse,25,1.200000,1.500000,33,2717,4080,ga,all,weighted,goal-priority,20260926,15,15,true,true,true,40,9,,24,1,3135,0.768382,false,0.000000,0.344772,1.806642,60,40,2440,5438,true,0.000000,-0.002406,0.000000,1.000000,0.144843,0.500000,0.072421,0.293406,0.300000,0.088022,1.000000,0.200000,0.200000,0.040000,0.500000,-0.020000,0.640000,0.500000,-0.320000,0.228493,0.100000,-0.022849
t25-d1.2-a1.5-sparse,25,1.200000,1.500000,33,2717,4080,ga,all,weighted,goal-priority,20260927,15,15,true,true,true,40,9,,25,0,3350,0.821078,false,0.000000,0.331042,1.556980,60,40,2440,5340,true,0.026212,0.026212,0.026212,1.000000,0.167164,0.500000,0.083582,0.279691,0.300000,0.083907,1.000000,0.200000,0.200000,0.000000,0.500000,-0.000000,0.640000,0.500000,-0.320000,0.212776,0.100000,-0.021278
t25-d1.2-a1.5-sparse,25,1.200000,1.500000,33,2717,4080,ga,all,weighted,goal-priority,20260928,15,15,true,true,true,40,5,,23,2,3004,0.736275,false,0.000000,0.297254,1.776893,60,40,2440,5350,true,0.000000,-0.049288,0.000000,1.000000,0.138313,0.500000,0.069156,0.267641,0.300000,0.080292,1.000000,0.200000,0.200000,0.080000,0.500000,-0.040000,0.680000,0.500000,-0.340000,0.187366,0.100000,-0.018737
t25-d1.2-a1.5-sparse,25,1.200000,1.500000,33,2717,4080,ga,all,weighted,goal-priority,20260929,15,15,true,true,true,40,7,,25,0,3344,0.819608,false,0.000000,0.309598,1.692361,60,40,2440,5306,true,0.032730,0.032730,0.032730,1.000000,0.175379,0.500000,0.087690,0.298786,0.300000,0.089636,1.000000,0.200000,0.200000,0.000000,0.500000,-0.000000,0.640000,0.500000,-0.320000,0.245958,0.100000,-0.024596
t25-d1.2-a1.5-sparse,25,1.200000,1.500000,33,2717,4080,ga-timeline,curated,lexicographic,goal-priority,20260925,5,5,true,true,true,40,0,1,25,0,3348,0.820588,false,0.000000,0.395254,1.724371,60,40,2440,188313,true,0.148258,0.148258,0.148258,1.000000,0.214647,0.500000,0.107323,0.336447,0.300000,0.100934,1.000000,0.200000,0.200000,0.000000,0.500000,-0.000000,0.520000,0.500000,-0.260000,0.000000,0.100000,-0.000000
t25-d1.2-a1.5-sparse,25,1.200000,1.500000,33,2717,4080,ga-timeline,curated,lexicographic,goal-priority,20260926,5,5,true,true,true,40,0,1,25,0,3284,0.804902,false,0.000000,0.339288,1.921938,60,40,2440,171123,true,0.113485,0.113485,0.113485,1.000000,0.195831,0.500000,0.097915,0.318565,0.300000,0.095569,1.000000,0.200000,0.200000,0.000000,0.500000,-0.000000,0.560000,0.500000,-0.280000,0.000000,0.100000,-0.000000
t25-d1.2-a1.5-sparse,25,1.200000,1.500000,33,2717,4080,ga-timeline,curated,lexicographic,goal-priority,20260927,5,5,true,true,true,40,0,1,25,0,3348,0.820588,false,0.000000,0.260330,1.892302,60,40,2440,188690,true,0.146912,0.146912,0.146912,1.000000,0.206227,0.500000,0.103114,0.345995,0.300000,0.103799,1.000000,0.200000,0.200000,0.000000,0.500000,-0.000000,0.520000,0.500000,-0.260000,0.000000,0.100000,-0.000000
t25-d1.2-a1.5-sparse,25,1.200000,1.500000,33,2717,4080,ga-timeline,curated,lexicographic,goal-priority,20260928,5,5,true,true,true,40,1,1,25,0,3348,0.820588,false,0.000000,0.290567,1.568727,60,40,2440,171712,true,0.137358,0.137358,0.137358,1.000000,0.214194,0.500000,0.107097,0.346678,0.300000,0.104004,1.000000,0.200000,0.200000,0.000000,0.500000,-0.000000,0.520000,0.500000,-0.260000,0.137431,0.100000,-0.013743
t25-d1.2-a1.5-sparse,25,1.200000,1.500000,33,2717,4080,ga-timeline,curated,lexicographic,goal-priority,20260929,5,5,true,true,true,40,2,0,25,0,3348,0.820588,false,0.000000,0.334418,1.794001,60,40,2440,201218,true,0.141292,0.141292,0.141292,1.000000,0.212453,0.500000,0.106226,0.341828,0.300000,0.102548,1.000000,0.200000,0.200000,0.000000,0.500000,-0.000000,0.520000,0.500000,-0.260000,0.074826,0.100000,-0.007483
t25-d1.2-a1.5-sparse,25,1.200000,1.500000,33,2717,4080,ga-timeline,curated-textbook,lexicographic,goal-priority,20260925,10,10,true,true,true,40,2,3,25,0,3348,0.820588,false,0.000000,0.345260,1.900494,60,40,2440,230537,true,0.128301,0.128301,0.128301,1.000000,0.196135,0.500000,0.098067,0.325158,0.300000,0.097547,1.000000,0.200000,0.200000,0.000000,0.500000,-0.000000,0.520000,0.500000,-0.260000,0.073138,0.100000,-0.007314
t25-d1.2-a1.5-sparse,25,1.200000,1.500000,33,2717,4080,ga-timeline,curated-textbook,lexicographic,goal-priority,20260926,10,10,true,true,true,40,3,2,25,0,3348,0.820588,false,0.000000,0.372244,1.892302,60,40,2440,235794,true,0.131593,0.131593,0.131593,1.000000,0.206227,0.500000,0.103114,0.345995,0.300000,0.103799,1.000000,0.200000,0.200000,0.000000,0.500000,-0.000000,0.520000,0.500000,-0.260000,0.153190,0.100000,-0.015319
t25-d1.2-a1.5-sparse,25,1.200000,1.500000,33,2717,4080,ga-timeline,curated-textbook,lexicographic,goal-priority,20260927,10,10,true,true,true,40,3,1,25,0,3348,0.820588,false,0.000000,0.378268,1.892302,60,40,2440,216787,true,0.137448,0.137448,0.137448,1.000000,0.213878,0.500000,0.106939,0.353801,0.300000,0.106140,1.000000,0.200000,0.200000,0.000000,0.500000,-0.000000,0.520000,0.500000,-0.260000,0.156309,0.100000,-0.015631
t25-d1.2-a1.5-sparse,25,1.200000,1.500000,33,2717,4080,ga-timeline,curated-textbook,lexicographic,goal-priority,20260928,10,10,true,true,true,40,3,2,25,0,3267,0.800735,false,0.000000,0.245377,1.741363,60,40,2440,168204,true,0.083351,0.083351,0.083351,1.000000,0.173723,0.500000,0.086861,0.282116,0.300000,0.084635,1.000000,0.200000,0.200000,0.000000,0.500000,-0.000000,0.560000,0.500000,-0.280000,0.081454,0.100000,-0.008145
t25-d1.2-a1.5-sparse,25,1.200000,1.500000,33,2717,4080,ga-timeline,curated-textbook,lexicographic,goal-priority,20260929,10,10,true,true,true,40,3,0,25,0,3348,0.820588,false,0.000000,0.293459,1.900494,60,40,2440,177493,true,0.141333,0.141333,0.141333,1.000000,0.211080,0.500000,0.105540,0.344253,0.300000,0.103276,1.000000,0.200000,0.200000,0.000000,0.500000,-0.000000,0.520000,0.500000,-0.260000,0.074826,0.100000,-0.007483
t25-d1.2-a1.5-sparse,25,1.200000,1.500000,33,2717,4080,ga-timeline,all,lexicographic,goal-priority,20260925,15,15,true,true,true,40,6,0,25,0,3348,0.820588,false,0.000000,0.441031,1.699795,60,40,2440,209547,true,0.138671,0.138671,0.138671,1.000000,0.221979,0.500000,0.110990,0.357439,0.300000,0.107232,1.000000,0.200000,0.200000,0.000000,0.500000,-0.000000,0.520000,0.500000,-0.260000,0.195507,0.100000,-0.019551
t25-d1.2-a1.5-sparse,25,1.200000,1.500000,33,2717,4080,ga-timeline,all,lexicographic,goal-priority,20260926,15,15,true,true,true,40,6,3,24,1,3190,0.781863,false,0.000000,0.344950,1.639463,60,40,2440,193490,true,0.050081,0.050081,0.050081,1.000000,0.190700,0.500000,0.095350,0.288026,0.300000,0.086408,1.000000,0.200000,0.200000,0.040000,0.500000,-0.020000,0.560000,0.500000,-0.280000,0.316762,0.100000,-0.031676
t25-d1.2-a1.5-sparse,25,1.200000,1.500000,33,2717,4080,ga-timeline,all,lexicographic,goal-priority,20260927,15,15,true,true,true,40,5,1,25,0,3348,0.820588,false,0.000000,0.327792,1.724371,60,40,2440,174040,true,0.130366,0.130366,0.130366,1.000000,0.212035,0.500000,0.106017,0.319778,0.300000,0.095933,1.000000,0.200000,0.200000,0.000000,0.500000,-0.000000,0.520000,0.500000,-0.260000,0.115852,0.100000,-0.011585
t25-d1.2-a1.5-sparse,25,1.200000,1.500000,33,2717,4080,ga-timeline,all,lexicographic,goal-priority,20260928,15,15,true,true,true,40,6,2,25,0,3267,0.800735,false,0.000000,0.371046,1.811679,60,40,2440,184042,true,0.080966,0.080966,0.080966,1.000000,0.172902,0.500000,0.086451,0.309546,0.300000,0.092864,1.000000,0.200000,0.200000,0.000000,0.500000,-0.000000,0.560000,0.500000,-0.280000,0.183495,0.100000,-0.018350
t25-d1.2-a1.5-sparse,25,1.200000,1.500000,33,2717,4080,ga-timeline,all,lexicographic,goal-priority,20260929,15,15,true,true,true,40,5,1,25,0,3348,0.820588,false,0.000000,0.344657,1.634261,60,40,2440,164404,true,0.138312,0.138312,0.138312,1.000000,0.214182,0.500000,0.107091,0.360394,0.300000,0.108118,1.000000,0.200000,0.200000,0.000000,0.500000,-0.000000,0.520000,0.500000,-0.260000,0.168975,0.100000,-0.016898
t25-d1.2-a1.5-sparse,25,1.200000,1.500000,33,2717,4080,ga-timeline,curated,weighted,goal-priority,20260925,5,5,true,true,true,40,1,,25,0,3348,0.820588,false,0.000000,0.395254,1.892302,60,40,2440,170447,true,0.407010,0.407010,0.407010,1.000000,0.214647,0.500000,0.107323,0.336447,0.300000,0.100934,1.000000,0.200000,0.200000,0.000000,0.500000,-0.000000,0.000000,0.500000,-0.000000,0.012480,0.100000,-0.001248
t25-d1.2-a1.5-sparse,25,1.200000,1.500000,33,2717,4080,ga-timeline,curated,weighted,goal-priority,20260926,5,5,true,true,true,40,1,,25,0,3348,0.820588,false,0.000000,0.334056,1.892302,60,40,2440,161729,true,0.406106,0.406106,0.406106,1.000000,0.221675,0.500000,0.110837,0.350846,0.300000,0.105254,1.000000,0.200000,0.200000,0.000000,0.500000,-0.000000,0.000000,0.500000,-0.000000,0.099853,0.100000,-0.009985
t25-d1.2-a1.5-sparse,25,1.200000,1.500000,33,2717,4080,ga-timeline,curated,weighted,goal-priority,20260927,5,5,true,true,true,40,1,,25,0,3348,0.820588,false,0.000000,0.260330,1.892302,60,40,2440,240118,true,0.412082,0.412082,0.412082,1.000000,0.211819,0.500000,0.105909,0.362136,0.300000,0.108641,1.000000,0.200000,0.200000,0.000000,0.500000,-0.000000,0.000000,0.500000,-0.000000,0.024681,0.100000,-0.002468
t25-d1.2-a1.5-sparse,25,1.200000,1.500000,33,2717,4080,ga-timeline,curated,weighted,goal-priority,20260928,5,5,true,true,true,40,2,,25,0,3348,0.820588,false,0.000000,0.290567,1.568727,60,40,2440,166866,true,0.396144,0.396144,0.396144,1.000000,0.214194,0.500000,0.107097,0.346678,0.300000,0.104004,1.000000,0.200000,0.200000,0.000000,0.500000,-0.000000,0.000000,0.500000,-0.000000,0.149562,0.100000,-0.014956
t25-d1.2-a1.5-sparse,25,1.200000,1.500000,33,2717,4080,ga-timeline,curated,weighted,goal-priority,20260929,5,5,true,true,true,40,2,,25,0,3348,0.820588,false,0.000000,0.334418,1.794001,60,40,2440,196230,true,0.401292,0.401292,0.401292,1.000000,0.212453,0.500000,0.106226,0.341828,0.300000,0.102548,1.000000,0.200000,0.200000,0.000000,0.500000,-0.000000,0.000000,0.500000,-0.000000,0.074826,0.100000,-0.007483
t25-d1.2-a1.5-sparse,25,1.200000,1.500000,33,2717,4080,ga-timeline,curated-textbook,weighted,goal-priority,20260925,10,10,true,true,true,40,5,,25,0,3348,0.820588,false,0.000000,0.345260,1.900494,60,40,2440,195738,true,0.391266,0.391266,0.391266,1.000000,0.201726,0.500000,0.100863,0.341298,0.300000,0.102389,1.000000,0.200000,0.200000,0.000000,0.500000,-0.000000,0.000000,0.500000,-0.000000,0.119870,0.100000,-0.011987
t25-d1.2-a1.5-sparse,25,1.200000,1.500000,33,2717,4080,ga-timeline,curated-textbook,weighted,goal-priority,20260926,10,10,true,true,true,40,5,,25,0,3348,0.820588,false,0.000000,0.372244,1.892302,60,40,2440,177184,true,0.397267,0.397267,0.397267,1.000000,0.211819,0.500000,0.105909,0.362136,0.300000,0.108641,1.000000,0.200000,0.200000,0.000000,0.500000,-0.000000,0.000000,0.500000,-0.000000,0.172833,0.100000,-0.017283
t25-d1.2-a1.5-sparse,25,1.200000,1.500000,33,2717,4080,ga-timeline,curated-textbook,weighted,goal-priority,20260927,10,10,true,true,true,40,4,,25,0,3348,0.820588,false,0.000000,0.378268,1.892302,60,40,2440,191795,true,0.404043,0.404043,0.404043,1.000000,0.226346,0.500000,0.113173,0.359181,0.300000,0.107754,1.000000,0.200000,0.200000,0.000000,0.500000,-0.000000,0.000000,0.500000,-0.000000,0.168845,0.100000,-0.016885
t25-d1.2-a1.5-sparse,25,1.200000,1.500000,33,2717,4080,ga-timeline,curated-textbook,weighted,goal-priority,20260928,10,10,true,true,true,40,5,,25,0,3348,0.820588,false,0.000000,0.281050,1.662932,60,40,2440,178322,true,0.400624,0.400624,0.400624,1.000000,0.211819,0.500000,0.105909,0.362136,0.300000,0.108641,1.000000,0.200000,0.200000,0.000000,0.500000,-0.000000,0.000000,0.500000,-0.000000,0.139261,0.100000,-0.013926
t25-d1.2-a1.5-sparse,25,1.200000,1.500000,33,2717,4080,ga-timeline,curated-textbook,weighted,goal-priority,20260929,10,10,true,true,true,40,3,,25,0,3348,0.820588,false,0.000000,0.293459,1.900494,60,40,2440,200966,true,0.401333,0.401333,0.401333,1.000000,0.211080,0.500000,0.105540,0.344253,0.300000,0.103276,1.000000,0.200000,0.200000,0.000000,0.500000,-0.000000,0.000000,0.500000,-0.000000,0.074826,0.100000,-0.007483
t25-d1.2-a1.5-sparse,25,1.200000,1.500000,33,2717,4080,ga-timeline,all,weighted,goal-priority,20260925,15,15,true,true,true,40,6,,25,0,3348,0.820588,false,0.000000,0.441031,1.699795,60,40,2440,173755,true,0.398671,0.398671,0.398671,1.000000,0.221979,0.500000,0.110990,0.357439,0.300000,0.107232,1.000000,0.200000,0.200000,0.000000,0.500000,-0.000000,0.000000,0.500000,-0.000000,0.195507,0.100000,-0.019551
t25-d1.2-a1.5-sparse,25,1.200000,1.500000,33,2717,4080,ga-timeline,all,weighted,goal-priority,20260926,15,15,true,true,true,40,9,,25,0,3348,0.820588,false,0.000000,0.275629,1.642212,60,40,2440,177458,true,0.392736,0.392736,0.392736,1.000000,0.217124,0.500000,0.108562,0.350163,0.300000,0.105049,1.000000,0.200000,0.200000,0.000000,0.500000,-0.000000,0.000000,0.500000,-0.000000,0.208752,0.100000,-0.020875
t25-d1.2-a1.5-sparse,25,1.200000,1.500000,33,2717,4080,ga-timeline,all,weighted,goal-priority,20260927,15,15,true,true,true,40,6,,25,0,3348,0.820588,false,0.000000,0.327792,1.724371,60,40,2440,187559,true,0.396677,0.396677,0.396677,1.000000,0.217626,0.500000,0.108813,0.335918,0.300000,0.100775,1.000000,0.200000,0.200000,0.000000,0.500000,-0.000000,0.000000,0.500000,-0.000000,0.129120,0.100000,-0.012912
t25-d1.2-a1.5-sparse,25,1.200000,1.500000,33,2717,4080,ga-timeline,all,weighted,goal-priority,20260928,15,15,true,true,true,40,8,,25,0,3267,0.800735,false,0.000000,0.393309,1.811679,60,40,2440,184352,true,0.382451,0.382451,0.382451,1.000000,0.196553,0.500000,0.098276,0.347208,0.300000,0.104162,1.000000,0.200000,0.200000,0.000000,0.500000,-0.000000,0.000000,0.500000,-0.000000,0.199881,0.100000,-0.019988
t25-d1.2-a1.5-sparse,25,1.200000,1.500000,33,2717,4080,ga-timeline,all,weighted,goal-priority,20260929,15,15,true,true,true,40,6,,25,0,3348,0.820588,false,0.000000,0.344657,1.634261,60,40,2440,154379,true,0.396878,0.396878,0.396878,1.000000,0.214182,0.500000,0.107091,0.360394,0.300000,0.108118,1.000000,0.200000,0.200000,0.000000,0.500000,-0.000000,0.000000,0.500000,-0.000000,0.183308,0.100000,-0.018331
