instance,engine,seed,solution,n_topics,n_sessions,F_selection,aggregate,raw_score,term,term_kind,term_value,term_weight,term_contribution
apertado,ga,1,p_e,35,47,0.392825,0.392825,0.392825,syllabusMastery,OBJECTIVE,0.166142,0.500000,0.083071
apertado,ga,1,p_e,35,47,0.392825,0.392825,0.392825,retention,OBJECTIVE,0.365846,0.300000,0.109754
apertado,ga,1,p_e,35,47,0.392825,0.392825,0.392825,dailyLoadBudget,OBJECTIVE,1.000000,0.200000,0.200000
apertado,ga,1,p_e,35,47,0.392825,0.392825,0.392825,MinimumDaysConstraint,CONSTRAINT,0.000000,0.500000,-0.000000
apertado,ga,1,p_e,35,47,0.392825,0.392825,0.392825,MandatoryReviewConstraint,CONSTRAINT,0.000000,0.500000,-0.000000
apertado,ga,1,p_e,35,47,0.392825,0.392825,0.392825,SoftPrerequisiteOrderConstraint,CONSTRAINT,0.000000,0.100000,-0.000000
apertado,ga,1,p_g,2,2,0.000000,0.000000,-0.270075,syllabusMastery,OBJECTIVE,0.011385,0.500000,0.005692
apertado,ga,1,p_g,2,2,0.000000,0.000000,-0.270075,retention,OBJECTIVE,0.009852,0.300000,0.002956
apertado,ga,1,p_g,2,2,0.000000,0.000000,-0.270075,dailyLoadBudget,OBJECTIVE,1.000000,0.200000,0.200000
apertado,ga,1,p_g,2,2,0.000000,0.000000,-0.270075,MinimumDaysConstraint,CONSTRAINT,0.957447,0.500000,-0.478723
apertado,ga,1,p_g,2,2,0.000000,0.000000,-0.270075,MandatoryReviewConstraint,CONSTRAINT,0.000000,0.500000,-0.000000
apertado,ga,1,p_g,2,2,0.000000,0.000000,-0.270075,SoftPrerequisiteOrderConstraint,CONSTRAINT,0.000000,0.100000,-0.000000
apertado,ga,1,p_0,0,0,NaN,NaN,NaN,syllabusMastery,OBJECTIVE,0.000000,0.500000,0.000000
apertado,ga,1,p_0,0,0,NaN,NaN,NaN,retention,OBJECTIVE,0.000000,0.300000,0.000000
apertado,ga,1,p_0,0,0,NaN,NaN,NaN,dailyLoadBudget,OBJECTIVE,NaN,0.200000,NaN
apertado,ga,1,p_0,0,0,NaN,NaN,NaN,MinimumDaysConstraint,CONSTRAINT,1.000000,0.500000,-0.500000
apertado,ga,1,p_0,0,0,NaN,NaN,NaN,MandatoryReviewConstraint,CONSTRAINT,0.000000,0.500000,-0.000000
apertado,ga,1,p_0,0,0,NaN,NaN,NaN,SoftPrerequisiteOrderConstraint,CONSTRAINT,0.000000,0.100000,-0.000000
apertado,ga-timeline,1,p_e,0,0,NaN,NaN,NaN,syllabusMastery,OBJECTIVE,0.000000,0.500000,0.000000
apertado,ga-timeline,1,p_e,0,0,NaN,NaN,NaN,retention,OBJECTIVE,0.000000,0.300000,0.000000
apertado,ga-timeline,1,p_e,0,0,NaN,NaN,NaN,dailyLoadBudget,OBJECTIVE,NaN,0.200000,NaN
apertado,ga-timeline,1,p_e,0,0,NaN,NaN,NaN,MinimumDaysConstraint,CONSTRAINT,1.000000,0.500000,-0.500000
apertado,ga-timeline,1,p_e,0,0,NaN,NaN,NaN,MandatoryReviewConstraint,CONSTRAINT,1.000000,0.500000,-0.500000
apertado,ga-timeline,1,p_e,0,0,NaN,NaN,NaN,SoftPrerequisiteOrderConstraint,CONSTRAINT,0.000000,0.100000,-0.000000
apertado,ga-timeline,1,p_g,2,2,-0.770075,0.000000,-0.770075,syllabusMastery,OBJECTIVE,0.011385,0.500000,0.005692
apertado,ga-timeline,1,p_g,2,2,-0.770075,0.000000,-0.770075,retention,OBJECTIVE,0.009852,0.300000,0.002956
apertado,ga-timeline,1,p_g,2,2,-0.770075,0.000000,-0.770075,dailyLoadBudget,OBJECTIVE,1.000000,0.200000,0.200000
apertado,ga-timeline,1,p_g,2,2,-0.770075,0.000000,-0.770075,MinimumDaysConstraint,CONSTRAINT,0.957447,0.500000,-0.478723
apertado,ga-timeline,1,p_g,2,2,-0.770075,0.000000,-0.770075,MandatoryReviewConstraint,CONSTRAINT,1.000000,0.500000,-0.500000
apertado,ga-timeline,1,p_g,2,2,-0.770075,0.000000,-0.770075,SoftPrerequisiteOrderConstraint,CONSTRAINT,0.000000,0.100000,-0.000000
apertado,ga-timeline,1,p_0,0,0,NaN,NaN,NaN,syllabusMastery,OBJECTIVE,0.000000,0.500000,0.000000
apertado,ga-timeline,1,p_0,0,0,NaN,NaN,NaN,retention,OBJECTIVE,0.000000,0.300000,0.000000
apertado,ga-timeline,1,p_0,0,0,NaN,NaN,NaN,dailyLoadBudget,OBJECTIVE,NaN,0.200000,NaN
apertado,ga-timeline,1,p_0,0,0,NaN,NaN,NaN,MinimumDaysConstraint,CONSTRAINT,1.000000,0.500000,-0.500000
apertado,ga-timeline,1,p_0,0,0,NaN,NaN,NaN,MandatoryReviewConstraint,CONSTRAINT,1.000000,0.500000,-0.500000
apertado,ga-timeline,1,p_0,0,0,NaN,NaN,NaN,SoftPrerequisiteOrderConstraint,CONSTRAINT,0.000000,0.100000,-0.000000
apertado,ga,2,p_e,35,47,0.392825,0.392825,0.392825,syllabusMastery,OBJECTIVE,0.166142,0.500000,0.083071
apertado,ga,2,p_e,35,47,0.392825,0.392825,0.392825,retention,OBJECTIVE,0.365846,0.300000,0.109754
apertado,ga,2,p_e,35,47,0.392825,0.392825,0.392825,dailyLoadBudget,OBJECTIVE,1.000000,0.200000,0.200000
apertado,ga,2,p_e,35,47,0.392825,0.392825,0.392825,MinimumDaysConstraint,CONSTRAINT,0.000000,0.500000,-0.000000
apertado,ga,2,p_e,35,47,0.392825,0.392825,0.392825,MandatoryReviewConstraint,CONSTRAINT,0.000000,0.500000,-0.000000
apertado,ga,2,p_e,35,47,0.392825,0.392825,0.392825,SoftPrerequisiteOrderConstraint,CONSTRAINT,0.000000,0.100000,-0.000000
apertado,ga,2,p_g,2,2,0.000000,0.000000,-0.270075,syllabusMastery,OBJECTIVE,0.011385,0.500000,0.005692
apertado,ga,2,p_g,2,2,0.000000,0.000000,-0.270075,retention,OBJECTIVE,0.009852,0.300000,0.002956
apertado,ga,2,p_g,2,2,0.000000,0.000000,-0.270075,dailyLoadBudget,OBJECTIVE,1.000000,0.200000,0.200000
apertado,ga,2,p_g,2,2,0.000000,0.000000,-0.270075,MinimumDaysConstraint,CONSTRAINT,0.957447,0.500000,-0.478723
apertado,ga,2,p_g,2,2,0.000000,0.000000,-0.270075,MandatoryReviewConstraint,CONSTRAINT,0.000000,0.500000,-0.000000
apertado,ga,2,p_g,2,2,0.000000,0.000000,-0.270075,SoftPrerequisiteOrderConstraint,CONSTRAINT,0.000000,0.100000,-0.000000
apertado,ga,2,p_0,0,0,NaN,NaN,NaN,syllabusMastery,OBJECTIVE,0.000000,0.500000,0.000000
apertado,ga,2,p_0,0,0,NaN,NaN,NaN,retention,OBJECTIVE,0.000000,0.300000,0.000000
apertado,ga,2,p_0,0,0,NaN,NaN,NaN,dailyLoadBudget,OBJECTIVE,NaN,0.200000,NaN
apertado,ga,2,p_0,0,0,NaN,NaN,NaN,MinimumDaysConstraint,CONSTRAINT,1.000000,0.500000,-0.500000
apertado,ga,2,p_0,0,0,NaN,NaN,NaN,MandatoryReviewConstraint,CONSTRAINT,0.000000,0.500000,-0.000000
apertado,ga,2,p_0,0,0,NaN,NaN,NaN,SoftPrerequisiteOrderConstraint,CONSTRAINT,0.000000,0.100000,-0.000000
apertado,ga-timeline,2,p_e,0,0,NaN,NaN,NaN,syllabusMastery,OBJECTIVE,0.000000,0.500000,0.000000
apertado,ga-timeline,2,p_e,0,0,NaN,NaN,NaN,retention,OBJECTIVE,0.000000,0.300000,0.000000
apertado,ga-timeline,2,p_e,0,0,NaN,NaN,NaN,dailyLoadBudget,OBJECTIVE,NaN,0.200000,NaN
apertado,ga-timeline,2,p_e,0,0,NaN,NaN,NaN,MinimumDaysConstraint,CONSTRAINT,1.000000,0.500000,-0.500000
apertado,ga-timeline,2,p_e,0,0,NaN,NaN,NaN,MandatoryReviewConstraint,CONSTRAINT,1.000000,0.500000,-0.500000
apertado,ga-timeline,2,p_e,0,0,NaN,NaN,NaN,SoftPrerequisiteOrderConstraint,CONSTRAINT,0.000000,0.100000,-0.000000
apertado,ga-timeline,2,p_g,2,2,-0.770075,0.000000,-0.770075,syllabusMastery,OBJECTIVE,0.011385,0.500000,0.005692
apertado,ga-timeline,2,p_g,2,2,-0.770075,0.000000,-0.770075,retention,OBJECTIVE,0.009852,0.300000,0.002956
apertado,ga-timeline,2,p_g,2,2,-0.770075,0.000000,-0.770075,dailyLoadBudget,OBJECTIVE,1.000000,0.200000,0.200000
apertado,ga-timeline,2,p_g,2,2,-0.770075,0.000000,-0.770075,MinimumDaysConstraint,CONSTRAINT,0.957447,0.500000,-0.478723
apertado,ga-timeline,2,p_g,2,2,-0.770075,0.000000,-0.770075,MandatoryReviewConstraint,CONSTRAINT,1.000000,0.500000,-0.500000
apertado,ga-timeline,2,p_g,2,2,-0.770075,0.000000,-0.770075,SoftPrerequisiteOrderConstraint,CONSTRAINT,0.000000,0.100000,-0.000000
apertado,ga-timeline,2,p_0,0,0,NaN,NaN,NaN,syllabusMastery,OBJECTIVE,0.000000,0.500000,0.000000
apertado,ga-timeline,2,p_0,0,0,NaN,NaN,NaN,retention,OBJECTIVE,0.000000,0.300000,0.000000
apertado,ga-timeline,2,p_0,0,0,NaN,NaN,NaN,dailyLoadBudget,OBJECTIVE,NaN,0.200000,NaN
apertado,ga-timeline,2,p_0,0,0,NaN,NaN,NaN,MinimumDaysConstraint,CONSTRAINT,1.000000,0.500000,-0.500000
apertado,ga-timeline,2,p_0,0,0,NaN,NaN,NaN,MandatoryReviewConstraint,CONSTRAINT,1.000000,0.500000,-0.500000
apertado,ga-timeline,2,p_0,0,0,NaN,NaN,NaN,SoftPrerequisiteOrderConstraint,CONSTRAINT,0.000000,0.100000,-0.000000
apertado,ga,3,p_e,35,47,0.392825,0.392825,0.392825,syllabusMastery,OBJECTIVE,0.166142,0.500000,0.083071
apertado,ga,3,p_e,35,47,0.392825,0.392825,0.392825,retention,OBJECTIVE,0.365846,0.300000,0.109754
apertado,ga,3,p_e,35,47,0.392825,0.392825,0.392825,dailyLoadBudget,OBJECTIVE,1.000000,0.200000,0.200000
apertado,ga,3,p_e,35,47,0.392825,0.392825,0.392825,MinimumDaysConstraint,CONSTRAINT,0.000000,0.500000,-0.000000
apertado,ga,3,p_e,35,47,0.392825,0.392825,0.392825,MandatoryReviewConstraint,CONSTRAINT,0.000000,0.500000,-0.000000
apertado,ga,3,p_e,35,47,0.392825,0.392825,0.392825,SoftPrerequisiteOrderConstraint,CONSTRAINT,0.000000,0.100000,-0.000000
apertado,ga,3,p_g,2,2,0.000000,0.000000,-0.270075,syllabusMastery,OBJECTIVE,0.011385,0.500000,0.005692
apertado,ga,3,p_g,2,2,0.000000,0.000000,-0.270075,retention,OBJECTIVE,0.009852,0.300000,0.002956
apertado,ga,3,p_g,2,2,0.000000,0.000000,-0.270075,dailyLoadBudget,OBJECTIVE,1.000000,0.200000,0.200000
apertado,ga,3,p_g,2,2,0.000000,0.000000,-0.270075,MinimumDaysConstraint,CONSTRAINT,0.957447,0.500000,-0.478723
apertado,ga,3,p_g,2,2,0.000000,0.000000,-0.270075,MandatoryReviewConstraint,CONSTRAINT,0.000000,0.500000,-0.000000
apertado,ga,3,p_g,2,2,0.000000,0.000000,-0.270075,SoftPrerequisiteOrderConstraint,CONSTRAINT,0.000000,0.100000,-0.000000
apertado,ga,3,p_0,0,0,NaN,NaN,NaN,syllabusMastery,OBJECTIVE,0.000000,0.500000,0.000000
apertado,ga,3,p_0,0,0,NaN,NaN,NaN,retention,OBJECTIVE,0.000000,0.300000,0.000000
apertado,ga,3,p_0,0,0,NaN,NaN,NaN,dailyLoadBudget,OBJECTIVE,NaN,0.200000,NaN
apertado,ga,3,p_0,0,0,NaN,NaN,NaN,MinimumDaysConstraint,CONSTRAINT,1.000000,0.500000,-0.500000
apertado,ga,3,p_0,0,0,NaN,NaN,NaN,MandatoryReviewConstraint,CONSTRAINT,0.000000,0.500000,-0.000000
apertado,ga,3,p_0,0,0,NaN,NaN,NaN,SoftPrerequisiteOrderConstraint,CONSTRAINT,0.000000,0.100000,-0.000000
apertado,ga-timeline,3,p_e,0,0,NaN,NaN,NaN,syllabusMastery,OBJECTIVE,0.000000,0.500000,0.000000
apertado,ga-timeline,3,p_e,0,0,NaN,NaN,NaN,retention,OBJECTIVE,0.000000,0.300000,0.000000
apertado,ga-timeline,3,p_e,0,0,NaN,NaN,NaN,dailyLoadBudget,OBJECTIVE,NaN,0.200000,NaN
apertado,ga-timeline,3,p_e,0,0,NaN,NaN,NaN,MinimumDaysConstraint,CONSTRAINT,1.000000,0.500000,-0.500000
apertado,ga-timeline,3,p_e,0,0,NaN,NaN,NaN,MandatoryReviewConstraint,CONSTRAINT,1.000000,0.500000,-0.500000
apertado,ga-timeline,3,p_e,0,0,NaN,NaN,NaN,SoftPrerequisiteOrderConstraint,CONSTRAINT,0.000000,0.100000,-0.000000
apertado,ga-timeline,3,p_g,2,2,-0.770075,0.000000,-0.770075,syllabusMastery,OBJECTIVE,0.011385,0.500000,0.005692
apertado,ga-timeline,3,p_g,2,2,-0.770075,0.000000,-0.770075,retention,OBJECTIVE,0.009852,0.300000,0.002956
apertado,ga-timeline,3,p_g,2,2,-0.770075,0.000000,-0.770075,dailyLoadBudget,OBJECTIVE,1.000000,0.200000,0.200000
apertado,ga-timeline,3,p_g,2,2,-0.770075,0.000000,-0.770075,MinimumDaysConstraint,CONSTRAINT,0.957447,0.500000,-0.478723
apertado,ga-timeline,3,p_g,2,2,-0.770075,0.000000,-0.770075,MandatoryReviewConstraint,CONSTRAINT,1.000000,0.500000,-0.500000
apertado,ga-timeline,3,p_g,2,2,-0.770075,0.000000,-0.770075,SoftPrerequisiteOrderConstraint,CONSTRAINT,0.000000,0.100000,-0.000000
apertado,ga-timeline,3,p_0,0,0,NaN,NaN,NaN,syllabusMastery,OBJECTIVE,0.000000,0.500000,0.000000
apertado,ga-timeline,3,p_0,0,0,NaN,NaN,NaN,retention,OBJECTIVE,0.000000,0.300000,0.000000
apertado,ga-timeline,3,p_0,0,0,NaN,NaN,NaN,dailyLoadBudget,OBJECTIVE,NaN,0.200000,NaN
apertado,ga-timeline,3,p_0,0,0,NaN,NaN,NaN,MinimumDaysConstraint,CONSTRAINT,1.000000,0.500000,-0.500000
apertado,ga-timeline,3,p_0,0,0,NaN,NaN,NaN,MandatoryReviewConstraint,CONSTRAINT,1.000000,0.500000,-0.500000
apertado,ga-timeline,3,p_0,0,0,NaN,NaN,NaN,SoftPrerequisiteOrderConstraint,CONSTRAINT,0.000000,0.100000,-0.000000
apertado,ga,4,p_e,35,47,0.392825,0.392825,0.392825,syllabusMastery,OBJECTIVE,0.166142,0.500000,0.083071
apertado,ga,4,p_e,35,47,0.392825,0.392825,0.392825,retention,OBJECTIVE,0.365846,0.300000,0.109754
apertado,ga,4,p_e,35,47,0.392825,0.392825,0.392825,dailyLoadBudget,OBJECTIVE,1.000000,0.200000,0.200000
apertado,ga,4,p_e,35,47,0.392825,0.392825,0.392825,MinimumDaysConstraint,CONSTRAINT,0.000000,0.500000,-0.000000
apertado,ga,4,p_e,35,47,0.392825,0.392825,0.392825,MandatoryReviewConstraint,CONSTRAINT,0.000000,0.500000,-0.000000
apertado,ga,4,p_e,35,47,0.392825,0.392825,0.392825,SoftPrerequisiteOrderConstraint,CONSTRAINT,0.000000,0.100000,-0.000000
apertado,ga,4,p_g,2,2,0.000000,0.000000,-0.270075,syllabusMastery,OBJECTIVE,0.011385,0.500000,0.005692
apertado,ga,4,p_g,2,2,0.000000,0.000000,-0.270075,retention,OBJECTIVE,0.009852,0.300000,0.002956
apertado,ga,4,p_g,2,2,0.000000,0.000000,-0.270075,dailyLoadBudget,OBJECTIVE,1.000000,0.200000,0.200000
apertado,ga,4,p_g,2,2,0.000000,0.000000,-0.270075,MinimumDaysConstraint,CONSTRAINT,0.957447,0.500000,-0.478723
apertado,ga,4,p_g,2,2,0.000000,0.000000,-0.270075,MandatoryReviewConstraint,CONSTRAINT,0.000000,0.500000,-0.000000
apertado,ga,4,p_g,2,2,0.000000,0.000000,-0.270075,SoftPrerequisiteOrderConstraint,CONSTRAINT,0.000000,0.100000,-0.000000
apertado,ga,4,p_0,0,0,NaN,NaN,NaN,syllabusMastery,OBJECTIVE,0.000000,0.500000,0.000000
apertado,ga,4,p_0,0,0,NaN,NaN,NaN,retention,OBJECTIVE,0.000000,0.300000,0.000000
apertado,ga,4,p_0,0,0,NaN,NaN,NaN,dailyLoadBudget,OBJECTIVE,NaN,0.200000,NaN
apertado,ga,4,p_0,0,0,NaN,NaN,NaN,MinimumDaysConstraint,CONSTRAINT,1.000000,0.500000,-0.500000
apertado,ga,4,p_0,0,0,NaN,NaN,NaN,MandatoryReviewConstraint,CONSTRAINT,0.000000,0.500000,-0.000000
apertado,ga,4,p_0,0,0,NaN,NaN,NaN,SoftPrerequisiteOrderConstraint,CONSTRAINT,0.000000,0.100000,-0.000000
apertado,ga-timeline,4,p_e,0,0,NaN,NaN,NaN,syllabusMastery,OBJECTIVE,0.000000,0.500000,0.000000
apertado,ga-timeline,4,p_e,0,0,NaN,NaN,NaN,retention,OBJECTIVE,0.000000,0.300000,0.000000
apertado,ga-timeline,4,p_e,0,0,NaN,NaN,NaN,dailyLoadBudget,OBJECTIVE,NaN,0.200000,NaN
apertado,ga-timeline,4,p_e,0,0,NaN,NaN,NaN,MinimumDaysConstraint,CONSTRAINT,1.000000,0.500000,-0.500000
apertado,ga-timeline,4,p_e,0,0,NaN,NaN,NaN,MandatoryReviewConstraint,CONSTRAINT,1.000000,0.500000,-0.500000
apertado,ga-timeline,4,p_e,0,0,NaN,NaN,NaN,SoftPrerequisiteOrderConstraint,CONSTRAINT,0.000000,0.100000,-0.000000
apertado,ga-timeline,4,p_g,2,2,-0.770075,0.000000,-0.770075,syllabusMastery,OBJECTIVE,0.011385,0.500000,0.005692
apertado,ga-timeline,4,p_g,2,2,-0.770075,0.000000,-0.770075,retention,OBJECTIVE,0.009852,0.300000,0.002956
apertado,ga-timeline,4,p_g,2,2,-0.770075,0.000000,-0.770075,dailyLoadBudget,OBJECTIVE,1.000000,0.200000,0.200000
apertado,ga-timeline,4,p_g,2,2,-0.770075,0.000000,-0.770075,MinimumDaysConstraint,CONSTRAINT,0.957447,0.500000,-0.478723
apertado,ga-timeline,4,p_g,2,2,-0.770075,0.000000,-0.770075,MandatoryReviewConstraint,CONSTRAINT,1.000000,0.500000,-0.500000
apertado,ga-timeline,4,p_g,2,2,-0.770075,0.000000,-0.770075,SoftPrerequisiteOrderConstraint,CONSTRAINT,0.000000,0.100000,-0.000000
apertado,ga-timeline,4,p_0,0,0,NaN,NaN,NaN,syllabusMastery,OBJECTIVE,0.000000,0.500000,0.000000
apertado,ga-timeline,4,p_0,0,0,NaN,NaN,NaN,retention,OBJECTIVE,0.000000,0.300000,0.000000
apertado,ga-timeline,4,p_0,0,0,NaN,NaN,NaN,dailyLoadBudget,OBJECTIVE,NaN,0.200000,NaN
apertado,ga-timeline,4,p_0,0,0,NaN,NaN,NaN,MinimumDaysConstraint,CONSTRAINT,1.000000,0.500000,-0.500000
apertado,ga-timeline,4,p_0,0,0,NaN,NaN,NaN,MandatoryReviewConstraint,CONSTRAINT,1.000000,0.500000,-0.500000
apertado,ga-timeline,4,p_0,0,0,NaN,NaN,NaN,SoftPrerequisiteOrderConstraint,CONSTRAINT,0.000000,0.100000,-0.000000
apertado,ga,5,p_e,35,47,0.392825,0.392825,0.392825,syllabusMastery,OBJECTIVE,0.166142,0.500000,0.083071
apertado,ga,5,p_e,35,47,0.392825,0.392825,0.392825,retention,OBJECTIVE,0.365846,0.300000,0.109754
apertado,ga,5,p_e,35,47,0.392825,0.392825,0.392825,dailyLoadBudget,OBJECTIVE,1.000000,0.200000,0.200000
apertado,ga,5,p_e,35,47,0.392825,0.392825,0.392825,MinimumDaysConstraint,CONSTRAINT,0.000000,0.500000,-0.000000
apertado,ga,5,p_e,35,47,0.392825,0.392825,0.392825,MandatoryReviewConstraint,CONSTRAINT,0.000000,0.500000,-0.000000
apertado,ga,5,p_e,35,47,0.392825,0.392825,0.392825,SoftPrerequisiteOrderConstraint,CONSTRAINT,0.000000,0.100000,-0.000000
apertado,ga,5,p_g,2,2,0.000000,0.000000,-0.270075,syllabusMastery,OBJECTIVE,0.011385,0.500000,0.005692
apertado,ga,5,p_g,2,2,0.000000,0.000000,-0.270075,retention,OBJECTIVE,0.009852,0.300000,0.002956
apertado,ga,5,p_g,2,2,0.000000,0.000000,-0.270075,dailyLoadBudget,OBJECTIVE,1.000000,0.200000,0.200000
apertado,ga,5,p_g,2,2,0.000000,0.000000,-0.270075,MinimumDaysConstraint,CONSTRAINT,0.957447,0.500000,-0.478723
apertado,ga,5,p_g,2,2,0.000000,0.000000,-0.270075,MandatoryReviewConstraint,CONSTRAINT,0.000000,0.500000,-0.000000
apertado,ga,5,p_g,2,2,0.000000,0.000000,-0.270075,SoftPrerequisiteOrderConstraint,CONSTRAINT,0.000000,0.100000,-0.000000
apertado,ga,5,p_0,0,0,NaN,NaN,NaN,syllabusMastery,OBJECTIVE,0.000000,0.500000,0.000000
apertado,ga,5,p_0,0,0,NaN,NaN,NaN,retention,OBJECTIVE,0.000000,0.300000,0.000000
apertado,ga,5,p_0,0,0,NaN,NaN,NaN,dailyLoadBudget,OBJECTIVE,NaN,0.200000,NaN
apertado,ga,5,p_0,0,0,NaN,NaN,NaN,MinimumDaysConstraint,CONSTRAINT,1.000000,0.500000,-0.500000
apertado,ga,5,p_0,0,0,NaN,NaN,NaN,MandatoryReviewConstraint,CONSTRAINT,0.000000,0.500000,-0.000000
apertado,ga,5,p_0,0,0,NaN,NaN,NaN,SoftPrerequisiteOrderConstraint,CONSTRAINT,0.000000,0.100000,-0.000000
apertado,ga-timeline,5,p_e,0,0,NaN,NaN,NaN,syllabusMastery,OBJECTIVE,0.000000,0.500000,0.000000
apertado,ga-timeline,5,p_e,0,0,NaN,NaN,NaN,retention,OBJECTIVE,0.000000,0.300000,0.000000
apertado,ga-timeline,5,p_e,0,0,NaN,NaN,NaN,dailyLoadBudget,OBJECTIVE,NaN,0.200000,NaN
apertado,ga-timeline,5,p_e,0,0,NaN,NaN,NaN,MinimumDaysConstraint,CONSTRAINT,1.000000,0.500000,-0.500000
apertado,ga-timeline,5,p_e,0,0,NaN,NaN,NaN,MandatoryReviewConstraint,CONSTRAINT,1.000000,0.500000,-0.500000
apertado,ga-timeline,5,p_e,0,0,NaN,NaN,NaN,SoftPrerequisiteOrderConstraint,CONSTRAINT,0.000000,0.100000,-0.000000
apertado,ga-timeline,5,p_g,2,2,-0.770075,0.000000,-0.770075,syllabusMastery,OBJECTIVE,0.011385,0.500000,0.005692
apertado,ga-timeline,5,p_g,2,2,-0.770075,0.000000,-0.770075,retention,OBJECTIVE,0.009852,0.300000,0.002956
apertado,ga-timeline,5,p_g,2,2,-0.770075,0.000000,-0.770075,dailyLoadBudget,OBJECTIVE,1.000000,0.200000,0.200000
apertado,ga-timeline,5,p_g,2,2,-0.770075,0.000000,-0.770075,MinimumDaysConstraint,CONSTRAINT,0.957447,0.500000,-0.478723
apertado,ga-timeline,5,p_g,2,2,-0.770075,0.000000,-0.770075,MandatoryReviewConstraint,CONSTRAINT,1.000000,0.500000,-0.500000
apertado,ga-timeline,5,p_g,2,2,-0.770075,0.000000,-0.770075,SoftPrerequisiteOrderConstraint,CONSTRAINT,0.000000,0.100000,-0.000000
apertado,ga-timeline,5,p_0,0,0,NaN,NaN,NaN,syllabusMastery,OBJECTIVE,0.000000,0.500000,0.000000
apertado,ga-timeline,5,p_0,0,0,NaN,NaN,NaN,retention,OBJECTIVE,0.000000,0.300000,0.000000
apertado,ga-timeline,5,p_0,0,0,NaN,NaN,NaN,dailyLoadBudget,OBJECTIVE,NaN,0.200000,NaN
apertado,ga-timeline,5,p_0,0,0,NaN,NaN,NaN,MinimumDaysConstraint,CONSTRAINT,1.000000,0.500000,-0.500000
apertado,ga-timeline,5,p_0,0,0,NaN,NaN,NaN,MandatoryReviewConstraint,CONSTRAINT,1.000000,0.500000,-0.500000
apertado,ga-timeline,5,p_0,0,0,NaN,NaN,NaN,SoftPrerequisiteOrderConstraint,CONSTRAINT,0.000000,0.100000,-0.000000
apertado,ga,6,p_e,35,47,0.392825,0.392825,0.392825,syllabusMastery,OBJECTIVE,0.166142,0.500000,0.083071
apertado,ga,6,p_e,35,47,0.392825,0.392825,0.392825,retention,OBJECTIVE,0.365846,0.300000,0.109754
apertado,ga,6,p_e,35,47,0.392825,0.392825,0.392825,dailyLoadBudget,OBJECTIVE,1.000000,0.200000,0.200000
apertado,ga,6,p_e,35,47,0.392825,0.392825,0.392825,MinimumDaysConstraint,CONSTRAINT,0.000000,0.500000,-0.000000
apertado,ga,6,p_e,35,47,0.392825,0.392825,0.392825,MandatoryReviewConstraint,CONSTRAINT,0.000000,0.500000,-0.000000
apertado,ga,6,p_e,35,47,0.392825,0.392825,0.392825,SoftPrerequisiteOrderConstraint,CONSTRAINT,0.000000,0.100000,-0.000000
apertado,ga,6,p_g,2,2,0.000000,0.000000,-0.270075,syllabusMastery,OBJECTIVE,0.011385,0.500000,0.005692
apertado,ga,6,p_g,2,2,0.000000,0.000000,-0.270075,retention,OBJECTIVE,0.009852,0.300000,0.002956
apertado,ga,6,p_g,2,2,0.000000,0.000000,-0.270075,dailyLoadBudget,OBJECTIVE,1.000000,0.200000,0.200000
apertado,ga,6,p_g,2,2,0.000000,0.000000,-0.270075,MinimumDaysConstraint,CONSTRAINT,0.957447,0.500000,-0.478723
apertado,ga,6,p_g,2,2,0.000000,0.000000,-0.270075,MandatoryReviewConstraint,CONSTRAINT,0.000000,0.500000,-0.000000
apertado,ga,6,p_g,2,2,0.000000,0.000000,-0.270075,SoftPrerequisiteOrderConstraint,CONSTRAINT,0.000000,0.100000,-0.000000
apertado,ga,6,p_0,0,0,NaN,NaN,NaN,syllabusMastery,OBJECTIVE,0.000000,0.500000,0.000000
apertado,ga,6,p_0,0,0,NaN,NaN,NaN,retention,OBJECTIVE,0.000000,0.300000,0.000000
apertado,ga,6,p_0,0,0,NaN,NaN,NaN,dailyLoadBudget,OBJECTIVE,NaN,0.200000,NaN
apertado,ga,6,p_0,0,0,NaN,NaN,NaN,MinimumDaysConstraint,CONSTRAINT,1.000000,0.500000,-0.500000
apertado,ga,6,p_0,0,0,NaN,NaN,NaN,MandatoryReviewConstraint,CONSTRAINT,0.000000,0.500000,-0.000000
apertado,ga,6,p_0,0,0,NaN,NaN,NaN,SoftPrerequisiteOrderConstraint,CONSTRAINT,0.000000,0.100000,-0.000000
apertado,ga-timeline,6,p_e,0,0,NaN,NaN,NaN,syllabusMastery,OBJECTIVE,0.000000,0.500000,0.000000
apertado,ga-timeline,6,p_e,0,0,NaN,NaN,NaN,retention,OBJECTIVE,0.000000,0.300000,0.000000
apertado,ga-timeline,6,p_e,0,0,NaN,NaN,NaN,dailyLoadBudget,OBJECTIVE,NaN,0.200000,NaN
apertado,ga-timeline,6,p_e,0,0,NaN,NaN,NaN,MinimumDaysConstraint,CONSTRAINT,1.000000,0.500000,-0.500000
apertado,ga-timeline,6,p_e,0,0,NaN,NaN,NaN,MandatoryReviewConstraint,CONSTRAINT,1.000000,0.500000,-0.500000
apertado,ga-timeline,6,p_e,0,0,NaN,NaN,NaN,SoftPrerequisiteOrderConstraint,CONSTRAINT,0.000000,0.100000,-0.000000
apertado,ga-timeline,6,p_g,2,2,-0.770075,0.000000,-0.770075,syllabusMastery,OBJECTIVE,0.011385,0.500000,0.005692
apertado,ga-timeline,6,p_g,2,2,-0.770075,0.000000,-0.770075,retention,OBJECTIVE,0.009852,0.300000,0.002956
apertado,ga-timeline,6,p_g,2,2,-0.770075,0.000000,-0.770075,dailyLoadBudget,OBJECTIVE,1.000000,0.200000,0.200000
apertado,ga-timeline,6,p_g,2,2,-0.770075,0.000000,-0.770075,MinimumDaysConstraint,CONSTRAINT,0.957447,0.500000,-0.478723
apertado,ga-timeline,6,p_g,2,2,-0.770075,0.000000,-0.770075,MandatoryReviewConstraint,CONSTRAINT,1.000000,0.500000,-0.500000
apertado,ga-timeline,6,p_g,2,2,-0.770075,0.000000,-0.770075,SoftPrerequisiteOrderConstraint,CONSTRAINT,0.000000,0.100000,-0.000000
apertado,ga-timeline,6,p_0,0,0,NaN,NaN,NaN,syllabusMastery,OBJECTIVE,0.000000,0.500000,0.000000
apertado,ga-timeline,6,p_0,0,0,NaN,NaN,NaN,retention,OBJECTIVE,0.000000,0.300000,0.000000
apertado,ga-timeline,6,p_0,0,0,NaN,NaN,NaN,dailyLoadBudget,OBJECTIVE,NaN,0.200000,NaN
apertado,ga-timeline,6,p_0,0,0,NaN,NaN,NaN,MinimumDaysConstraint,CONSTRAINT,1.000000,0.500000,-0.500000
apertado,ga-timeline,6,p_0,0,0,NaN,NaN,NaN,MandatoryReviewConstraint,CONSTRAINT,1.000000,0.500000,-0.500000
apertado,ga-timeline,6,p_0,0,0,NaN,NaN,NaN,SoftPrerequisiteOrderConstraint,CONSTRAINT,0.000000,0.100000,-0.000000
apertado,ga,7,p_e,35,47,0.392825,0.392825,0.392825,syllabusMastery,OBJECTIVE,0.166142,0.500000,0.083071
apertado,ga,7,p_e,35,47,0.392825,0.392825,0.392825,retention,OBJECTIVE,0.365846,0.300000,0.109754
apertado,ga,7,p_e,35,47,0.392825,0.392825,0.392825,dailyLoadBudget,OBJECTIVE,1.000000,0.200000,0.200000
apertado,ga,7,p_e,35,47,0.392825,0.392825,0.392825,MinimumDaysConstraint,CONSTRAINT,0.000000,0.500000,-0.000000
apertado,ga,7,p_e,35,47,0.392825,0.392825,0.392825,MandatoryReviewConstraint,CONSTRAINT,0.000000,0.500000,-0.000000
apertado,ga,7,p_e,35,47,0.392825,0.392825,0.392825,SoftPrerequisiteOrderConstraint,CONSTRAINT,0.000000,0.100000,-0.000000
apertado,ga,7,p_g,2,2,0.000000,0.000000,-0.270075,syllabusMastery,OBJECTIVE,0.011385,0.500000,0.005692
apertado,ga,7,p_g,2,2,0.000000,0.000000,-0.270075,retention,OBJECTIVE,0.009852,0.300000,0.002956
apertado,ga,7,p_g,2,2,0.000000,0.000000,-0.270075,dailyLoadBudget,OBJECTIVE,1.000000,0.200000,0.200000
apertado,ga,7,p_g,2,2,0.000000,0.000000,-0.270075,MinimumDaysConstraint,CONSTRAINT,0.957447,0.500000,-0.478723
apertado,ga,7,p_g,2,2,0.000000,0.000000,-0.270075,MandatoryReviewConstraint,CONSTRAINT,0.000000,0.500000,-0.000000
apertado,ga,7,p_g,2,2,0.000000,0.000000,-0.270075,SoftPrerequisiteOrderConstraint,CONSTRAINT,0.000000,0.100000,-0.000000
apertado,ga,7,p_0,0,0,NaN,NaN,NaN,syllabusMastery,OBJECTIVE,0.000000,0.500000,0.000000
apertado,ga,7,p_0,0,0,NaN,NaN,NaN,retention,OBJECTIVE,0.000000,0.300000,0.000000
apertado,ga,7,p_0,0,0,NaN,NaN,NaN,dailyLoadBudget,OBJECTIVE,NaN,0.200000,NaN
apertado,ga,7,p_0,0,0,NaN,NaN,NaN,MinimumDaysConstraint,CONSTRAINT,1.000000,0.500000,-0.500000
apertado,ga,7,p_0,0,0,NaN,NaN,NaN,MandatoryReviewConstraint,CONSTRAINT,0.000000,0.500000,-0.000000
apertado,ga,7,p_0,0,0,NaN,NaN,NaN,SoftPrerequisiteOrderConstraint,CONSTRAINT,0.000000,0.100000,-0.000000
apertado,ga-timeline,7,p_e,0,0,NaN,NaN,NaN,syllabusMastery,OBJECTIVE,0.000000,0.500000,0.000000
apertado,ga-timeline,7,p_e,0,0,NaN,NaN,NaN,retention,OBJECTIVE,0.000000,0.300000,0.000000
apertado,ga-timeline,7,p_e,0,0,NaN,NaN,NaN,dailyLoadBudget,OBJECTIVE,NaN,0.200000,NaN
apertado,ga-timeline,7,p_e,0,0,NaN,NaN,NaN,MinimumDaysConstraint,CONSTRAINT,1.000000,0.500000,-0.500000
apertado,ga-timeline,7,p_e,0,0,NaN,NaN,NaN,MandatoryReviewConstraint,CONSTRAINT,1.000000,0.500000,-0.500000
apertado,ga-timeline,7,p_e,0,0,NaN,NaN,NaN,SoftPrerequisiteOrderConstraint,CONSTRAINT,0.000000,0.100000,-0.000000
apertado,ga-timeline,7,p_g,2,2,-0.770075,0.000000,-0.770075,syllabusMastery,OBJECTIVE,0.011385,0.500000,0.005692
apertado,ga-timeline,7,p_g,2,2,-0.770075,0.000000,-0.770075,retention,OBJECTIVE,0.009852,0.300000,0.002956
apertado,ga-timeline,7,p_g,2,2,-0.770075,0.000000,-0.770075,dailyLoadBudget,OBJECTIVE,1.000000,0.200000,0.200000
apertado,ga-timeline,7,p_g,2,2,-0.770075,0.000000,-0.770075,MinimumDaysConstraint,CONSTRAINT,0.957447,0.500000,-0.478723
apertado,ga-timeline,7,p_g,2,2,-0.770075,0.000000,-0.770075,MandatoryReviewConstraint,CONSTRAINT,1.000000,0.500000,-0.500000
apertado,ga-timeline,7,p_g,2,2,-0.770075,0.000000,-0.770075,SoftPrerequisiteOrderConstraint,CONSTRAINT,0.000000,0.100000,-0.000000
apertado,ga-timeline,7,p_0,0,0,NaN,NaN,NaN,syllabusMastery,OBJECTIVE,0.000000,0.500000,0.000000
apertado,ga-timeline,7,p_0,0,0,NaN,NaN,NaN,retention,OBJECTIVE,0.000000,0.300000,0.000000
apertado,ga-timeline,7,p_0,0,0,NaN,NaN,NaN,dailyLoadBudget,OBJECTIVE,NaN,0.200000,NaN
apertado,ga-timeline,7,p_0,0,0,NaN,NaN,NaN,MinimumDaysConstraint,CONSTRAINT,1.000000,0.500000,-0.500000
apertado,ga-timeline,7,p_0,0,0,NaN,NaN,NaN,MandatoryReviewConstraint,CONSTRAINT,1.000000,0.500000,-0.500000
apertado,ga-timeline,7,p_0,0,0,NaN,NaN,NaN,SoftPrerequisiteOrderConstraint,CONSTRAINT,0.000000,0.100000,-0.000000
apertado,ga,8,p_e,35,47,0.392825,0.392825,0.392825,syllabusMastery,OBJECTIVE,0.166142,0.500000,0.083071
apertado,ga,8,p_e,35,47,0.392825,0.392825,0.392825,retention,OBJECTIVE,0.365846,0.300000,0.109754
apertado,ga,8,p_e,35,47,0.392825,0.392825,0.392825,dailyLoadBudget,OBJECTIVE,1.000000,0.200000,0.200000
apertado,ga,8,p_e,35,47,0.392825,0.392825,0.392825,MinimumDaysConstraint,CONSTRAINT,0.000000,0.500000,-0.000000
apertado,ga,8,p_e,35,47,0.392825,0.392825,0.392825,MandatoryReviewConstraint,CONSTRAINT,0.000000,0.500000,-0.000000
apertado,ga,8,p_e,35,47,0.392825,0.392825,0.392825,SoftPrerequisiteOrderConstraint,CONSTRAINT,0.000000,0.100000,-0.000000
apertado,ga,8,p_g,2,2,0.000000,0.000000,-0.270075,syllabusMastery,OBJECTIVE,0.011385,0.500000,0.005692
apertado,ga,8,p_g,2,2,0.000000,0.000000,-0.270075,retention,OBJECTIVE,0.009852,0.300000,0.002956
apertado,ga,8,p_g,2,2,0.000000,0.000000,-0.270075,dailyLoadBudget,OBJECTIVE,1.000000,0.200000,0.200000
apertado,ga,8,p_g,2,2,0.000000,0.000000,-0.270075,MinimumDaysConstraint,CONSTRAINT,0.957447,0.500000,-0.478723
apertado,ga,8,p_g,2,2,0.000000,0.000000,-0.270075,MandatoryReviewConstraint,CONSTRAINT,0.000000,0.500000,-0.000000
apertado,ga,8,p_g,2,2,0.000000,0.000000,-0.270075,SoftPrerequisiteOrderConstraint,CONSTRAINT,0.000000,0.100000,-0.000000
apertado,ga,8,p_0,0,0,NaN,NaN,NaN,syllabusMastery,OBJECTIVE,0.000000,0.500000,0.000000
apertado,ga,8,p_0,0,0,NaN,NaN,NaN,retention,OBJECTIVE,0.000000,0.300000,0.000000
apertado,ga,8,p_0,0,0,NaN,NaN,NaN,dailyLoadBudget,OBJECTIVE,NaN,0.200000,NaN
apertado,ga,8,p_0,0,0,NaN,NaN,NaN,MinimumDaysConstraint,CONSTRAINT,1.000000,0.500000,-0.500000
apertado,ga,8,p_0,0,0,NaN,NaN,NaN,MandatoryReviewConstraint,CONSTRAINT,0.000000,0.500000,-0.000000
apertado,ga,8,p_0,0,0,NaN,NaN,NaN,SoftPrerequisiteOrderConstraint,CONSTRAINT,0.000000,0.100000,-0.000000
apertado,ga-timeline,8,p_e,0,0,NaN,NaN,NaN,syllabusMastery,OBJECTIVE,0.000000,0.500000,0.000000
apertado,ga-timeline,8,p_e,0,0,NaN,NaN,NaN,retention,OBJECTIVE,0.000000,0.300000,0.000000
apertado,ga-timeline,8,p_e,0,0,NaN,NaN,NaN,dailyLoadBudget,OBJECTIVE,NaN,0.200000,NaN
apertado,ga-timeline,8,p_e,0,0,NaN,NaN,NaN,MinimumDaysConstraint,CONSTRAINT,1.000000,0.500000,-0.500000
apertado,ga-timeline,8,p_e,0,0,NaN,NaN,NaN,MandatoryReviewConstraint,CONSTRAINT,1.000000,0.500000,-0.500000
apertado,ga-timeline,8,p_e,0,0,NaN,NaN,NaN,SoftPrerequisiteOrderConstraint,CONSTRAINT,0.000000,0.100000,-0.000000
apertado,ga-timeline,8,p_g,2,2,-0.770075,0.000000,-0.770075,syllabusMastery,OBJECTIVE,0.011385,0.500000,0.005692
apertado,ga-timeline,8,p_g,2,2,-0.770075,0.000000,-0.770075,retention,OBJECTIVE,0.009852,0.300000,0.002956
apertado,ga-timeline,8,p_g,2,2,-0.770075,0.000000,-0.770075,dailyLoadBudget,OBJECTIVE,1.000000,0.200000,0.200000
apertado,ga-timeline,8,p_g,2,2,-0.770075,0.000000,-0.770075,MinimumDaysConstraint,CONSTRAINT,0.957447,0.500000,-0.478723
apertado,ga-timeline,8,p_g,2,2,-0.770075,0.000000,-0.770075,MandatoryReviewConstraint,CONSTRAINT,1.000000,0.500000,-0.500000
apertado,ga-timeline,8,p_g,2,2,-0.770075,0.000000,-0.770075,SoftPrerequisiteOrderConstraint,CONSTRAINT,0.000000,0.100000,-0.000000
apertado,ga-timeline,8,p_0,0,0,NaN,NaN,NaN,syllabusMastery,OBJECTIVE,0.000000,0.500000,0.000000
apertado,ga-timeline,8,p_0,0,0,NaN,NaN,NaN,retention,OBJECTIVE,0.000000,0.300000,0.000000
apertado,ga-timeline,8,p_0,0,0,NaN,NaN,NaN,dailyLoadBudget,OBJECTIVE,NaN,0.200000,NaN
apertado,ga-timeline,8,p_0,0,0,NaN,NaN,NaN,MinimumDaysConstraint,CONSTRAINT,1.000000,0.500000,-0.500000
apertado,ga-timeline,8,p_0,0,0,NaN,NaN,NaN,MandatoryReviewConstraint,CONSTRAINT,1.000000,0.500000,-0.500000
apertado,ga-timeline,8,p_0,0,0,NaN,NaN,NaN,SoftPrerequisiteOrderConstraint,CONSTRAINT,0.000000,0.100000,-0.000000
apertado,ga,9,p_e,35,47,0.392825,0.392825,0.392825,syllabusMastery,OBJECTIVE,0.166142,0.500000,0.083071
apertado,ga,9,p_e,35,47,0.392825,0.392825,0.392825,retention,OBJECTIVE,0.365846,0.300000,0.109754
apertado,ga,9,p_e,35,47,0.392825,0.392825,0.392825,dailyLoadBudget,OBJECTIVE,1.000000,0.200000,0.200000
apertado,ga,9,p_e,35,47,0.392825,0.392825,0.392825,MinimumDaysConstraint,CONSTRAINT,0.000000,0.500000,-0.000000
apertado,ga,9,p_e,35,47,0.392825,0.392825,0.392825,MandatoryReviewConstraint,CONSTRAINT,0.000000,0.500000,-0.000000
apertado,ga,9,p_e,35,47,0.392825,0.392825,0.392825,SoftPrerequisiteOrderConstraint,CONSTRAINT,0.000000,0.100000,-0.000000
apertado,ga,9,p_g,2,2,0.000000,0.000000,-0.270075,syllabusMastery,OBJECTIVE,0.011385,0.500000,0.005692
apertado,ga,9,p_g,2,2,0.000000,0.000000,-0.270075,retention,OBJECTIVE,0.009852,0.300000,0.002956
apertado,ga,9,p_g,2,2,0.000000,0.000000,-0.270075,dailyLoadBudget,OBJECTIVE,1.000000,0.200000,0.200000
apertado,ga,9,p_g,2,2,0.000000,0.000000,-0.270075,MinimumDaysConstraint,CONSTRAINT,0.957447,0.500000,-0.478723
apertado,ga,9,p_g,2,2,0.000000,0.000000,-0.270075,MandatoryReviewConstraint,CONSTRAINT,0.000000,0.500000,-0.000000
apertado,ga,9,p_g,2,2,0.000000,0.000000,-0.270075,SoftPrerequisiteOrderConstraint,CONSTRAINT,0.000000,0.100000,-0.000000
apertado,ga,9,p_0,0,0,NaN,NaN,NaN,syllabusMastery,OBJECTIVE,0.000000,0.500000,0.000000
apertado,ga,9,p_0,0,0,NaN,NaN,NaN,retention,OBJECTIVE,0.000000,0.300000,0.000000
apertado,ga,9,p_0,0,0,NaN,NaN,NaN,dailyLoadBudget,OBJECTIVE,NaN,0.200000,NaN
apertado,ga,9,p_0,0,0,NaN,NaN,NaN,MinimumDaysConstraint,CONSTRAINT,1.000000,0.500000,-0.500000
apertado,ga,9,p_0,0,0,NaN,NaN,NaN,MandatoryReviewConstraint,CONSTRAINT,0.000000,0.500000,-0.000000
apertado,ga,9,p_0,0,0,NaN,NaN,NaN,SoftPrerequisiteOrderConstraint,CONSTRAINT,0.000000,0.100000,-0.000000
apertado,ga-timeline,9,p_e,0,0,NaN,NaN,NaN,syllabusMastery,OBJECTIVE,0.000000,0.500000,0.000000
apertado,ga-timeline,9,p_e,0,0,NaN,NaN,NaN,retention,OBJECTIVE,0.000000,0.300000,0.000000
apertado,ga-timeline,9,p_e,0,0,NaN,NaN,NaN,dailyLoadBudget,OBJECTIVE,NaN,0.200000,NaN
apertado,ga-timeline,9,p_e,0,0,NaN,NaN,NaN,MinimumDaysConstraint,CONSTRAINT,1.000000,0.500000,-0.500000
apertado,ga-timeline,9,p_e,0,0,NaN,NaN,NaN,MandatoryReviewConstraint,CONSTRAINT,1.000000,0.500000,-0.500000
apertado,ga-timeline,9,p_e,0,0,NaN,NaN,NaN,SoftPrerequisiteOrderConstraint,CONSTRAINT,0.000000,0.100000,-0.000000
apertado,ga-timeline,9,p_g,2,2,-0.770075,0.000000,-0.770075,syllabusMastery,OBJECTIVE,0.011385,0.500000,0.005692
apertado,ga-timeline,9,p_g,2,2,-0.770075,0.000000,-0.770075,retention,OBJECTIVE,0.009852,0.300000,0.002956
apertado,ga-timeline,9,p_g,2,2,-0.770075,0.000000,-0.770075,dailyLoadBudget,OBJECTIVE,1.000000,0.200000,0.200000
apertado,ga-timeline,9,p_g,2,2,-0.770075,0.000000,-0.770075,MinimumDaysConstraint,CONSTRAINT,0.957447,0.500000,-0.478723
apertado,ga-timeline,9,p_g,2,2,-0.770075,0.000000,-0.770075,MandatoryReviewConstraint,CONSTRAINT,1.000000,0.500000,-0.500000
apertado,ga-timeline,9,p_g,2,2,-0.770075,0.000000,-0.770075,SoftPrerequisiteOrderConstraint,CONSTRAINT,0.000000,0.100000,-0.000000
apertado,ga-timeline,9,p_0,0,0,NaN,NaN,NaN,syllabusMastery,OBJECTIVE,0.000000,0.500000,0.000000
apertado,ga-timeline,9,p_0,0,0,NaN,NaN,NaN,retention,OBJECTIVE,0.000000,0.300000,0.000000
apertado,ga-timeline,9,p_0,0,0,NaN,NaN,NaN,dailyLoadBudget,OBJECTIVE,NaN,0.200000,NaN
apertado,ga-timeline,9,p_0,0,0,NaN,NaN,NaN,MinimumDaysConstraint,CONSTRAINT,1.000000,0.500000,-0.500000
apertado,ga-timeline,9,p_0,0,0,NaN,NaN,NaN,MandatoryReviewConstraint,CONSTRAINT,1.000000,0.500000,-0.500000
apertado,ga-timeline,9,p_0,0,0,NaN,NaN,NaN,SoftPrerequisiteOrderConstraint,CONSTRAINT,0.000000,0.100000,-0.000000
apertado,ga,10,p_e,35,47,0.392825,0.392825,0.392825,syllabusMastery,OBJECTIVE,0.166142,0.500000,0.083071
apertado,ga,10,p_e,35,47,0.392825,0.392825,0.392825,retention,OBJECTIVE,0.365846,0.300000,0.109754
apertado,ga,10,p_e,35,47,0.392825,0.392825,0.392825,dailyLoadBudget,OBJECTIVE,1.000000,0.200000,0.200000
apertado,ga,10,p_e,35,47,0.392825,0.392825,0.392825,MinimumDaysConstraint,CONSTRAINT,0.000000,0.500000,-0.000000
apertado,ga,10,p_e,35,47,0.392825,0.392825,0.392825,MandatoryReviewConstraint,CONSTRAINT,0.000000,0.500000,-0.000000
apertado,ga,10,p_e,35,47,0.392825,0.392825,0.392825,SoftPrerequisiteOrderConstraint,CONSTRAINT,0.000000,0.100000,-0.000000
apertado,ga,10,p_g,2,2,0.000000,0.000000,-0.270075,syllabusMastery,OBJECTIVE,0.011385,0.500000,0.005692
apertado,ga,10,p_g,2,2,0.000000,0.000000,-0.270075,retention,OBJECTIVE,0.009852,0.300000,0.002956
apertado,ga,10,p_g,2,2,0.000000,0.000000,-0.270075,dailyLoadBudget,OBJECTIVE,1.000000,0.200000,0.200000
apertado,ga,10,p_g,2,2,0.000000,0.000000,-0.270075,MinimumDaysConstraint,CONSTRAINT,0.957447,0.500000,-0.478723
apertado,ga,10,p_g,2,2,0.000000,0.000000,-0.270075,MandatoryReviewConstraint,CONSTRAINT,0.000000,0.500000,-0.000000
apertado,ga,10,p_g,2,2,0.000000,0.000000,-0.270075,SoftPrerequisiteOrderConstraint,CONSTRAINT,0.000000,0.100000,-0.000000
apertado,ga,10,p_0,0,0,NaN,NaN,NaN,syllabusMastery,OBJECTIVE,0.000000,0.500000,0.000000
apertado,ga,10,p_0,0,0,NaN,NaN,NaN,retention,OBJECTIVE,0.000000,0.300000,0.000000
apertado,ga,10,p_0,0,0,NaN,NaN,NaN,dailyLoadBudget,OBJECTIVE,NaN,0.200000,NaN
apertado,ga,10,p_0,0,0,NaN,NaN,NaN,MinimumDaysConstraint,CONSTRAINT,1.000000,0.500000,-0.500000
apertado,ga,10,p_0,0,0,NaN,NaN,NaN,MandatoryReviewConstraint,CONSTRAINT,0.000000,0.500000,-0.000000
apertado,ga,10,p_0,0,0,NaN,NaN,NaN,SoftPrerequisiteOrderConstraint,CONSTRAINT,0.000000,0.100000,-0.000000
apertado,ga-timeline,10,p_e,0,0,NaN,NaN,NaN,syllabusMastery,OBJECTIVE,0.000000,0.500000,0.000000
apertado,ga-timeline,10,p_e,0,0,NaN,NaN,NaN,retention,OBJECTIVE,0.000000,0.300000,0.000000
apertado,ga-timeline,10,p_e,0,0,NaN,NaN,NaN,dailyLoadBudget,OBJECTIVE,NaN,0.200000,NaN
apertado,ga-timeline,10,p_e,0,0,NaN,NaN,NaN,MinimumDaysConstraint,CONSTRAINT,1.000000,0.500000,-0.500000
apertado,ga-timeline,10,p_e,0,0,NaN,NaN,NaN,MandatoryReviewConstraint,CONSTRAINT,1.000000,0.500000,-0.500000
apertado,ga-timeline,10,p_e,0,0,NaN,NaN,NaN,SoftPrerequisiteOrderConstraint,CONSTRAINT,0.000000,0.100000,-0.000000
apertado,ga-timeline,10,p_g,2,2,-0.770075,0.000000,-0.770075,syllabusMastery,OBJECTIVE,0.011385,0.500000,0.005692
apertado,ga-timeline,10,p_g,2,2,-0.770075,0.000000,-0.770075,retention,OBJECTIVE,0.009852,0.300000,0.002956
apertado,ga-timeline,10,p_g,2,2,-0.770075,0.000000,-0.770075,dailyLoadBudget,OBJECTIVE,1.000000,0.200000,0.200000
apertado,ga-timeline,10,p_g,2,2,-0.770075,0.000000,-0.770075,MinimumDaysConstraint,CONSTRAINT,0.957447,0.500000,-0.478723
apertado,ga-timeline,10,p_g,2,2,-0.770075,0.000000,-0.770075,MandatoryReviewConstraint,CONSTRAINT,1.000000,0.500000,-0.500000
apertado,ga-timeline,10,p_g,2,2,-0.770075,0.000000,-0.770075,SoftPrerequisiteOrderConstraint,CONSTRAINT,0.000000,0.100000,-0.000000
apertado,ga-timeline,10,p_0,0,0,NaN,NaN,NaN,syllabusMastery,OBJECTIVE,0.000000,0.500000,0.000000
apertado,ga-timeline,10,p_0,0,0,NaN,NaN,NaN,retention,OBJECTIVE,0.000000,0.300000,0.000000
apertado,ga-timeline,10,p_0,0,0,NaN,NaN,NaN,dailyLoadBudget,OBJECTIVE,NaN,0.200000,NaN
apertado,ga-timeline,10,p_0,0,0,NaN,NaN,NaN,MinimumDaysConstraint,CONSTRAINT,1.000000,0.500000,-0.500000
apertado,ga-timeline,10,p_0,0,0,NaN,NaN,NaN,MandatoryReviewConstraint,CONSTRAINT,1.000000,0.500000,-0.500000
apertado,ga-timeline,10,p_0,0,0,NaN,NaN,NaN,SoftPrerequisiteOrderConstraint,CONSTRAINT,0.000000,0.100000,-0.000000
medio,ga,1,p_e,35,47,0.392825,0.392825,0.392825,syllabusMastery,OBJECTIVE,0.166142,0.500000,0.083071
medio,ga,1,p_e,35,47,0.392825,0.392825,0.392825,retention,OBJECTIVE,0.365846,0.300000,0.109754
medio,ga,1,p_e,35,47,0.392825,0.392825,0.392825,dailyLoadBudget,OBJECTIVE,1.000000,0.200000,0.200000
medio,ga,1,p_e,35,47,0.392825,0.392825,0.392825,MinimumDaysConstraint,CONSTRAINT,0.000000,0.500000,-0.000000
medio,ga,1,p_e,35,47,0.392825,0.392825,0.392825,MandatoryReviewConstraint,CONSTRAINT,0.000000,0.500000,-0.000000
medio,ga,1,p_e,35,47,0.392825,0.392825,0.392825,SoftPrerequisiteOrderConstraint,CONSTRAINT,0.000000,0.100000,-0.000000
medio,ga,1,p_g,15,15,0.000000,0.000000,-0.078501,syllabusMastery,OBJECTIVE,0.062765,0.500000,0.031382
medio,ga,1,p_g,15,15,0.000000,0.000000,-0.078501,retention,OBJECTIVE,0.101806,0.300000,0.030542
medio,ga,1,p_g,15,15,0.000000,0.000000,-0.078501,dailyLoadBudget,OBJECTIVE,1.000000,0.200000,0.200000
medio,ga,1,p_g,15,15,0.000000,0.000000,-0.078501,MinimumDaysConstraint,CONSTRAINT,0.680851,0.500000,-0.340426
medio,ga,1,p_g,15,15,0.000000,0.000000,-0.078501,MandatoryReviewConstraint,CONSTRAINT,0.000000,0.500000,-0.000000
medio,ga,1,p_g,15,15,0.000000,0.000000,-0.078501,SoftPrerequisiteOrderConstraint,CONSTRAINT,0.000000,0.100000,-0.000000
medio,ga,1,p_0,0,0,NaN,NaN,NaN,syllabusMastery,OBJECTIVE,0.000000,0.500000,0.000000
medio,ga,1,p_0,0,0,NaN,NaN,NaN,retention,OBJECTIVE,0.000000,0.300000,0.000000
medio,ga,1,p_0,0,0,NaN,NaN,NaN,dailyLoadBudget,OBJECTIVE,NaN,0.200000,NaN
medio,ga,1,p_0,0,0,NaN,NaN,NaN,MinimumDaysConstraint,CONSTRAINT,1.000000,0.500000,-0.500000
medio,ga,1,p_0,0,0,NaN,NaN,NaN,MandatoryReviewConstraint,CONSTRAINT,0.000000,0.500000,-0.000000
medio,ga,1,p_0,0,0,NaN,NaN,NaN,SoftPrerequisiteOrderConstraint,CONSTRAINT,0.000000,0.100000,-0.000000
medio,ga-timeline,1,p_e,0,0,NaN,NaN,NaN,syllabusMastery,OBJECTIVE,0.000000,0.500000,0.000000
medio,ga-timeline,1,p_e,0,0,NaN,NaN,NaN,retention,OBJECTIVE,0.000000,0.300000,0.000000
medio,ga-timeline,1,p_e,0,0,NaN,NaN,NaN,dailyLoadBudget,OBJECTIVE,NaN,0.200000,NaN
medio,ga-timeline,1,p_e,0,0,NaN,NaN,NaN,MinimumDaysConstraint,CONSTRAINT,1.000000,0.500000,-0.500000
medio,ga-timeline,1,p_e,0,0,NaN,NaN,NaN,MandatoryReviewConstraint,CONSTRAINT,1.000000,0.500000,-0.500000
medio,ga-timeline,1,p_e,0,0,NaN,NaN,NaN,SoftPrerequisiteOrderConstraint,CONSTRAINT,0.000000,0.100000,-0.000000
medio,ga-timeline,1,p_g,15,15,-0.587592,0.000000,-0.587592,syllabusMastery,OBJECTIVE,0.062765,0.500000,0.031382
medio,ga-timeline,1,p_g,15,15,-0.587592,0.000000,-0.587592,retention,OBJECTIVE,0.101806,0.300000,0.030542
medio,ga-timeline,1,p_g,15,15,-0.587592,0.000000,-0.587592,dailyLoadBudget,OBJECTIVE,1.000000,0.200000,0.200000
medio,ga-timeline,1,p_g,15,15,-0.587592,0.000000,-0.587592,MinimumDaysConstraint,CONSTRAINT,0.680851,0.500000,-0.340426
medio,ga-timeline,1,p_g,15,15,-0.587592,0.000000,-0.587592,MandatoryReviewConstraint,CONSTRAINT,1.000000,0.500000,-0.500000
medio,ga-timeline,1,p_g,15,15,-0.587592,0.000000,-0.587592,SoftPrerequisiteOrderConstraint,CONSTRAINT,0.090909,0.100000,-0.009091
medio,ga-timeline,1,p_0,0,0,NaN,NaN,NaN,syllabusMastery,OBJECTIVE,0.000000,0.500000,0.000000
medio,ga-timeline,1,p_0,0,0,NaN,NaN,NaN,retention,OBJECTIVE,0.000000,0.300000,0.000000
medio,ga-timeline,1,p_0,0,0,NaN,NaN,NaN,dailyLoadBudget,OBJECTIVE,NaN,0.200000,NaN
medio,ga-timeline,1,p_0,0,0,NaN,NaN,NaN,MinimumDaysConstraint,CONSTRAINT,1.000000,0.500000,-0.500000
medio,ga-timeline,1,p_0,0,0,NaN,NaN,NaN,MandatoryReviewConstraint,CONSTRAINT,1.000000,0.500000,-0.500000
medio,ga-timeline,1,p_0,0,0,NaN,NaN,NaN,SoftPrerequisiteOrderConstraint,CONSTRAINT,0.000000,0.100000,-0.000000
medio,ga,2,p_e,35,47,0.392825,0.392825,0.392825,syllabusMastery,OBJECTIVE,0.166142,0.500000,0.083071
medio,ga,2,p_e,35,47,0.392825,0.392825,0.392825,retention,OBJECTIVE,0.365846,0.300000,0.109754
medio,ga,2,p_e,35,47,0.392825,0.392825,0.392825,dailyLoadBudget,OBJECTIVE,1.000000,0.200000,0.200000
medio,ga,2,p_e,35,47,0.392825,0.392825,0.392825,MinimumDaysConstraint,CONSTRAINT,0.000000,0.500000,-0.000000
medio,ga,2,p_e,35,47,0.392825,0.392825,0.392825,MandatoryReviewConstraint,CONSTRAINT,0.000000,0.500000,-0.000000
medio,ga,2,p_e,35,47,0.392825,0.392825,0.392825,SoftPrerequisiteOrderConstraint,CONSTRAINT,0.000000,0.100000,-0.000000
medio,ga,2,p_g,15,15,0.000000,0.000000,-0.078501,syllabusMastery,OBJECTIVE,0.062765,0.500000,0.031382
medio,ga,2,p_g,15,15,0.000000,0.000000,-0.078501,retention,OBJECTIVE,0.101806,0.300000,0.030542
medio,ga,2,p_g,15,15,0.000000,0.000000,-0.078501,dailyLoadBudget,OBJECTIVE,1.000000,0.200000,0.200000
medio,ga,2,p_g,15,15,0.000000,0.000000,-0.078501,MinimumDaysConstraint,CONSTRAINT,0.680851,0.500000,-0.340426
medio,ga,2,p_g,15,15,0.000000,0.000000,-0.078501,MandatoryReviewConstraint,CONSTRAINT,0.000000,0.500000,-0.000000
medio,ga,2,p_g,15,15,0.000000,0.000000,-0.078501,SoftPrerequisiteOrderConstraint,CONSTRAINT,0.000000,0.100000,-0.000000
medio,ga,2,p_0,0,0,NaN,NaN,NaN,syllabusMastery,OBJECTIVE,0.000000,0.500000,0.000000
medio,ga,2,p_0,0,0,NaN,NaN,NaN,retention,OBJECTIVE,0.000000,0.300000,0.000000
medio,ga,2,p_0,0,0,NaN,NaN,NaN,dailyLoadBudget,OBJECTIVE,NaN,0.200000,NaN
medio,ga,2,p_0,0,0,NaN,NaN,NaN,MinimumDaysConstraint,CONSTRAINT,1.000000,0.500000,-0.500000
medio,ga,2,p_0,0,0,NaN,NaN,NaN,MandatoryReviewConstraint,CONSTRAINT,0.000000,0.500000,-0.000000
medio,ga,2,p_0,0,0,NaN,NaN,NaN,SoftPrerequisiteOrderConstraint,CONSTRAINT,0.000000,0.100000,-0.000000
medio,ga-timeline,2,p_e,0,0,NaN,NaN,NaN,syllabusMastery,OBJECTIVE,0.000000,0.500000,0.000000
medio,ga-timeline,2,p_e,0,0,NaN,NaN,NaN,retention,OBJECTIVE,0.000000,0.300000,0.000000
medio,ga-timeline,2,p_e,0,0,NaN,NaN,NaN,dailyLoadBudget,OBJECTIVE,NaN,0.200000,NaN
medio,ga-timeline,2,p_e,0,0,NaN,NaN,NaN,MinimumDaysConstraint,CONSTRAINT,1.000000,0.500000,-0.500000
medio,ga-timeline,2,p_e,0,0,NaN,NaN,NaN,MandatoryReviewConstraint,CONSTRAINT,1.000000,0.500000,-0.500000
medio,ga-timeline,2,p_e,0,0,NaN,NaN,NaN,SoftPrerequisiteOrderConstraint,CONSTRAINT,0.000000,0.100000,-0.000000
medio,ga-timeline,2,p_g,15,15,-0.587592,0.000000,-0.587592,syllabusMastery,OBJECTIVE,0.062765,0.500000,0.031382
medio,ga-timeline,2,p_g,15,15,-0.587592,0.000000,-0.587592,retention,OBJECTIVE,0.101806,0.300000,0.030542
medio,ga-timeline,2,p_g,15,15,-0.587592,0.000000,-0.587592,dailyLoadBudget,OBJECTIVE,1.000000,0.200000,0.200000
medio,ga-timeline,2,p_g,15,15,-0.587592,0.000000,-0.587592,MinimumDaysConstraint,CONSTRAINT,0.680851,0.500000,-0.340426
medio,ga-timeline,2,p_g,15,15,-0.587592,0.000000,-0.587592,MandatoryReviewConstraint,CONSTRAINT,1.000000,0.500000,-0.500000
medio,ga-timeline,2,p_g,15,15,-0.587592,0.000000,-0.587592,SoftPrerequisiteOrderConstraint,CONSTRAINT,0.090909,0.100000,-0.009091
medio,ga-timeline,2,p_0,0,0,NaN,NaN,NaN,syllabusMastery,OBJECTIVE,0.000000,0.500000,0.000000
medio,ga-timeline,2,p_0,0,0,NaN,NaN,NaN,retention,OBJECTIVE,0.000000,0.300000,0.000000
medio,ga-timeline,2,p_0,0,0,NaN,NaN,NaN,dailyLoadBudget,OBJECTIVE,NaN,0.200000,NaN
medio,ga-timeline,2,p_0,0,0,NaN,NaN,NaN,MinimumDaysConstraint,CONSTRAINT,1.000000,0.500000,-0.500000
medio,ga-timeline,2,p_0,0,0,NaN,NaN,NaN,MandatoryReviewConstraint,CONSTRAINT,1.000000,0.500000,-0.500000
medio,ga-timeline,2,p_0,0,0,NaN,NaN,NaN,SoftPrerequisiteOrderConstraint,CONSTRAINT,0.000000,0.100000,-0.000000
medio,ga,3,p_e,35,47,0.392825,0.392825,0.392825,syllabusMastery,OBJECTIVE,0.166142,0.500000,0.083071
medio,ga,3,p_e,35,47,0.392825,0.392825,0.392825,retention,OBJECTIVE,0.365846,0.300000,0.109754
medio,ga,3,p_e,35,47,0.392825,0.392825,0.392825,dailyLoadBudget,OBJECTIVE,1.000000,0.200000,0.200000
medio,ga,3,p_e,35,47,0.392825,0.392825,0.392825,MinimumDaysConstraint,CONSTRAINT,0.000000,0.500000,-0.000000
medio,ga,3,p_e,35,47,0.392825,0.392825,0.392825,MandatoryReviewConstraint,CONSTRAINT,0.000000,0.500000,-0.000000
medio,ga,3,p_e,35,47,0.392825,0.392825,0.392825,SoftPrerequisiteOrderConstraint,CONSTRAINT,0.000000,0.100000,-0.000000
medio,ga,3,p_g,15,15,0.000000,0.000000,-0.078501,syllabusMastery,OBJECTIVE,0.062765,0.500000,0.031382
medio,ga,3,p_g,15,15,0.000000,0.000000,-0.078501,retention,OBJECTIVE,0.101806,0.300000,0.030542
medio,ga,3,p_g,15,15,0.000000,0.000000,-0.078501,dailyLoadBudget,OBJECTIVE,1.000000,0.200000,0.200000
medio,ga,3,p_g,15,15,0.000000,0.000000,-0.078501,MinimumDaysConstraint,CONSTRAINT,0.680851,0.500000,-0.340426
medio,ga,3,p_g,15,15,0.000000,0.000000,-0.078501,MandatoryReviewConstraint,CONSTRAINT,0.000000,0.500000,-0.000000
medio,ga,3,p_g,15,15,0.000000,0.000000,-0.078501,SoftPrerequisiteOrderConstraint,CONSTRAINT,0.000000,0.100000,-0.000000
medio,ga,3,p_0,0,0,NaN,NaN,NaN,syllabusMastery,OBJECTIVE,0.000000,0.500000,0.000000
medio,ga,3,p_0,0,0,NaN,NaN,NaN,retention,OBJECTIVE,0.000000,0.300000,0.000000
medio,ga,3,p_0,0,0,NaN,NaN,NaN,dailyLoadBudget,OBJECTIVE,NaN,0.200000,NaN
medio,ga,3,p_0,0,0,NaN,NaN,NaN,MinimumDaysConstraint,CONSTRAINT,1.000000,0.500000,-0.500000
medio,ga,3,p_0,0,0,NaN,NaN,NaN,MandatoryReviewConstraint,CONSTRAINT,0.000000,0.500000,-0.000000
medio,ga,3,p_0,0,0,NaN,NaN,NaN,SoftPrerequisiteOrderConstraint,CONSTRAINT,0.000000,0.100000,-0.000000
medio,ga-timeline,3,p_e,0,0,NaN,NaN,NaN,syllabusMastery,OBJECTIVE,0.000000,0.500000,0.000000
medio,ga-timeline,3,p_e,0,0,NaN,NaN,NaN,retention,OBJECTIVE,0.000000,0.300000,0.000000
medio,ga-timeline,3,p_e,0,0,NaN,NaN,NaN,dailyLoadBudget,OBJECTIVE,NaN,0.200000,NaN
medio,ga-timeline,3,p_e,0,0,NaN,NaN,NaN,MinimumDaysConstraint,CONSTRAINT,1.000000,0.500000,-0.500000
medio,ga-timeline,3,p_e,0,0,NaN,NaN,NaN,MandatoryReviewConstraint,CONSTRAINT,1.000000,0.500000,-0.500000
medio,ga-timeline,3,p_e,0,0,NaN,NaN,NaN,SoftPrerequisiteOrderConstraint,CONSTRAINT,0.000000,0.100000,-0.000000
medio,ga-timeline,3,p_g,15,15,-0.587592,0.000000,-0.587592,syllabusMastery,OBJECTIVE,0.062765,0.500000,0.031382
medio,ga-timeline,3,p_g,15,15,-0.587592,0.000000,-0.587592,retention,OBJECTIVE,0.101806,0.300000,0.030542
medio,ga-timeline,3,p_g,15,15,-0.587592,0.000000,-0.587592,dailyLoadBudget,OBJECTIVE,1.000000,0.200000,0.200000
medio,ga-timeline,3,p_g,15,15,-0.587592,0.000000,-0.587592,MinimumDaysConstraint,CONSTRAINT,0.680851,0.500000,-0.340426
medio,ga-timeline,3,p_g,15,15,-0.587592,0.000000,-0.587592,MandatoryReviewConstraint,CONSTRAINT,1.000000,0.500000,-0.500000
medio,ga-timeline,3,p_g,15,15,-0.587592,0.000000,-0.587592,SoftPrerequisiteOrderConstraint,CONSTRAINT,0.090909,0.100000,-0.009091
medio,ga-timeline,3,p_0,0,0,NaN,NaN,NaN,syllabusMastery,OBJECTIVE,0.000000,0.500000,0.000000
medio,ga-timeline,3,p_0,0,0,NaN,NaN,NaN,retention,OBJECTIVE,0.000000,0.300000,0.000000
medio,ga-timeline,3,p_0,0,0,NaN,NaN,NaN,dailyLoadBudget,OBJECTIVE,NaN,0.200000,NaN
medio,ga-timeline,3,p_0,0,0,NaN,NaN,NaN,MinimumDaysConstraint,CONSTRAINT,1.000000,0.500000,-0.500000
medio,ga-timeline,3,p_0,0,0,NaN,NaN,NaN,MandatoryReviewConstraint,CONSTRAINT,1.000000,0.500000,-0.500000
medio,ga-timeline,3,p_0,0,0,NaN,NaN,NaN,SoftPrerequisiteOrderConstraint,CONSTRAINT,0.000000,0.100000,-0.000000
medio,ga,4,p_e,35,47,0.392825,0.392825,0.392825,syllabusMastery,OBJECTIVE,0.166142,0.500000,0.083071
medio,ga,4,p_e,35,47,0.392825,0.392825,0.392825,retention,OBJECTIVE,0.365846,0.300000,0.109754
medio,ga,4,p_e,35,47,0.392825,0.392825,0.392825,dailyLoadBudget,OBJECTIVE,1.000000,0.200000,0.200000
medio,ga,4,p_e,35,47,0.392825,0.392825,0.392825,MinimumDaysConstraint,CONSTRAINT,0.000000,0.500000,-0.000000
medio,ga,4,p_e,35,47,0.392825,0.392825,0.392825,MandatoryReviewConstraint,CONSTRAINT,0.000000,0.500000,-0.000000
medio,ga,4,p_e,35,47,0.392825,0.392825,0.392825,SoftPrerequisiteOrderConstraint,CONSTRAINT,0.000000,0.100000,-0.000000
medio,ga,4,p_g,15,15,0.000000,0.000000,-0.078501,syllabusMastery,OBJECTIVE,0.062765,0.500000,0.031382
medio,ga,4,p_g,15,15,0.000000,0.000000,-0.078501,retention,OBJECTIVE,0.101806,0.300000,0.030542
medio,ga,4,p_g,15,15,0.000000,0.000000,-0.078501,dailyLoadBudget,OBJECTIVE,1.000000,0.200000,0.200000
medio,ga,4,p_g,15,15,0.000000,0.000000,-0.078501,MinimumDaysConstraint,CONSTRAINT,0.680851,0.500000,-0.340426
medio,ga,4,p_g,15,15,0.000000,0.000000,-0.078501,MandatoryReviewConstraint,CONSTRAINT,0.000000,0.500000,-0.000000
medio,ga,4,p_g,15,15,0.000000,0.000000,-0.078501,SoftPrerequisiteOrderConstraint,CONSTRAINT,0.000000,0.100000,-0.000000
medio,ga,4,p_0,0,0,NaN,NaN,NaN,syllabusMastery,OBJECTIVE,0.000000,0.500000,0.000000
medio,ga,4,p_0,0,0,NaN,NaN,NaN,retention,OBJECTIVE,0.000000,0.300000,0.000000
medio,ga,4,p_0,0,0,NaN,NaN,NaN,dailyLoadBudget,OBJECTIVE,NaN,0.200000,NaN
medio,ga,4,p_0,0,0,NaN,NaN,NaN,MinimumDaysConstraint,CONSTRAINT,1.000000,0.500000,-0.500000
medio,ga,4,p_0,0,0,NaN,NaN,NaN,MandatoryReviewConstraint,CONSTRAINT,0.000000,0.500000,-0.000000
medio,ga,4,p_0,0,0,NaN,NaN,NaN,SoftPrerequisiteOrderConstraint,CONSTRAINT,0.000000,0.100000,-0.000000
medio,ga-timeline,4,p_e,0,0,NaN,NaN,NaN,syllabusMastery,OBJECTIVE,0.000000,0.500000,0.000000
medio,ga-timeline,4,p_e,0,0,NaN,NaN,NaN,retention,OBJECTIVE,0.000000,0.300000,0.000000
medio,ga-timeline,4,p_e,0,0,NaN,NaN,NaN,dailyLoadBudget,OBJECTIVE,NaN,0.200000,NaN
medio,ga-timeline,4,p_e,0,0,NaN,NaN,NaN,MinimumDaysConstraint,CONSTRAINT,1.000000,0.500000,-0.500000
medio,ga-timeline,4,p_e,0,0,NaN,NaN,NaN,MandatoryReviewConstraint,CONSTRAINT,1.000000,0.500000,-0.500000
medio,ga-timeline,4,p_e,0,0,NaN,NaN,NaN,SoftPrerequisiteOrderConstraint,CONSTRAINT,0.000000,0.100000,-0.000000
medio,ga-timeline,4,p_g,15,15,-0.587592,0.000000,-0.587592,syllabusMastery,OBJECTIVE,0.062765,0.500000,0.031382
medio,ga-timeline,4,p_g,15,15,-0.587592,0.000000,-0.587592,retention,OBJECTIVE,0.101806,0.300000,0.030542
medio,ga-timeline,4,p_g,15,15,-0.587592,0.000000,-0.587592,dailyLoadBudget,OBJECTIVE,1.000000,0.200000,0.200000
medio,ga-timeline,4,p_g,15,15,-0.587592,0.000000,-0.587592,MinimumDaysConstraint,CONSTRAINT,0.680851,0.500000,-0.340426
medio,ga-timeline,4,p_g,15,15,-0.587592,0.000000,-0.587592,MandatoryReviewConstraint,CONSTRAINT,1.000000,0.500000,-0.500000
medio,ga-timeline,4,p_g,15,15,-0.587592,0.000000,-0.587592,SoftPrerequisiteOrderConstraint,CONSTRAINT,0.090909,0.100000,-0.009091
medio,ga-timeline,4,p_0,0,0,NaN,NaN,NaN,syllabusMastery,OBJECTIVE,0.000000,0.500000,0.000000
medio,ga-timeline,4,p_0,0,0,NaN,NaN,NaN,retention,OBJECTIVE,0.000000,0.300000,0.000000
medio,ga-timeline,4,p_0,0,0,NaN,NaN,NaN,dailyLoadBudget,OBJECTIVE,NaN,0.200000,NaN
medio,ga-timeline,4,p_0,0,0,NaN,NaN,NaN,MinimumDaysConstraint,CONSTRAINT,1.000000,0.500000,-0.500000
medio,ga-timeline,4,p_0,0,0,NaN,NaN,NaN,MandatoryReviewConstraint,CONSTRAINT,1.000000,0.500000,-0.500000
medio,ga-timeline,4,p_0,0,0,NaN,NaN,NaN,SoftPrerequisiteOrderConstraint,CONSTRAINT,0.000000,0.100000,-0.000000
medio,ga,5,p_e,35,47,0.392825,0.392825,0.392825,syllabusMastery,OBJECTIVE,0.166142,0.500000,0.083071
medio,ga,5,p_e,35,47,0.392825,0.392825,0.392825,retention,OBJECTIVE,0.365846,0.300000,0.109754
medio,ga,5,p_e,35,47,0.392825,0.392825,0.392825,dailyLoadBudget,OBJECTIVE,1.000000,0.200000,0.200000
medio,ga,5,p_e,35,47,0.392825,0.392825,0.392825,MinimumDaysConstraint,CONSTRAINT,0.000000,0.500000,-0.000000
medio,ga,5,p_e,35,47,0.392825,0.392825,0.392825,MandatoryReviewConstraint,CONSTRAINT,0.000000,0.500000,-0.000000
medio,ga,5,p_e,35,47,0.392825,0.392825,0.392825,SoftPrerequisiteOrderConstraint,CONSTRAINT,0.000000,0.100000,-0.000000
medio,ga,5,p_g,15,15,0.000000,0.000000,-0.078501,syllabusMastery,OBJECTIVE,0.062765,0.500000,0.031382
medio,ga,5,p_g,15,15,0.000000,0.000000,-0.078501,retention,OBJECTIVE,0.101806,0.300000,0.030542
medio,ga,5,p_g,15,15,0.000000,0.000000,-0.078501,dailyLoadBudget,OBJECTIVE,1.000000,0.200000,0.200000
medio,ga,5,p_g,15,15,0.000000,0.000000,-0.078501,MinimumDaysConstraint,CONSTRAINT,0.680851,0.500000,-0.340426
medio,ga,5,p_g,15,15,0.000000,0.000000,-0.078501,MandatoryReviewConstraint,CONSTRAINT,0.000000,0.500000,-0.000000
medio,ga,5,p_g,15,15,0.000000,0.000000,-0.078501,SoftPrerequisiteOrderConstraint,CONSTRAINT,0.000000,0.100000,-0.000000
medio,ga,5,p_0,0,0,NaN,NaN,NaN,syllabusMastery,OBJECTIVE,0.000000,0.500000,0.000000
medio,ga,5,p_0,0,0,NaN,NaN,NaN,retention,OBJECTIVE,0.000000,0.300000,0.000000
medio,ga,5,p_0,0,0,NaN,NaN,NaN,dailyLoadBudget,OBJECTIVE,NaN,0.200000,NaN
medio,ga,5,p_0,0,0,NaN,NaN,NaN,MinimumDaysConstraint,CONSTRAINT,1.000000,0.500000,-0.500000
medio,ga,5,p_0,0,0,NaN,NaN,NaN,MandatoryReviewConstraint,CONSTRAINT,0.000000,0.500000,-0.000000
medio,ga,5,p_0,0,0,NaN,NaN,NaN,SoftPrerequisiteOrderConstraint,CONSTRAINT,0.000000,0.100000,-0.000000
medio,ga-timeline,5,p_e,0,0,NaN,NaN,NaN,syllabusMastery,OBJECTIVE,0.000000,0.500000,0.000000
medio,ga-timeline,5,p_e,0,0,NaN,NaN,NaN,retention,OBJECTIVE,0.000000,0.300000,0.000000
medio,ga-timeline,5,p_e,0,0,NaN,NaN,NaN,dailyLoadBudget,OBJECTIVE,NaN,0.200000,NaN
medio,ga-timeline,5,p_e,0,0,NaN,NaN,NaN,MinimumDaysConstraint,CONSTRAINT,1.000000,0.500000,-0.500000
medio,ga-timeline,5,p_e,0,0,NaN,NaN,NaN,MandatoryReviewConstraint,CONSTRAINT,1.000000,0.500000,-0.500000
medio,ga-timeline,5,p_e,0,0,NaN,NaN,NaN,SoftPrerequisiteOrderConstraint,CONSTRAINT,0.000000,0.100000,-0.000000
medio,ga-timeline,5,p_g,15,15,-0.587592,0.000000,-0.587592,syllabusMastery,OBJECTIVE,0.062765,0.500000,0.031382
medio,ga-timeline,5,p_g,15,15,-0.587592,0.000000,-0.587592,retention,OBJECTIVE,0.101806,0.300000,0.030542
medio,ga-timeline,5,p_g,15,15,-0.587592,0.000000,-0.587592,dailyLoadBudget,OBJECTIVE,1.000000,0.200000,0.200000
medio,ga-timeline,5,p_g,15,15,-0.587592,0.000000,-0.587592,MinimumDaysConstraint,CONSTRAINT,0.680851,0.500000,-0.340426
medio,ga-timeline,5,p_g,15,15,-0.587592,0.000000,-0.587592,MandatoryReviewConstraint,CONSTRAINT,1.000000,0.500000,-0.500000
medio,ga-timeline,5,p_g,15,15,-0.587592,0.000000,-0.587592,SoftPrerequisiteOrderConstraint,CONSTRAINT,0.090909,0.100000,-0.009091
medio,ga-timeline,5,p_0,0,0,NaN,NaN,NaN,syllabusMastery,OBJECTIVE,0.000000,0.500000,0.000000
medio,ga-timeline,5,p_0,0,0,NaN,NaN,NaN,retention,OBJECTIVE,0.000000,0.300000,0.000000
medio,ga-timeline,5,p_0,0,0,NaN,NaN,NaN,dailyLoadBudget,OBJECTIVE,NaN,0.200000,NaN
medio,ga-timeline,5,p_0,0,0,NaN,NaN,NaN,MinimumDaysConstraint,CONSTRAINT,1.000000,0.500000,-0.500000
medio,ga-timeline,5,p_0,0,0,NaN,NaN,NaN,MandatoryReviewConstraint,CONSTRAINT,1.000000,0.500000,-0.500000
medio,ga-timeline,5,p_0,0,0,NaN,NaN,NaN,SoftPrerequisiteOrderConstraint,CONSTRAINT,0.000000,0.100000,-0.000000
medio,ga,6,p_e,35,47,0.392825,0.392825,0.392825,syllabusMastery,OBJECTIVE,0.166142,0.500000,0.083071
medio,ga,6,p_e,35,47,0.392825,0.392825,0.392825,retention,OBJECTIVE,0.365846,0.300000,0.109754
medio,ga,6,p_e,35,47,0.392825,0.392825,0.392825,dailyLoadBudget,OBJECTIVE,1.000000,0.200000,0.200000
medio,ga,6,p_e,35,47,0.392825,0.392825,0.392825,MinimumDaysConstraint,CONSTRAINT,0.000000,0.500000,-0.000000
medio,ga,6,p_e,35,47,0.392825,0.392825,0.392825,MandatoryReviewConstraint,CONSTRAINT,0.000000,0.500000,-0.000000
medio,ga,6,p_e,35,47,0.392825,0.392825,0.392825,SoftPrerequisiteOrderConstraint,CONSTRAINT,0.000000,0.100000,-0.000000
medio,ga,6,p_g,15,15,0.000000,0.000000,-0.078501,syllabusMastery,OBJECTIVE,0.062765,0.500000,0.031382
medio,ga,6,p_g,15,15,0.000000,0.000000,-0.078501,retention,OBJECTIVE,0.101806,0.300000,0.030542
medio,ga,6,p_g,15,15,0.000000,0.000000,-0.078501,dailyLoadBudget,OBJECTIVE,1.000000,0.200000,0.200000
medio,ga,6,p_g,15,15,0.000000,0.000000,-0.078501,MinimumDaysConstraint,CONSTRAINT,0.680851,0.500000,-0.340426
medio,ga,6,p_g,15,15,0.000000,0.000000,-0.078501,MandatoryReviewConstraint,CONSTRAINT,0.000000,0.500000,-0.000000
medio,ga,6,p_g,15,15,0.000000,0.000000,-0.078501,SoftPrerequisiteOrderConstraint,CONSTRAINT,0.000000,0.100000,-0.000000
medio,ga,6,p_0,0,0,NaN,NaN,NaN,syllabusMastery,OBJECTIVE,0.000000,0.500000,0.000000
medio,ga,6,p_0,0,0,NaN,NaN,NaN,retention,OBJECTIVE,0.000000,0.300000,0.000000
medio,ga,6,p_0,0,0,NaN,NaN,NaN,dailyLoadBudget,OBJECTIVE,NaN,0.200000,NaN
medio,ga,6,p_0,0,0,NaN,NaN,NaN,MinimumDaysConstraint,CONSTRAINT,1.000000,0.500000,-0.500000
medio,ga,6,p_0,0,0,NaN,NaN,NaN,MandatoryReviewConstraint,CONSTRAINT,0.000000,0.500000,-0.000000
medio,ga,6,p_0,0,0,NaN,NaN,NaN,SoftPrerequisiteOrderConstraint,CONSTRAINT,0.000000,0.100000,-0.000000
medio,ga-timeline,6,p_e,0,0,NaN,NaN,NaN,syllabusMastery,OBJECTIVE,0.000000,0.500000,0.000000
medio,ga-timeline,6,p_e,0,0,NaN,NaN,NaN,retention,OBJECTIVE,0.000000,0.300000,0.000000
medio,ga-timeline,6,p_e,0,0,NaN,NaN,NaN,dailyLoadBudget,OBJECTIVE,NaN,0.200000,NaN
medio,ga-timeline,6,p_e,0,0,NaN,NaN,NaN,MinimumDaysConstraint,CONSTRAINT,1.000000,0.500000,-0.500000
medio,ga-timeline,6,p_e,0,0,NaN,NaN,NaN,MandatoryReviewConstraint,CONSTRAINT,1.000000,0.500000,-0.500000
medio,ga-timeline,6,p_e,0,0,NaN,NaN,NaN,SoftPrerequisiteOrderConstraint,CONSTRAINT,0.000000,0.100000,-0.000000
medio,ga-timeline,6,p_g,15,15,-0.587592,0.000000,-0.587592,syllabusMastery,OBJECTIVE,0.062765,0.500000,0.031382
medio,ga-timeline,6,p_g,15,15,-0.587592,0.000000,-0.587592,retention,OBJECTIVE,0.101806,0.300000,0.030542
medio,ga-timeline,6,p_g,15,15,-0.587592,0.000000,-0.587592,dailyLoadBudget,OBJECTIVE,1.000000,0.200000,0.200000
medio,ga-timeline,6,p_g,15,15,-0.587592,0.000000,-0.587592,MinimumDaysConstraint,CONSTRAINT,0.680851,0.500000,-0.340426
medio,ga-timeline,6,p_g,15,15,-0.587592,0.000000,-0.587592,MandatoryReviewConstraint,CONSTRAINT,1.000000,0.500000,-0.500000
medio,ga-timeline,6,p_g,15,15,-0.587592,0.000000,-0.587592,SoftPrerequisiteOrderConstraint,CONSTRAINT,0.090909,0.100000,-0.009091
medio,ga-timeline,6,p_0,0,0,NaN,NaN,NaN,syllabusMastery,OBJECTIVE,0.000000,0.500000,0.000000
medio,ga-timeline,6,p_0,0,0,NaN,NaN,NaN,retention,OBJECTIVE,0.000000,0.300000,0.000000
medio,ga-timeline,6,p_0,0,0,NaN,NaN,NaN,dailyLoadBudget,OBJECTIVE,NaN,0.200000,NaN
medio,ga-timeline,6,p_0,0,0,NaN,NaN,NaN,MinimumDaysConstraint,CONSTRAINT,1.000000,0.500000,-0.500000
medio,ga-timeline,6,p_0,0,0,NaN,NaN,NaN,MandatoryReviewConstraint,CONSTRAINT,1.000000,0.500000,-0.500000
medio,ga-timeline,6,p_0,0,0,NaN,NaN,NaN,SoftPrerequisiteOrderConstraint,CONSTRAINT,0.000000,0.100000,-0.000000
medio,ga,7,p_e,35,47,0.392825,0.392825,0.392825,syllabusMastery,OBJECTIVE,0.166142,0.500000,0.083071
medio,ga,7,p_e,35,47,0.392825,0.392825,0.392825,retention,OBJECTIVE,0.365846,0.300000,0.109754
medio,ga,7,p_e,35,47,0.392825,0.392825,0.392825,dailyLoadBudget,OBJECTIVE,1.000000,0.200000,0.200000
medio,ga,7,p_e,35,47,0.392825,0.392825,0.392825,MinimumDaysConstraint,CONSTRAINT,0.000000,0.500000,-0.000000
medio,ga,7,p_e,35,47,0.392825,0.392825,0.392825,MandatoryReviewConstraint,CONSTRAINT,0.000000,0.500000,-0.000000
medio,ga,7,p_e,35,47,0.392825,0.392825,0.392825,SoftPrerequisiteOrderConstraint,CONSTRAINT,0.000000,0.100000,-0.000000
medio,ga,7,p_g,15,15,0.000000,0.000000,-0.078501,syllabusMastery,OBJECTIVE,0.062765,0.500000,0.031382
medio,ga,7,p_g,15,15,0.000000,0.000000,-0.078501,retention,OBJECTIVE,0.101806,0.300000,0.030542
medio,ga,7,p_g,15,15,0.000000,0.000000,-0.078501,dailyLoadBudget,OBJECTIVE,1.000000,0.200000,0.200000
medio,ga,7,p_g,15,15,0.000000,0.000000,-0.078501,MinimumDaysConstraint,CONSTRAINT,0.680851,0.500000,-0.340426
medio,ga,7,p_g,15,15,0.000000,0.000000,-0.078501,MandatoryReviewConstraint,CONSTRAINT,0.000000,0.500000,-0.000000
medio,ga,7,p_g,15,15,0.000000,0.000000,-0.078501,SoftPrerequisiteOrderConstraint,CONSTRAINT,0.000000,0.100000,-0.000000
medio,ga,7,p_0,0,0,NaN,NaN,NaN,syllabusMastery,OBJECTIVE,0.000000,0.500000,0.000000
medio,ga,7,p_0,0,0,NaN,NaN,NaN,retention,OBJECTIVE,0.000000,0.300000,0.000000
medio,ga,7,p_0,0,0,NaN,NaN,NaN,dailyLoadBudget,OBJECTIVE,NaN,0.200000,NaN
medio,ga,7,p_0,0,0,NaN,NaN,NaN,MinimumDaysConstraint,CONSTRAINT,1.000000,0.500000,-0.500000
medio,ga,7,p_0,0,0,NaN,NaN,NaN,MandatoryReviewConstraint,CONSTRAINT,0.000000,0.500000,-0.000000
medio,ga,7,p_0,0,0,NaN,NaN,NaN,SoftPrerequisiteOrderConstraint,CONSTRAINT,0.000000,0.100000,-0.000000
medio,ga-timeline,7,p_e,0,0,NaN,NaN,NaN,syllabusMastery,OBJECTIVE,0.000000,0.500000,0.000000
medio,ga-timeline,7,p_e,0,0,NaN,NaN,NaN,retention,OBJECTIVE,0.000000,0.300000,0.000000
medio,ga-timeline,7,p_e,0,0,NaN,NaN,NaN,dailyLoadBudget,OBJECTIVE,NaN,0.200000,NaN
medio,ga-timeline,7,p_e,0,0,NaN,NaN,NaN,MinimumDaysConstraint,CONSTRAINT,1.000000,0.500000,-0.500000
medio,ga-timeline,7,p_e,0,0,NaN,NaN,NaN,MandatoryReviewConstraint,CONSTRAINT,1.000000,0.500000,-0.500000
medio,ga-timeline,7,p_e,0,0,NaN,NaN,NaN,SoftPrerequisiteOrderConstraint,CONSTRAINT,0.000000,0.100000,-0.000000
medio,ga-timeline,7,p_g,15,15,-0.587592,0.000000,-0.587592,syllabusMastery,OBJECTIVE,0.062765,0.500000,0.031382
medio,ga-timeline,7,p_g,15,15,-0.587592,0.000000,-0.587592,retention,OBJECTIVE,0.101806,0.300000,0.030542
medio,ga-timeline,7,p_g,15,15,-0.587592,0.000000,-0.587592,dailyLoadBudget,OBJECTIVE,1.000000,0.200000,0.200000
medio,ga-timeline,7,p_g,15,15,-0.587592,0.000000,-0.587592,MinimumDaysConstraint,CONSTRAINT,0.680851,0.500000,-0.340426
medio,ga-timeline,7,p_g,15,15,-0.587592,0.000000,-0.587592,MandatoryReviewConstraint,CONSTRAINT,1.000000,0.500000,-0.500000
medio,ga-timeline,7,p_g,15,15,-0.587592,0.000000,-0.587592,SoftPrerequisiteOrderConstraint,CONSTRAINT,0.090909,0.100000,-0.009091
medio,ga-timeline,7,p_0,0,0,NaN,NaN,NaN,syllabusMastery,OBJECTIVE,0.000000,0.500000,0.000000
medio,ga-timeline,7,p_0,0,0,NaN,NaN,NaN,retention,OBJECTIVE,0.000000,0.300000,0.000000
medio,ga-timeline,7,p_0,0,0,NaN,NaN,NaN,dailyLoadBudget,OBJECTIVE,NaN,0.200000,NaN
medio,ga-timeline,7,p_0,0,0,NaN,NaN,NaN,MinimumDaysConstraint,CONSTRAINT,1.000000,0.500000,-0.500000
medio,ga-timeline,7,p_0,0,0,NaN,NaN,NaN,MandatoryReviewConstraint,CONSTRAINT,1.000000,0.500000,-0.500000
medio,ga-timeline,7,p_0,0,0,NaN,NaN,NaN,SoftPrerequisiteOrderConstraint,CONSTRAINT,0.000000,0.100000,-0.000000
medio,ga,8,p_e,35,47,0.392825,0.392825,0.392825,syllabusMastery,OBJECTIVE,0.166142,0.500000,0.083071
medio,ga,8,p_e,35,47,0.392825,0.392825,0.392825,retention,OBJECTIVE,0.365846,0.300000,0.109754
medio,ga,8,p_e,35,47,0.392825,0.392825,0.392825,dailyLoadBudget,OBJECTIVE,1.000000,0.200000,0.200000
medio,ga,8,p_e,35,47,0.392825,0.392825,0.392825,MinimumDaysConstraint,CONSTRAINT,0.000000,0.500000,-0.000000
medio,ga,8,p_e,35,47,0.392825,0.392825,0.392825,MandatoryReviewConstraint,CONSTRAINT,0.000000,0.500000,-0.000000
medio,ga,8,p_e,35,47,0.392825,0.392825,0.392825,SoftPrerequisiteOrderConstraint,CONSTRAINT,0.000000,0.100000,-0.000000
medio,ga,8,p_g,15,15,0.000000,0.000000,-0.078501,syllabusMastery,OBJECTIVE,0.062765,0.500000,0.031382
medio,ga,8,p_g,15,15,0.000000,0.000000,-0.078501,retention,OBJECTIVE,0.101806,0.300000,0.030542
medio,ga,8,p_g,15,15,0.000000,0.000000,-0.078501,dailyLoadBudget,OBJECTIVE,1.000000,0.200000,0.200000
medio,ga,8,p_g,15,15,0.000000,0.000000,-0.078501,MinimumDaysConstraint,CONSTRAINT,0.680851,0.500000,-0.340426
medio,ga,8,p_g,15,15,0.000000,0.000000,-0.078501,MandatoryReviewConstraint,CONSTRAINT,0.000000,0.500000,-0.000000
medio,ga,8,p_g,15,15,0.000000,0.000000,-0.078501,SoftPrerequisiteOrderConstraint,CONSTRAINT,0.000000,0.100000,-0.000000
medio,ga,8,p_0,0,0,NaN,NaN,NaN,syllabusMastery,OBJECTIVE,0.000000,0.500000,0.000000
medio,ga,8,p_0,0,0,NaN,NaN,NaN,retention,OBJECTIVE,0.000000,0.300000,0.000000
medio,ga,8,p_0,0,0,NaN,NaN,NaN,dailyLoadBudget,OBJECTIVE,NaN,0.200000,NaN
medio,ga,8,p_0,0,0,NaN,NaN,NaN,MinimumDaysConstraint,CONSTRAINT,1.000000,0.500000,-0.500000
medio,ga,8,p_0,0,0,NaN,NaN,NaN,MandatoryReviewConstraint,CONSTRAINT,0.000000,0.500000,-0.000000
medio,ga,8,p_0,0,0,NaN,NaN,NaN,SoftPrerequisiteOrderConstraint,CONSTRAINT,0.000000,0.100000,-0.000000
medio,ga-timeline,8,p_e,0,0,NaN,NaN,NaN,syllabusMastery,OBJECTIVE,0.000000,0.500000,0.000000
medio,ga-timeline,8,p_e,0,0,NaN,NaN,NaN,retention,OBJECTIVE,0.000000,0.300000,0.000000
medio,ga-timeline,8,p_e,0,0,NaN,NaN,NaN,dailyLoadBudget,OBJECTIVE,NaN,0.200000,NaN
medio,ga-timeline,8,p_e,0,0,NaN,NaN,NaN,MinimumDaysConstraint,CONSTRAINT,1.000000,0.500000,-0.500000
medio,ga-timeline,8,p_e,0,0,NaN,NaN,NaN,MandatoryReviewConstraint,CONSTRAINT,1.000000,0.500000,-0.500000
medio,ga-timeline,8,p_e,0,0,NaN,NaN,NaN,SoftPrerequisiteOrderConstraint,CONSTRAINT,0.000000,0.100000,-0.000000
medio,ga-timeline,8,p_g,15,15,-0.587592,0.000000,-0.587592,syllabusMastery,OBJECTIVE,0.062765,0.500000,0.031382
medio,ga-timeline,8,p_g,15,15,-0.587592,0.000000,-0.587592,retention,OBJECTIVE,0.101806,0.300000,0.030542
medio,ga-timeline,8,p_g,15,15,-0.587592,0.000000,-0.587592,dailyLoadBudget,OBJECTIVE,1.000000,0.200000,0.200000
medio,ga-timeline,8,p_g,15,15,-0.587592,0.000000,-0.587592,MinimumDaysConstraint,CONSTRAINT,0.680851,0.500000,-0.340426
medio,ga-timeline,8,p_g,15,15,-0.587592,0.000000,-0.587592,MandatoryReviewConstraint,CONSTRAINT,1.000000,0.500000,-0.500000
medio,ga-timeline,8,p_g,15,15,-0.587592,0.000000,-0.587592,SoftPrerequisiteOrderConstraint,CONSTRAINT,0.090909,0.100000,-0.009091
medio,ga-timeline,8,p_0,0,0,NaN,NaN,NaN,syllabusMastery,OBJECTIVE,0.000000,0.500000,0.000000
medio,ga-timeline,8,p_0,0,0,NaN,NaN,NaN,retention,OBJECTIVE,0.000000,0.300000,0.000000
medio,ga-timeline,8,p_0,0,0,NaN,NaN,NaN,dailyLoadBudget,OBJECTIVE,NaN,0.200000,NaN
medio,ga-timeline,8,p_0,0,0,NaN,NaN,NaN,MinimumDaysConstraint,CONSTRAINT,1.000000,0.500000,-0.500000
medio,ga-timeline,8,p_0,0,0,NaN,NaN,NaN,MandatoryReviewConstraint,CONSTRAINT,1.000000,0.500000,-0.500000
medio,ga-timeline,8,p_0,0,0,NaN,NaN,NaN,SoftPrerequisiteOrderConstraint,CONSTRAINT,0.000000,0.100000,-0.000000
medio,ga,9,p_e,35,47,0.392825,0.392825,0.392825,syllabusMastery,OBJECTIVE,0.166142,0.500000,0.083071
medio,ga,9,p_e,35,47,0.392825,0.392825,0.392825,retention,OBJECTIVE,0.365846,0.300000,0.109754
medio,ga,9,p_e,35,47,0.392825,0.392825,0.392825,dailyLoadBudget,OBJECTIVE,1.000000,0.200000,0.200000
medio,ga,9,p_e,35,47,0.392825,0.392825,0.392825,MinimumDaysConstraint,CONSTRAINT,0.000000,0.500000,-0.000000
medio,ga,9,p_e,35,47,0.392825,0.392825,0.392825,MandatoryReviewConstraint,CONSTRAINT,0.000000,0.500000,-0.000000
medio,ga,9,p_e,35,47,0.392825,0.392825,0.392825,SoftPrerequisiteOrderConstraint,CONSTRAINT,0.000000,0.100000,-0.000000
medio,ga,9,p_g,15,15,0.000000,0.000000,-0.078501,syllabusMastery,OBJECTIVE,0.062765,0.500000,0.031382
medio,ga,9,p_g,15,15,0.000000,0.000000,-0.078501,retention,OBJECTIVE,0.101806,0.300000,0.030542
medio,ga,9,p_g,15,15,0.000000,0.000000,-0.078501,dailyLoadBudget,OBJECTIVE,1.000000,0.200000,0.200000
medio,ga,9,p_g,15,15,0.000000,0.000000,-0.078501,MinimumDaysConstraint,CONSTRAINT,0.680851,0.500000,-0.340426
medio,ga,9,p_g,15,15,0.000000,0.000000,-0.078501,MandatoryReviewConstraint,CONSTRAINT,0.000000,0.500000,-0.000000
medio,ga,9,p_g,15,15,0.000000,0.000000,-0.078501,SoftPrerequisiteOrderConstraint,CONSTRAINT,0.000000,0.100000,-0.000000
medio,ga,9,p_0,0,0,NaN,NaN,NaN,syllabusMastery,OBJECTIVE,0.000000,0.500000,0.000000
medio,ga,9,p_0,0,0,NaN,NaN,NaN,retention,OBJECTIVE,0.000000,0.300000,0.000000
medio,ga,9,p_0,0,0,NaN,NaN,NaN,dailyLoadBudget,OBJECTIVE,NaN,0.200000,NaN
medio,ga,9,p_0,0,0,NaN,NaN,NaN,MinimumDaysConstraint,CONSTRAINT,1.000000,0.500000,-0.500000
medio,ga,9,p_0,0,0,NaN,NaN,NaN,MandatoryReviewConstraint,CONSTRAINT,0.000000,0.500000,-0.000000
medio,ga,9,p_0,0,0,NaN,NaN,NaN,SoftPrerequisiteOrderConstraint,CONSTRAINT,0.000000,0.100000,-0.000000
medio,ga-timeline,9,p_e,0,0,NaN,NaN,NaN,syllabusMastery,OBJECTIVE,0.000000,0.500000,0.000000
medio,ga-timeline,9,p_e,0,0,NaN,NaN,NaN,retention,OBJECTIVE,0.000000,0.300000,0.000000
medio,ga-timeline,9,p_e,0,0,NaN,NaN,NaN,dailyLoadBudget,OBJECTIVE,NaN,0.200000,NaN
medio,ga-timeline,9,p_e,0,0,NaN,NaN,NaN,MinimumDaysConstraint,CONSTRAINT,1.000000,0.500000,-0.500000
medio,ga-timeline,9,p_e,0,0,NaN,NaN,NaN,MandatoryReviewConstraint,CONSTRAINT,1.000000,0.500000,-0.500000
medio,ga-timeline,9,p_e,0,0,NaN,NaN,NaN,SoftPrerequisiteOrderConstraint,CONSTRAINT,0.000000,0.100000,-0.000000
medio,ga-timeline,9,p_g,15,15,-0.587592,0.000000,-0.587592,syllabusMastery,OBJECTIVE,0.062765,0.500000,0.031382
medio,ga-timeline,9,p_g,15,15,-0.587592,0.000000,-0.587592,retention,OBJECTIVE,0.101806,0.300000,0.030542
medio,ga-timeline,9,p_g,15,15,-0.587592,0.000000,-0.587592,dailyLoadBudget,OBJECTIVE,1.000000,0.200000,0.200000
medio,ga-timeline,9,p_g,15,15,-0.587592,0.000000,-0.587592,MinimumDaysConstraint,CONSTRAINT,0.680851,0.500000,-0.340426
medio,ga-timeline,9,p_g,15,15,-0.587592,0.000000,-0.587592,MandatoryReviewConstraint,CONSTRAINT,1.000000,0.500000,-0.500000
medio,ga-timeline,9,p_g,15,15,-0.587592,0.000000,-0.587592,SoftPrerequisiteOrderConstraint,CONSTRAINT,0.090909,0.100000,-0.009091
medio,ga-timeline,9,p_0,0,0,NaN,NaN,NaN,syllabusMastery,OBJECTIVE,0.000000,0.500000,0.000000
medio,ga-timeline,9,p_0,0,0,NaN,NaN,NaN,retention,OBJECTIVE,0.000000,0.300000,0.000000
medio,ga-timeline,9,p_0,0,0,NaN,NaN,NaN,dailyLoadBudget,OBJECTIVE,NaN,0.200000,NaN
medio,ga-timeline,9,p_0,0,0,NaN,NaN,NaN,MinimumDaysConstraint,CONSTRAINT,1.000000,0.500000,-0.500000
medio,ga-timeline,9,p_0,0,0,NaN,NaN,NaN,MandatoryReviewConstraint,CONSTRAINT,1.000000,0.500000,-0.500000
medio,ga-timeline,9,p_0,0,0,NaN,NaN,NaN,SoftPrerequisiteOrderConstraint,CONSTRAINT,0.000000,0.100000,-0.000000
medio,ga,10,p_e,35,47,0.392825,0.392825,0.392825,syllabusMastery,OBJECTIVE,0.166142,0.500000,0.083071
medio,ga,10,p_e,35,47,0.392825,0.392825,0.392825,retention,OBJECTIVE,0.365846,0.300000,0.109754
medio,ga,10,p_e,35,47,0.392825,0.392825,0.392825,dailyLoadBudget,OBJECTIVE,1.000000,0.200000,0.200000
medio,ga,10,p_e,35,47,0.392825,0.392825,0.392825,MinimumDaysConstraint,CONSTRAINT,0.000000,0.500000,-0.000000
medio,ga,10,p_e,35,47,0.392825,0.392825,0.392825,MandatoryReviewConstraint,CONSTRAINT,0.000000,0.500000,-0.000000
medio,ga,10,p_e,35,47,0.392825,0.392825,0.392825,SoftPrerequisiteOrderConstraint,CONSTRAINT,0.000000,0.100000,-0.000000
medio,ga,10,p_g,15,15,0.000000,0.000000,-0.078501,syllabusMastery,OBJECTIVE,0.062765,0.500000,0.031382
medio,ga,10,p_g,15,15,0.000000,0.000000,-0.078501,retention,OBJECTIVE,0.101806,0.300000,0.030542
medio,ga,10,p_g,15,15,0.000000,0.000000,-0.078501,dailyLoadBudget,OBJECTIVE,1.000000,0.200000,0.200000
medio,ga,10,p_g,15,15,0.000000,0.000000,-0.078501,MinimumDaysConstraint,CONSTRAINT,0.680851,0.500000,-0.340426
medio,ga,10,p_g,15,15,0.000000,0.000000,-0.078501,MandatoryReviewConstraint,CONSTRAINT,0.000000,0.500000,-0.000000
medio,ga,10,p_g,15,15,0.000000,0.000000,-0.078501,SoftPrerequisiteOrderConstraint,CONSTRAINT,0.000000,0.100000,-0.000000
medio,ga,10,p_0,0,0,NaN,NaN,NaN,syllabusMastery,OBJECTIVE,0.000000,0.500000,0.000000
medio,ga,10,p_0,0,0,NaN,NaN,NaN,retention,OBJECTIVE,0.000000,0.300000,0.000000
medio,ga,10,p_0,0,0,NaN,NaN,NaN,dailyLoadBudget,OBJECTIVE,NaN,0.200000,NaN
medio,ga,10,p_0,0,0,NaN,NaN,NaN,MinimumDaysConstraint,CONSTRAINT,1.000000,0.500000,-0.500000
medio,ga,10,p_0,0,0,NaN,NaN,NaN,MandatoryReviewConstraint,CONSTRAINT,0.000000,0.500000,-0.000000
medio,ga,10,p_0,0,0,NaN,NaN,NaN,SoftPrerequisiteOrderConstraint,CONSTRAINT,0.000000,0.100000,-0.000000
medio,ga-timeline,10,p_e,0,0,NaN,NaN,NaN,syllabusMastery,OBJECTIVE,0.000000,0.500000,0.000000
medio,ga-timeline,10,p_e,0,0,NaN,NaN,NaN,retention,OBJECTIVE,0.000000,0.300000,0.000000
medio,ga-timeline,10,p_e,0,0,NaN,NaN,NaN,dailyLoadBudget,OBJECTIVE,NaN,0.200000,NaN
medio,ga-timeline,10,p_e,0,0,NaN,NaN,NaN,MinimumDaysConstraint,CONSTRAINT,1.000000,0.500000,-0.500000
medio,ga-timeline,10,p_e,0,0,NaN,NaN,NaN,MandatoryReviewConstraint,CONSTRAINT,1.000000,0.500000,-0.500000
medio,ga-timeline,10,p_e,0,0,NaN,NaN,NaN,SoftPrerequisiteOrderConstraint,CONSTRAINT,0.000000,0.100000,-0.000000
medio,ga-timeline,10,p_g,15,15,-0.587592,0.000000,-0.587592,syllabusMastery,OBJECTIVE,0.062765,0.500000,0.031382
medio,ga-timeline,10,p_g,15,15,-0.587592,0.000000,-0.587592,retention,OBJECTIVE,0.101806,0.300000,0.030542
medio,ga-timeline,10,p_g,15,15,-0.587592,0.000000,-0.587592,dailyLoadBudget,OBJECTIVE,1.000000,0.200000,0.200000
medio,ga-timeline,10,p_g,15,15,-0.587592,0.000000,-0.587592,MinimumDaysConstraint,CONSTRAINT,0.680851,0.500000,-0.340426
medio,ga-timeline,10,p_g,15,15,-0.587592,0.000000,-0.587592,MandatoryReviewConstraint,CONSTRAINT,1.000000,0.500000,-0.500000
medio,ga-timeline,10,p_g,15,15,-0.587592,0.000000,-0.587592,SoftPrerequisiteOrderConstraint,CONSTRAINT,0.090909,0.100000,-0.009091
medio,ga-timeline,10,p_0,0,0,NaN,NaN,NaN,syllabusMastery,OBJECTIVE,0.000000,0.500000,0.000000
medio,ga-timeline,10,p_0,0,0,NaN,NaN,NaN,retention,OBJECTIVE,0.000000,0.300000,0.000000
medio,ga-timeline,10,p_0,0,0,NaN,NaN,NaN,dailyLoadBudget,OBJECTIVE,NaN,0.200000,NaN
medio,ga-timeline,10,p_0,0,0,NaN,NaN,NaN,MinimumDaysConstraint,CONSTRAINT,1.000000,0.500000,-0.500000
medio,ga-timeline,10,p_0,0,0,NaN,NaN,NaN,MandatoryReviewConstraint,CONSTRAINT,1.000000,0.500000,-0.500000
medio,ga-timeline,10,p_0,0,0,NaN,NaN,NaN,SoftPrerequisiteOrderConstraint,CONSTRAINT,0.000000,0.100000,-0.000000
folgado,ga,1,p_e,35,52,0.415991,0.415991,0.415991,syllabusMastery,OBJECTIVE,0.179370,0.500000,0.089685
folgado,ga,1,p_e,35,52,0.415991,0.415991,0.415991,retention,OBJECTIVE,0.421018,0.300000,0.126305
folgado,ga,1,p_e,35,52,0.415991,0.415991,0.415991,dailyLoadBudget,OBJECTIVE,1.000000,0.200000,0.200000
folgado,ga,1,p_e,35,52,0.415991,0.415991,0.415991,MinimumDaysConstraint,CONSTRAINT,0.000000,0.500000,-0.000000
folgado,ga,1,p_e,35,52,0.415991,0.415991,0.415991,MandatoryReviewConstraint,CONSTRAINT,0.000000,0.500000,-0.000000
folgado,ga,1,p_e,35,52,0.415991,0.415991,0.415991,SoftPrerequisiteOrderConstraint,CONSTRAINT,0.000000,0.100000,-0.000000
folgado,ga,1,p_g,33,33,0.282385,0.282385,0.282385,syllabusMastery,OBJECTIVE,0.134947,0.500000,0.067474
folgado,ga,1,p_g,33,33,0.282385,0.282385,0.282385,retention,OBJECTIVE,0.229885,0.300000,0.068966
folgado,ga,1,p_g,33,33,0.282385,0.282385,0.282385,dailyLoadBudget,OBJECTIVE,1.000000,0.200000,0.200000
folgado,ga,1,p_g,33,33,0.282385,0.282385,0.282385,MinimumDaysConstraint,CONSTRAINT,0.108108,0.500000,-0.054054
folgado,ga,1,p_g,33,33,0.282385,0.282385,0.282385,MandatoryReviewConstraint,CONSTRAINT,0.000000,0.500000,-0.000000
folgado,ga,1,p_g,33,33,0.282385,0.282385,0.282385,SoftPrerequisiteOrderConstraint,CONSTRAINT,0.000000,0.100000,-0.000000
folgado,ga,1,p_0,0,0,NaN,NaN,NaN,syllabusMastery,OBJECTIVE,0.000000,0.500000,0.000000
folgado,ga,1,p_0,0,0,NaN,NaN,NaN,retention,OBJECTIVE,0.000000,0.300000,0.000000
folgado,ga,1,p_0,0,0,NaN,NaN,NaN,dailyLoadBudget,OBJECTIVE,NaN,0.200000,NaN
folgado,ga,1,p_0,0,0,NaN,NaN,NaN,MinimumDaysConstraint,CONSTRAINT,1.000000,0.500000,-0.500000
folgado,ga,1,p_0,0,0,NaN,NaN,NaN,MandatoryReviewConstraint,CONSTRAINT,0.000000,0.500000,-0.000000
folgado,ga,1,p_0,0,0,NaN,NaN,NaN,SoftPrerequisiteOrderConstraint,CONSTRAINT,0.000000,0.100000,-0.000000
folgado,ga-timeline,1,p_e,0,0,NaN,NaN,NaN,syllabusMastery,OBJECTIVE,0.000000,0.500000,0.000000
folgado,ga-timeline,1,p_e,0,0,NaN,NaN,NaN,retention,OBJECTIVE,0.000000,0.300000,0.000000
folgado,ga-timeline,1,p_e,0,0,NaN,NaN,NaN,dailyLoadBudget,OBJECTIVE,NaN,0.200000,NaN
folgado,ga-timeline,1,p_e,0,0,NaN,NaN,NaN,MinimumDaysConstraint,CONSTRAINT,1.000000,0.500000,-0.500000
folgado,ga-timeline,1,p_e,0,0,NaN,NaN,NaN,MandatoryReviewConstraint,CONSTRAINT,1.000000,0.500000,-0.500000
folgado,ga-timeline,1,p_e,0,0,NaN,NaN,NaN,SoftPrerequisiteOrderConstraint,CONSTRAINT,0.000000,0.100000,-0.000000
folgado,ga-timeline,1,p_g,33,33,-0.227119,0.000000,-0.227119,syllabusMastery,OBJECTIVE,0.134947,0.500000,0.067474
folgado,ga-timeline,1,p_g,33,33,-0.227119,0.000000,-0.227119,retention,OBJECTIVE,0.229885,0.300000,0.068966
folgado,ga-timeline,1,p_g,33,33,-0.227119,0.000000,-0.227119,dailyLoadBudget,OBJECTIVE,1.000000,0.200000,0.200000
folgado,ga-timeline,1,p_g,33,33,-0.227119,0.000000,-0.227119,MinimumDaysConstraint,CONSTRAINT,0.108108,0.500000,-0.054054
folgado,ga-timeline,1,p_g,33,33,-0.227119,0.000000,-0.227119,MandatoryReviewConstraint,CONSTRAINT,1.000000,0.500000,-0.500000
folgado,ga-timeline,1,p_g,33,33,-0.227119,0.000000,-0.227119,SoftPrerequisiteOrderConstraint,CONSTRAINT,0.095041,0.100000,-0.009504
folgado,ga-timeline,1,p_0,0,0,NaN,NaN,NaN,syllabusMastery,OBJECTIVE,0.000000,0.500000,0.000000
folgado,ga-timeline,1,p_0,0,0,NaN,NaN,NaN,retention,OBJECTIVE,0.000000,0.300000,0.000000
folgado,ga-timeline,1,p_0,0,0,NaN,NaN,NaN,dailyLoadBudget,OBJECTIVE,NaN,0.200000,NaN
folgado,ga-timeline,1,p_0,0,0,NaN,NaN,NaN,MinimumDaysConstraint,CONSTRAINT,1.000000,0.500000,-0.500000
folgado,ga-timeline,1,p_0,0,0,NaN,NaN,NaN,MandatoryReviewConstraint,CONSTRAINT,1.000000,0.500000,-0.500000
folgado,ga-timeline,1,p_0,0,0,NaN,NaN,NaN,SoftPrerequisiteOrderConstraint,CONSTRAINT,0.000000,0.100000,-0.000000
folgado,ga,2,p_e,35,52,0.415811,0.415811,0.415811,syllabusMastery,OBJECTIVE,0.187089,0.500000,0.093545
folgado,ga,2,p_e,35,52,0.415811,0.415811,0.415811,retention,OBJECTIVE,0.407553,0.300000,0.122266
folgado,ga,2,p_e,35,52,0.415811,0.415811,0.415811,dailyLoadBudget,OBJECTIVE,1.000000,0.200000,0.200000
folgado,ga,2,p_e,35,52,0.415811,0.415811,0.415811,MinimumDaysConstraint,CONSTRAINT,0.000000,0.500000,-0.000000
folgado,ga,2,p_e,35,52,0.415811,0.415811,0.415811,MandatoryReviewConstraint,CONSTRAINT,0.000000,0.500000,-0.000000
folgado,ga,2,p_e,35,52,0.415811,0.415811,0.415811,SoftPrerequisiteOrderConstraint,CONSTRAINT,0.000000,0.100000,-0.000000
folgado,ga,2,p_g,33,33,0.282385,0.282385,0.282385,syllabusMastery,OBJECTIVE,0.134947,0.500000,0.067474
folgado,ga,2,p_g,33,33,0.282385,0.282385,0.282385,retention,OBJECTIVE,0.229885,0.300000,0.068966
folgado,ga,2,p_g,33,33,0.282385,0.282385,0.282385,dailyLoadBudget,OBJECTIVE,1.000000,0.200000,0.200000
folgado,ga,2,p_g,33,33,0.282385,0.282385,0.282385,MinimumDaysConstraint,CONSTRAINT,0.108108,0.500000,-0.054054
folgado,ga,2,p_g,33,33,0.282385,0.282385,0.282385,MandatoryReviewConstraint,CONSTRAINT,0.000000,0.500000,-0.000000
folgado,ga,2,p_g,33,33,0.282385,0.282385,0.282385,SoftPrerequisiteOrderConstraint,CONSTRAINT,0.000000,0.100000,-0.000000
folgado,ga,2,p_0,0,0,NaN,NaN,NaN,syllabusMastery,OBJECTIVE,0.000000,0.500000,0.000000
folgado,ga,2,p_0,0,0,NaN,NaN,NaN,retention,OBJECTIVE,0.000000,0.300000,0.000000
folgado,ga,2,p_0,0,0,NaN,NaN,NaN,dailyLoadBudget,OBJECTIVE,NaN,0.200000,NaN
folgado,ga,2,p_0,0,0,NaN,NaN,NaN,MinimumDaysConstraint,CONSTRAINT,1.000000,0.500000,-0.500000
folgado,ga,2,p_0,0,0,NaN,NaN,NaN,MandatoryReviewConstraint,CONSTRAINT,0.000000,0.500000,-0.000000
folgado,ga,2,p_0,0,0,NaN,NaN,NaN,SoftPrerequisiteOrderConstraint,CONSTRAINT,0.000000,0.100000,-0.000000
folgado,ga-timeline,2,p_e,0,0,NaN,NaN,NaN,syllabusMastery,OBJECTIVE,0.000000,0.500000,0.000000
folgado,ga-timeline,2,p_e,0,0,NaN,NaN,NaN,retention,OBJECTIVE,0.000000,0.300000,0.000000
folgado,ga-timeline,2,p_e,0,0,NaN,NaN,NaN,dailyLoadBudget,OBJECTIVE,NaN,0.200000,NaN
folgado,ga-timeline,2,p_e,0,0,NaN,NaN,NaN,MinimumDaysConstraint,CONSTRAINT,1.000000,0.500000,-0.500000
folgado,ga-timeline,2,p_e,0,0,NaN,NaN,NaN,MandatoryReviewConstraint,CONSTRAINT,1.000000,0.500000,-0.500000
folgado,ga-timeline,2,p_e,0,0,NaN,NaN,NaN,SoftPrerequisiteOrderConstraint,CONSTRAINT,0.000000,0.100000,-0.000000
folgado,ga-timeline,2,p_g,33,33,-0.227119,0.000000,-0.227119,syllabusMastery,OBJECTIVE,0.134947,0.500000,0.067474
folgado,ga-timeline,2,p_g,33,33,-0.227119,0.000000,-0.227119,retention,OBJECTIVE,0.229885,0.300000,0.068966
folgado,ga-timeline,2,p_g,33,33,-0.227119,0.000000,-0.227119,dailyLoadBudget,OBJECTIVE,1.000000,0.200000,0.200000
folgado,ga-timeline,2,p_g,33,33,-0.227119,0.000000,-0.227119,MinimumDaysConstraint,CONSTRAINT,0.108108,0.500000,-0.054054
folgado,ga-timeline,2,p_g,33,33,-0.227119,0.000000,-0.227119,MandatoryReviewConstraint,CONSTRAINT,1.000000,0.500000,-0.500000
folgado,ga-timeline,2,p_g,33,33,-0.227119,0.000000,-0.227119,SoftPrerequisiteOrderConstraint,CONSTRAINT,0.095041,0.100000,-0.009504
folgado,ga-timeline,2,p_0,0,0,NaN,NaN,NaN,syllabusMastery,OBJECTIVE,0.000000,0.500000,0.000000
folgado,ga-timeline,2,p_0,0,0,NaN,NaN,NaN,retention,OBJECTIVE,0.000000,0.300000,0.000000
folgado,ga-timeline,2,p_0,0,0,NaN,NaN,NaN,dailyLoadBudget,OBJECTIVE,NaN,0.200000,NaN
folgado,ga-timeline,2,p_0,0,0,NaN,NaN,NaN,MinimumDaysConstraint,CONSTRAINT,1.000000,0.500000,-0.500000
folgado,ga-timeline,2,p_0,0,0,NaN,NaN,NaN,MandatoryReviewConstraint,CONSTRAINT,1.000000,0.500000,-0.500000
folgado,ga-timeline,2,p_0,0,0,NaN,NaN,NaN,SoftPrerequisiteOrderConstraint,CONSTRAINT,0.000000,0.100000,-0.000000
folgado,ga,3,p_e,35,52,0.415811,0.415811,0.415811,syllabusMastery,OBJECTIVE,0.181769,0.500000,0.090885
folgado,ga,3,p_e,35,52,0.415811,0.415811,0.415811,retention,OBJECTIVE,0.416420,0.300000,0.124926
folgado,ga,3,p_e,35,52,0.415811,0.415811,0.415811,dailyLoadBudget,OBJECTIVE,1.000000,0.200000,0.200000
folgado,ga,3,p_e,35,52,0.415811,0.415811,0.415811,MinimumDaysConstraint,CONSTRAINT,0.000000,0.500000,-0.000000
folgado,ga,3,p_e,35,52,0.415811,0.415811,0.415811,MandatoryReviewConstraint,CONSTRAINT,0.000000,0.500000,-0.000000
folgado,ga,3,p_e,35,52,0.415811,0.415811,0.415811,SoftPrerequisiteOrderConstraint,CONSTRAINT,0.000000,0.100000,-0.000000
folgado,ga,3,p_g,33,33,0.282385,0.282385,0.282385,syllabusMastery,OBJECTIVE,0.134947,0.500000,0.067474
folgado,ga,3,p_g,33,33,0.282385,0.282385,0.282385,retention,OBJECTIVE,0.229885,0.300000,0.068966
folgado,ga,3,p_g,33,33,0.282385,0.282385,0.282385,dailyLoadBudget,OBJECTIVE,1.000000,0.200000,0.200000
folgado,ga,3,p_g,33,33,0.282385,0.282385,0.282385,MinimumDaysConstraint,CONSTRAINT,0.108108,0.500000,-0.054054
folgado,ga,3,p_g,33,33,0.282385,0.282385,0.282385,MandatoryReviewConstraint,CONSTRAINT,0.000000,0.500000,-0.000000
folgado,ga,3,p_g,33,33,0.282385,0.282385,0.282385,SoftPrerequisiteOrderConstraint,CONSTRAINT,0.000000,0.100000,-0.000000
folgado,ga,3,p_0,0,0,NaN,NaN,NaN,syllabusMastery,OBJECTIVE,0.000000,0.500000,0.000000
folgado,ga,3,p_0,0,0,NaN,NaN,NaN,retention,OBJECTIVE,0.000000,0.300000,0.000000
folgado,ga,3,p_0,0,0,NaN,NaN,NaN,dailyLoadBudget,OBJECTIVE,NaN,0.200000,NaN
folgado,ga,3,p_0,0,0,NaN,NaN,NaN,MinimumDaysConstraint,CONSTRAINT,1.000000,0.500000,-0.500000
folgado,ga,3,p_0,0,0,NaN,NaN,NaN,MandatoryReviewConstraint,CONSTRAINT,0.000000,0.500000,-0.000000
folgado,ga,3,p_0,0,0,NaN,NaN,NaN,SoftPrerequisiteOrderConstraint,CONSTRAINT,0.000000,0.100000,-0.000000
folgado,ga-timeline,3,p_e,0,0,NaN,NaN,NaN,syllabusMastery,OBJECTIVE,0.000000,0.500000,0.000000
folgado,ga-timeline,3,p_e,0,0,NaN,NaN,NaN,retention,OBJECTIVE,0.000000,0.300000,0.000000
folgado,ga-timeline,3,p_e,0,0,NaN,NaN,NaN,dailyLoadBudget,OBJECTIVE,NaN,0.200000,NaN
folgado,ga-timeline,3,p_e,0,0,NaN,NaN,NaN,MinimumDaysConstraint,CONSTRAINT,1.000000,0.500000,-0.500000
folgado,ga-timeline,3,p_e,0,0,NaN,NaN,NaN,MandatoryReviewConstraint,CONSTRAINT,1.000000,0.500000,-0.500000
folgado,ga-timeline,3,p_e,0,0,NaN,NaN,NaN,SoftPrerequisiteOrderConstraint,CONSTRAINT,0.000000,0.100000,-0.000000
folgado,ga-timeline,3,p_g,33,33,-0.227119,0.000000,-0.227119,syllabusMastery,OBJECTIVE,0.134947,0.500000,0.067474
folgado,ga-timeline,3,p_g,33,33,-0.227119,0.000000,-0.227119,retention,OBJECTIVE,0.229885,0.300000,0.068966
folgado,ga-timeline,3,p_g,33,33,-0.227119,0.000000,-0.227119,dailyLoadBudget,OBJECTIVE,1.000000,0.200000,0.200000
folgado,ga-timeline,3,p_g,33,33,-0.227119,0.000000,-0.227119,MinimumDaysConstraint,CONSTRAINT,0.108108,0.500000,-0.054054
folgado,ga-timeline,3,p_g,33,33,-0.227119,0.000000,-0.227119,MandatoryReviewConstraint,CONSTRAINT,1.000000,0.500000,-0.500000
folgado,ga-timeline,3,p_g,33,33,-0.227119,0.000000,-0.227119,SoftPrerequisiteOrderConstraint,CONSTRAINT,0.095041,0.100000,-0.009504
folgado,ga-timeline,3,p_0,0,0,NaN,NaN,NaN,syllabusMastery,OBJECTIVE,0.000000,0.500000,0.000000
folgado,ga-timeline,3,p_0,0,0,NaN,NaN,NaN,retention,OBJECTIVE,0.000000,0.300000,0.000000
folgado,ga-timeline,3,p_0,0,0,NaN,NaN,NaN,dailyLoadBudget,OBJECTIVE,NaN,0.200000,NaN
folgado,ga-timeline,3,p_0,0,0,NaN,NaN,NaN,MinimumDaysConstraint,CONSTRAINT,1.000000,0.500000,-0.500000
folgado,ga-timeline,3,p_0,0,0,NaN,NaN,NaN,MandatoryReviewConstraint,CONSTRAINT,1.000000,0.500000,-0.500000
folgado,ga-timeline,3,p_0,0,0,NaN,NaN,NaN,SoftPrerequisiteOrderConstraint,CONSTRAINT,0.000000,0.100000,-0.000000
folgado,ga,4,p_e,35,52,0.416036,0.416036,0.416036,syllabusMastery,OBJECTIVE,0.181431,0.500000,0.090715
folgado,ga,4,p_e,35,52,0.416036,0.416036,0.416036,retention,OBJECTIVE,0.417734,0.300000,0.125320
folgado,ga,4,p_e,35,52,0.416036,0.416036,0.416036,dailyLoadBudget,OBJECTIVE,1.000000,0.200000,0.200000
folgado,ga,4,p_e,35,52,0.416036,0.416036,0.416036,MinimumDaysConstraint,CONSTRAINT,0.000000,0.500000,-0.000000
folgado,ga,4,p_e,35,52,0.416036,0.416036,0.416036,MandatoryReviewConstraint,CONSTRAINT,0.000000,0.500000,-0.000000
folgado,ga,4,p_e,35,52,0.416036,0.416036,0.416036,SoftPrerequisiteOrderConstraint,CONSTRAINT,0.000000,0.100000,-0.000000
folgado,ga,4,p_g,33,33,0.282385,0.282385,0.282385,syllabusMastery,OBJECTIVE,0.134947,0.500000,0.067474
folgado,ga,4,p_g,33,33,0.282385,0.282385,0.282385,retention,OBJECTIVE,0.229885,0.300000,0.068966
folgado,ga,4,p_g,33,33,0.282385,0.282385,0.282385,dailyLoadBudget,OBJECTIVE,1.000000,0.200000,0.200000
folgado,ga,4,p_g,33,33,0.282385,0.282385,0.282385,MinimumDaysConstraint,CONSTRAINT,0.108108,0.500000,-0.054054
folgado,ga,4,p_g,33,33,0.282385,0.282385,0.282385,MandatoryReviewConstraint,CONSTRAINT,0.000000,0.500000,-0.000000
folgado,ga,4,p_g,33,33,0.282385,0.282385,0.282385,SoftPrerequisiteOrderConstraint,CONSTRAINT,0.000000,0.100000,-0.000000
folgado,ga,4,p_0,0,0,NaN,NaN,NaN,syllabusMastery,OBJECTIVE,0.000000,0.500000,0.000000
folgado,ga,4,p_0,0,0,NaN,NaN,NaN,retention,OBJECTIVE,0.000000,0.300000,0.000000
folgado,ga,4,p_0,0,0,NaN,NaN,NaN,dailyLoadBudget,OBJECTIVE,NaN,0.200000,NaN
folgado,ga,4,p_0,0,0,NaN,NaN,NaN,MinimumDaysConstraint,CONSTRAINT,1.000000,0.500000,-0.500000
folgado,ga,4,p_0,0,0,NaN,NaN,NaN,MandatoryReviewConstraint,CONSTRAINT,0.000000,0.500000,-0.000000
folgado,ga,4,p_0,0,0,NaN,NaN,NaN,SoftPrerequisiteOrderConstraint,CONSTRAINT,0.000000,0.100000,-0.000000
folgado,ga-timeline,4,p_e,0,0,NaN,NaN,NaN,syllabusMastery,OBJECTIVE,0.000000,0.500000,0.000000
folgado,ga-timeline,4,p_e,0,0,NaN,NaN,NaN,retention,OBJECTIVE,0.000000,0.300000,0.000000
folgado,ga-timeline,4,p_e,0,0,NaN,NaN,NaN,dailyLoadBudget,OBJECTIVE,NaN,0.200000,NaN
folgado,ga-timeline,4,p_e,0,0,NaN,NaN,NaN,MinimumDaysConstraint,CONSTRAINT,1.000000,0.500000,-0.500000
folgado,ga-timeline,4,p_e,0,0,NaN,NaN,NaN,MandatoryReviewConstraint,CONSTRAINT,1.000000,0.500000,-0.500000
folgado,ga-timeline,4,p_e,0,0,NaN,NaN,NaN,SoftPrerequisiteOrderConstraint,CONSTRAINT,0.000000,0.100000,-0.000000
folgado,ga-timeline,4,p_g,33,33,-0.227119,0.000000,-0.227119,syllabusMastery,OBJECTIVE,0.134947,0.500000,0.067474
folgado,ga-timeline,4,p_g,33,33,-0.227119,0.000000,-0.227119,retention,OBJECTIVE,0.229885,0.300000,0.068966
folgado,ga-timeline,4,p_g,33,33,-0.227119,0.000000,-0.227119,dailyLoadBudget,OBJECTIVE,1.000000,0.200000,0.200000
folgado,ga-timeline,4,p_g,33,33,-0.227119,0.000000,-0.227119,MinimumDaysConstraint,CONSTRAINT,0.108108,0.500000,-0.054054
folgado,ga-timeline,4,p_g,33,33,-0.227119,0.000000,-0.227119,MandatoryReviewConstraint,CONSTRAINT,1.000000,0.500000,-0.500000
folgado,ga-timeline,4,p_g,33,33,-0.227119,0.000000,-0.227119,SoftPrerequisiteOrderConstraint,CONSTRAINT,0.095041,0.100000,-0.009504
folgado,ga-timeline,4,p_0,0,0,NaN,NaN,NaN,syllabusMastery,OBJECTIVE,0.000000,0.500000,0.000000
folgado,ga-timeline,4,p_0,0,0,NaN,NaN,NaN,retention,OBJECTIVE,0.000000,0.300000,0.000000
folgado,ga-timeline,4,p_0,0,0,NaN,NaN,NaN,dailyLoadBudget,OBJECTIVE,NaN,0.200000,NaN
folgado,ga-timeline,4,p_0,0,0,NaN,NaN,NaN,MinimumDaysConstraint,CONSTRAINT,1.000000,0.500000,-0.500000
folgado,ga-timeline,4,p_0,0,0,NaN,NaN,NaN,MandatoryReviewConstraint,CONSTRAINT,1.000000,0.500000,-0.500000
folgado,ga-timeline,4,p_0,0,0,NaN,NaN,NaN,SoftPrerequisiteOrderConstraint,CONSTRAINT,0.000000,0.100000,-0.000000
folgado,ga,5,p_e,35,52,0.415173,0.415173,0.415173,syllabusMastery,OBJECTIVE,0.187193,0.500000,0.093597
folgado,ga,5,p_e,35,52,0.415173,0.415173,0.415173,retention,OBJECTIVE,0.405255,0.300000,0.121576
folgado,ga,5,p_e,35,52,0.415173,0.415173,0.415173,dailyLoadBudget,OBJECTIVE,1.000000,0.200000,0.200000
folgado,ga,5,p_e,35,52,0.415173,0.415173,0.415173,MinimumDaysConstraint,CONSTRAINT,0.000000,0.500000,-0.000000
folgado,ga,5,p_e,35,52,0.415173,0.415173,0.415173,MandatoryReviewConstraint,CONSTRAINT,0.000000,0.500000,-0.000000
folgado,ga,5,p_e,35,52,0.415173,0.415173,0.415173,SoftPrerequisiteOrderConstraint,CONSTRAINT,0.000000,0.100000,-0.000000
folgado,ga,5,p_g,33,33,0.282385,0.282385,0.282385,syllabusMastery,OBJECTIVE,0.134947,0.500000,0.067474
folgado,ga,5,p_g,33,33,0.282385,0.282385,0.282385,retention,OBJECTIVE,0.229885,0.300000,0.068966
folgado,ga,5,p_g,33,33,0.282385,0.282385,0.282385,dailyLoadBudget,OBJECTIVE,1.000000,0.200000,0.200000
folgado,ga,5,p_g,33,33,0.282385,0.282385,0.282385,MinimumDaysConstraint,CONSTRAINT,0.108108,0.500000,-0.054054
folgado,ga,5,p_g,33,33,0.282385,0.282385,0.282385,MandatoryReviewConstraint,CONSTRAINT,0.000000,0.500000,-0.000000
folgado,ga,5,p_g,33,33,0.282385,0.282385,0.282385,SoftPrerequisiteOrderConstraint,CONSTRAINT,0.000000,0.100000,-0.000000
folgado,ga,5,p_0,0,0,NaN,NaN,NaN,syllabusMastery,OBJECTIVE,0.000000,0.500000,0.000000
folgado,ga,5,p_0,0,0,NaN,NaN,NaN,retention,OBJECTIVE,0.000000,0.300000,0.000000
folgado,ga,5,p_0,0,0,NaN,NaN,NaN,dailyLoadBudget,OBJECTIVE,NaN,0.200000,NaN
folgado,ga,5,p_0,0,0,NaN,NaN,NaN,MinimumDaysConstraint,CONSTRAINT,1.000000,0.500000,-0.500000
folgado,ga,5,p_0,0,0,NaN,NaN,NaN,MandatoryReviewConstraint,CONSTRAINT,0.000000,0.500000,-0.000000
folgado,ga,5,p_0,0,0,NaN,NaN,NaN,SoftPrerequisiteOrderConstraint,CONSTRAINT,0.000000,0.100000,-0.000000
folgado,ga-timeline,5,p_e,0,0,NaN,NaN,NaN,syllabusMastery,OBJECTIVE,0.000000,0.500000,0.000000
folgado,ga-timeline,5,p_e,0,0,NaN,NaN,NaN,retention,OBJECTIVE,0.000000,0.300000,0.000000
folgado,ga-timeline,5,p_e,0,0,NaN,NaN,NaN,dailyLoadBudget,OBJECTIVE,NaN,0.200000,NaN
folgado,ga-timeline,5,p_e,0,0,NaN,NaN,NaN,MinimumDaysConstraint,CONSTRAINT,1.000000,0.500000,-0.500000
folgado,ga-timeline,5,p_e,0,0,NaN,NaN,NaN,MandatoryReviewConstraint,CONSTRAINT,1.000000,0.500000,-0.500000
folgado,ga-timeline,5,p_e,0,0,NaN,NaN,NaN,SoftPrerequisiteOrderConstraint,CONSTRAINT,0.000000,0.100000,-0.000000
folgado,ga-timeline,5,p_g,33,33,-0.227119,0.000000,-0.227119,syllabusMastery,OBJECTIVE,0.134947,0.500000,0.067474
folgado,ga-timeline,5,p_g,33,33,-0.227119,0.000000,-0.227119,retention,OBJECTIVE,0.229885,0.300000,0.068966
folgado,ga-timeline,5,p_g,33,33,-0.227119,0.000000,-0.227119,dailyLoadBudget,OBJECTIVE,1.000000,0.200000,0.200000
folgado,ga-timeline,5,p_g,33,33,-0.227119,0.000000,-0.227119,MinimumDaysConstraint,CONSTRAINT,0.108108,0.500000,-0.054054
folgado,ga-timeline,5,p_g,33,33,-0.227119,0.000000,-0.227119,MandatoryReviewConstraint,CONSTRAINT,1.000000,0.500000,-0.500000
folgado,ga-timeline,5,p_g,33,33,-0.227119,0.000000,-0.227119,SoftPrerequisiteOrderConstraint,CONSTRAINT,0.095041,0.100000,-0.009504
folgado,ga-timeline,5,p_0,0,0,NaN,NaN,NaN,syllabusMastery,OBJECTIVE,0.000000,0.500000,0.000000
folgado,ga-timeline,5,p_0,0,0,NaN,NaN,NaN,retention,OBJECTIVE,0.000000,0.300000,0.000000
folgado,ga-timeline,5,p_0,0,0,NaN,NaN,NaN,dailyLoadBudget,OBJECTIVE,NaN,0.200000,NaN
folgado,ga-timeline,5,p_0,0,0,NaN,NaN,NaN,MinimumDaysConstraint,CONSTRAINT,1.000000,0.500000,-0.500000
folgado,ga-timeline,5,p_0,0,0,NaN,NaN,NaN,MandatoryReviewConstraint,CONSTRAINT,1.000000,0.500000,-0.500000
folgado,ga-timeline,5,p_0,0,0,NaN,NaN,NaN,SoftPrerequisiteOrderConstraint,CONSTRAINT,0.000000,0.100000,-0.000000
folgado,ga,6,p_e,35,52,0.415946,0.415946,0.415946,syllabusMastery,OBJECTIVE,0.187951,0.500000,0.093975
folgado,ga,6,p_e,35,52,0.415946,0.415946,0.415946,retention,OBJECTIVE,0.406568,0.300000,0.121970
folgado,ga,6,p_e,35,52,0.415946,0.415946,0.415946,dailyLoadBudget,OBJECTIVE,1.000000,0.200000,0.200000
folgado,ga,6,p_e,35,52,0.415946,0.415946,0.415946,MinimumDaysConstraint,CONSTRAINT,0.000000,0.500000,-0.000000
folgado,ga,6,p_e,35,52,0.415946,0.415946,0.415946,MandatoryReviewConstraint,CONSTRAINT,0.000000,0.500000,-0.000000
folgado,ga,6,p_e,35,52,0.415946,0.415946,0.415946,SoftPrerequisiteOrderConstraint,CONSTRAINT,0.000000,0.100000,-0.000000
folgado,ga,6,p_g,33,33,0.282385,0.282385,0.282385,syllabusMastery,OBJECTIVE,0.134947,0.500000,0.067474
folgado,ga,6,p_g,33,33,0.282385,0.282385,0.282385,retention,OBJECTIVE,0.229885,0.300000,0.068966
folgado,ga,6,p_g,33,33,0.282385,0.282385,0.282385,dailyLoadBudget,OBJECTIVE,1.000000,0.200000,0.200000
folgado,ga,6,p_g,33,33,0.282385,0.282385,0.282385,MinimumDaysConstraint,CONSTRAINT,0.108108,0.500000,-0.054054
folgado,ga,6,p_g,33,33,0.282385,0.282385,0.282385,MandatoryReviewConstraint,CONSTRAINT,0.000000,0.500000,-0.000000
folgado,ga,6,p_g,33,33,0.282385,0.282385,0.282385,SoftPrerequisiteOrderConstraint,CONSTRAINT,0.000000,0.100000,-0.000000
folgado,ga,6,p_0,0,0,NaN,NaN,NaN,syllabusMastery,OBJECTIVE,0.000000,0.500000,0.000000
folgado,ga,6,p_0,0,0,NaN,NaN,NaN,retention,OBJECTIVE,0.000000,0.300000,0.000000
folgado,ga,6,p_0,0,0,NaN,NaN,NaN,dailyLoadBudget,OBJECTIVE,NaN,0.200000,NaN
folgado,ga,6,p_0,0,0,NaN,NaN,NaN,MinimumDaysConstraint,CONSTRAINT,1.000000,0.500000,-0.500000
folgado,ga,6,p_0,0,0,NaN,NaN,NaN,MandatoryReviewConstraint,CONSTRAINT,0.000000,0.500000,-0.000000
folgado,ga,6,p_0,0,0,NaN,NaN,NaN,SoftPrerequisiteOrderConstraint,CONSTRAINT,0.000000,0.100000,-0.000000
folgado,ga-timeline,6,p_e,0,0,NaN,NaN,NaN,syllabusMastery,OBJECTIVE,0.000000,0.500000,0.000000
folgado,ga-timeline,6,p_e,0,0,NaN,NaN,NaN,retention,OBJECTIVE,0.000000,0.300000,0.000000
folgado,ga-timeline,6,p_e,0,0,NaN,NaN,NaN,dailyLoadBudget,OBJECTIVE,NaN,0.200000,NaN
folgado,ga-timeline,6,p_e,0,0,NaN,NaN,NaN,MinimumDaysConstraint,CONSTRAINT,1.000000,0.500000,-0.500000
folgado,ga-timeline,6,p_e,0,0,NaN,NaN,NaN,MandatoryReviewConstraint,CONSTRAINT,1.000000,0.500000,-0.500000
folgado,ga-timeline,6,p_e,0,0,NaN,NaN,NaN,SoftPrerequisiteOrderConstraint,CONSTRAINT,0.000000,0.100000,-0.000000
folgado,ga-timeline,6,p_g,33,33,-0.227119,0.000000,-0.227119,syllabusMastery,OBJECTIVE,0.134947,0.500000,0.067474
folgado,ga-timeline,6,p_g,33,33,-0.227119,0.000000,-0.227119,retention,OBJECTIVE,0.229885,0.300000,0.068966
folgado,ga-timeline,6,p_g,33,33,-0.227119,0.000000,-0.227119,dailyLoadBudget,OBJECTIVE,1.000000,0.200000,0.200000
folgado,ga-timeline,6,p_g,33,33,-0.227119,0.000000,-0.227119,MinimumDaysConstraint,CONSTRAINT,0.108108,0.500000,-0.054054
folgado,ga-timeline,6,p_g,33,33,-0.227119,0.000000,-0.227119,MandatoryReviewConstraint,CONSTRAINT,1.000000,0.500000,-0.500000
folgado,ga-timeline,6,p_g,33,33,-0.227119,0.000000,-0.227119,SoftPrerequisiteOrderConstraint,CONSTRAINT,0.095041,0.100000,-0.009504
folgado,ga-timeline,6,p_0,0,0,NaN,NaN,NaN,syllabusMastery,OBJECTIVE,0.000000,0.500000,0.000000
folgado,ga-timeline,6,p_0,0,0,NaN,NaN,NaN,retention,OBJECTIVE,0.000000,0.300000,0.000000
folgado,ga-timeline,6,p_0,0,0,NaN,NaN,NaN,dailyLoadBudget,OBJECTIVE,NaN,0.200000,NaN
folgado,ga-timeline,6,p_0,0,0,NaN,NaN,NaN,MinimumDaysConstraint,CONSTRAINT,1.000000,0.500000,-0.500000
folgado,ga-timeline,6,p_0,0,0,NaN,NaN,NaN,MandatoryReviewConstraint,CONSTRAINT,1.000000,0.500000,-0.500000
folgado,ga-timeline,6,p_0,0,0,NaN,NaN,NaN,SoftPrerequisiteOrderConstraint,CONSTRAINT,0.000000,0.100000,-0.000000
folgado,ga,7,p_e,35,52,0.415946,0.415946,0.415946,syllabusMastery,OBJECTIVE,0.182630,0.500000,0.091315
folgado,ga,7,p_e,35,52,0.415946,0.415946,0.415946,retention,OBJECTIVE,0.415435,0.300000,0.124631
folgado,ga,7,p_e,35,52,0.415946,0.415946,0.415946,dailyLoadBudget,OBJECTIVE,1.000000,0.200000,0.200000
folgado,ga,7,p_e,35,52,0.415946,0.415946,0.415946,MinimumDaysConstraint,CONSTRAINT,0.000000,0.500000,-0.000000
folgado,ga,7,p_e,35,52,0.415946,0.415946,0.415946,MandatoryReviewConstraint,CONSTRAINT,0.000000,0.500000,-0.000000
folgado,ga,7,p_e,35,52,0.415946,0.415946,0.415946,SoftPrerequisiteOrderConstraint,CONSTRAINT,0.000000,0.100000,-0.000000
folgado,ga,7,p_g,33,33,0.282385,0.282385,0.282385,syllabusMastery,OBJECTIVE,0.134947,0.500000,0.067474
folgado,ga,7,p_g,33,33,0.282385,0.282385,0.282385,retention,OBJECTIVE,0.229885,0.300000,0.068966
folgado,ga,7,p_g,33,33,0.282385,0.282385,0.282385,dailyLoadBudget,OBJECTIVE,1.000000,0.200000,0.200000
folgado,ga,7,p_g,33,33,0.282385,0.282385,0.282385,MinimumDaysConstraint,CONSTRAINT,0.108108,0.500000,-0.054054
folgado,ga,7,p_g,33,33,0.282385,0.282385,0.282385,MandatoryReviewConstraint,CONSTRAINT,0.000000,0.500000,-0.000000
folgado,ga,7,p_g,33,33,0.282385,0.282385,0.282385,SoftPrerequisiteOrderConstraint,CONSTRAINT,0.000000,0.100000,-0.000000
folgado,ga,7,p_0,0,0,NaN,NaN,NaN,syllabusMastery,OBJECTIVE,0.000000,0.500000,0.000000
folgado,ga,7,p_0,0,0,NaN,NaN,NaN,retention,OBJECTIVE,0.000000,0.300000,0.000000
folgado,ga,7,p_0,0,0,NaN,NaN,NaN,dailyLoadBudget,OBJECTIVE,NaN,0.200000,NaN
folgado,ga,7,p_0,0,0,NaN,NaN,NaN,MinimumDaysConstraint,CONSTRAINT,1.000000,0.500000,-0.500000
folgado,ga,7,p_0,0,0,NaN,NaN,NaN,MandatoryReviewConstraint,CONSTRAINT,0.000000,0.500000,-0.000000
folgado,ga,7,p_0,0,0,NaN,NaN,NaN,SoftPrerequisiteOrderConstraint,CONSTRAINT,0.000000,0.100000,-0.000000
folgado,ga-timeline,7,p_e,0,0,NaN,NaN,NaN,syllabusMastery,OBJECTIVE,0.000000,0.500000,0.000000
folgado,ga-timeline,7,p_e,0,0,NaN,NaN,NaN,retention,OBJECTIVE,0.000000,0.300000,0.000000
folgado,ga-timeline,7,p_e,0,0,NaN,NaN,NaN,dailyLoadBudget,OBJECTIVE,NaN,0.200000,NaN
folgado,ga-timeline,7,p_e,0,0,NaN,NaN,NaN,MinimumDaysConstraint,CONSTRAINT,1.000000,0.500000,-0.500000
folgado,ga-timeline,7,p_e,0,0,NaN,NaN,NaN,MandatoryReviewConstraint,CONSTRAINT,1.000000,0.500000,-0.500000
folgado,ga-timeline,7,p_e,0,0,NaN,NaN,NaN,SoftPrerequisiteOrderConstraint,CONSTRAINT,0.000000,0.100000,-0.000000
folgado,ga-timeline,7,p_g,33,33,-0.227119,0.000000,-0.227119,syllabusMastery,OBJECTIVE,0.134947,0.500000,0.067474
folgado,ga-timeline,7,p_g,33,33,-0.227119,0.000000,-0.227119,retention,OBJECTIVE,0.229885,0.300000,0.068966
folgado,ga-timeline,7,p_g,33,33,-0.227119,0.000000,-0.227119,dailyLoadBudget,OBJECTIVE,1.000000,0.200000,0.200000
folgado,ga-timeline,7,p_g,33,33,-0.227119,0.000000,-0.227119,MinimumDaysConstraint,CONSTRAINT,0.108108,0.500000,-0.054054
folgado,ga-timeline,7,p_g,33,33,-0.227119,0.000000,-0.227119,MandatoryReviewConstraint,CONSTRAINT,1.000000,0.500000,-0.500000
folgado,ga-timeline,7,p_g,33,33,-0.227119,0.000000,-0.227119,SoftPrerequisiteOrderConstraint,CONSTRAINT,0.095041,0.100000,-0.009504
folgado,ga-timeline,7,p_0,0,0,NaN,NaN,NaN,syllabusMastery,OBJECTIVE,0.000000,0.500000,0.000000
folgado,ga-timeline,7,p_0,0,0,NaN,NaN,NaN,retention,OBJECTIVE,0.000000,0.300000,0.000000
folgado,ga-timeline,7,p_0,0,0,NaN,NaN,NaN,dailyLoadBudget,OBJECTIVE,NaN,0.200000,NaN
folgado,ga-timeline,7,p_0,0,0,NaN,NaN,NaN,MinimumDaysConstraint,CONSTRAINT,1.000000,0.500000,-0.500000
folgado,ga-timeline,7,p_0,0,0,NaN,NaN,NaN,MandatoryReviewConstraint,CONSTRAINT,1.000000,0.500000,-0.500000
folgado,ga-timeline,7,p_0,0,0,NaN,NaN,NaN,SoftPrerequisiteOrderConstraint,CONSTRAINT,0.000000,0.100000,-0.000000
folgado,ga,8,p_e,35,52,0.415128,0.415128,0.415128,syllabusMastery,OBJECTIVE,0.190453,0.500000,0.095227
folgado,ga,8,p_e,35,52,0.415128,0.415128,0.415128,retention,OBJECTIVE,0.399672,0.300000,0.119901
folgado,ga,8,p_e,35,52,0.415128,0.415128,0.415128,dailyLoadBudget,OBJECTIVE,1.000000,0.200000,0.200000
folgado,ga,8,p_e,35,52,0.415128,0.415128,0.415128,MinimumDaysConstraint,CONSTRAINT,0.000000,0.500000,-0.000000
folgado,ga,8,p_e,35,52,0.415128,0.415128,0.415128,MandatoryReviewConstraint,CONSTRAINT,0.000000,0.500000,-0.000000
folgado,ga,8,p_e,35,52,0.415128,0.415128,0.415128,SoftPrerequisiteOrderConstraint,CONSTRAINT,0.000000,0.100000,-0.000000
folgado,ga,8,p_g,33,33,0.282385,0.282385,0.282385,syllabusMastery,OBJECTIVE,0.134947,0.500000,0.067474
folgado,ga,8,p_g,33,33,0.282385,0.282385,0.282385,retention,OBJECTIVE,0.229885,0.300000,0.068966
folgado,ga,8,p_g,33,33,0.282385,0.282385,0.282385,dailyLoadBudget,OBJECTIVE,1.000000,0.200000,0.200000
folgado,ga,8,p_g,33,33,0.282385,0.282385,0.282385,MinimumDaysConstraint,CONSTRAINT,0.108108,0.500000,-0.054054
folgado,ga,8,p_g,33,33,0.282385,0.282385,0.282385,MandatoryReviewConstraint,CONSTRAINT,0.000000,0.500000,-0.000000
folgado,ga,8,p_g,33,33,0.282385,0.282385,0.282385,SoftPrerequisiteOrderConstraint,CONSTRAINT,0.000000,0.100000,-0.000000
folgado,ga,8,p_0,0,0,NaN,NaN,NaN,syllabusMastery,OBJECTIVE,0.000000,0.500000,0.000000
folgado,ga,8,p_0,0,0,NaN,NaN,NaN,retention,OBJECTIVE,0.000000,0.300000,0.000000
folgado,ga,8,p_0,0,0,NaN,NaN,NaN,dailyLoadBudget,OBJECTIVE,NaN,0.200000,NaN
folgado,ga,8,p_0,0,0,NaN,NaN,NaN,MinimumDaysConstraint,CONSTRAINT,1.000000,0.500000,-0.500000
folgado,ga,8,p_0,0,0,NaN,NaN,NaN,MandatoryReviewConstraint,CONSTRAINT,0.000000,0.500000,-0.000000
folgado,ga,8,p_0,0,0,NaN,NaN,NaN,SoftPrerequisiteOrderConstraint,CONSTRAINT,0.000000,0.100000,-0.000000
folgado,ga-timeline,8,p_e,0,0,NaN,NaN,NaN,syllabusMastery,OBJECTIVE,0.000000,0.500000,0.000000
folgado,ga-timeline,8,p_e,0,0,NaN,NaN,NaN,retention,OBJECTIVE,0.000000,0.300000,0.000000
folgado,ga-timeline,8,p_e,0,0,NaN,NaN,NaN,dailyLoadBudget,OBJECTIVE,NaN,0.200000,NaN
folgado,ga-timeline,8,p_e,0,0,NaN,NaN,NaN,MinimumDaysConstraint,CONSTRAINT,1.000000,0.500000,-0.500000
folgado,ga-timeline,8,p_e,0,0,NaN,NaN,NaN,MandatoryReviewConstraint,CONSTRAINT,1.000000,0.500000,-0.500000
folgado,ga-timeline,8,p_e,0,0,NaN,NaN,NaN,SoftPrerequisiteOrderConstraint,CONSTRAINT,0.000000,0.100000,-0.000000
folgado,ga-timeline,8,p_g,33,33,-0.227119,0.000000,-0.227119,syllabusMastery,OBJECTIVE,0.134947,0.500000,0.067474
folgado,ga-timeline,8,p_g,33,33,-0.227119,0.000000,-0.227119,retention,OBJECTIVE,0.229885,0.300000,0.068966
folgado,ga-timeline,8,p_g,33,33,-0.227119,0.000000,-0.227119,dailyLoadBudget,OBJECTIVE,1.000000,0.200000,0.200000
folgado,ga-timeline,8,p_g,33,33,-0.227119,0.000000,-0.227119,MinimumDaysConstraint,CONSTRAINT,0.108108,0.500000,-0.054054
folgado,ga-timeline,8,p_g,33,33,-0.227119,0.000000,-0.227119,MandatoryReviewConstraint,CONSTRAINT,1.000000,0.500000,-0.500000
folgado,ga-timeline,8,p_g,33,33,-0.227119,0.000000,-0.227119,SoftPrerequisiteOrderConstraint,CONSTRAINT,0.095041,0.100000,-0.009504
folgado,ga-timeline,8,p_0,0,0,NaN,NaN,NaN,syllabusMastery,OBJECTIVE,0.000000,0.500000,0.000000
folgado,ga-timeline,8,p_0,0,0,NaN,NaN,NaN,retention,OBJECTIVE,0.000000,0.300000,0.000000
folgado,ga-timeline,8,p_0,0,0,NaN,NaN,NaN,dailyLoadBudget,OBJECTIVE,NaN,0.200000,NaN
folgado,ga-timeline,8,p_0,0,0,NaN,NaN,NaN,MinimumDaysConstraint,CONSTRAINT,1.000000,0.500000,-0.500000
folgado,ga-timeline,8,p_0,0,0,NaN,NaN,NaN,MandatoryReviewConstraint,CONSTRAINT,1.000000,0.500000,-0.500000
folgado,ga-timeline,8,p_0,0,0,NaN,NaN,NaN,SoftPrerequisiteOrderConstraint,CONSTRAINT,0.000000,0.100000,-0.000000
folgado,ga,9,p_e,35,52,0.415766,0.415766,0.415766,syllabusMastery,OBJECTIVE,0.185029,0.500000,0.092514
folgado,ga,9,p_e,35,52,0.415766,0.415766,0.415766,retention,OBJECTIVE,0.410837,0.300000,0.123251
folgado,ga,9,p_e,35,52,0.415766,0.415766,0.415766,dailyLoadBudget,OBJECTIVE,1.000000,0.200000,0.200000
folgado,ga,9,p_e,35,52,0.415766,0.415766,0.415766,MinimumDaysConstraint,CONSTRAINT,0.000000,0.500000,-0.000000
folgado,ga,9,p_e,35,52,0.415766,0.415766,0.415766,MandatoryReviewConstraint,CONSTRAINT,0.000000,0.500000,-0.000000
folgado,ga,9,p_e,35,52,0.415766,0.415766,0.415766,SoftPrerequisiteOrderConstraint,CONSTRAINT,0.000000,0.100000,-0.000000
folgado,ga,9,p_g,33,33,0.282385,0.282385,0.282385,syllabusMastery,OBJECTIVE,0.134947,0.500000,0.067474
folgado,ga,9,p_g,33,33,0.282385,0.282385,0.282385,retention,OBJECTIVE,0.229885,0.300000,0.068966
folgado,ga,9,p_g,33,33,0.282385,0.282385,0.282385,dailyLoadBudget,OBJECTIVE,1.000000,0.200000,0.200000
folgado,ga,9,p_g,33,33,0.282385,0.282385,0.282385,MinimumDaysConstraint,CONSTRAINT,0.108108,0.500000,-0.054054
folgado,ga,9,p_g,33,33,0.282385,0.282385,0.282385,MandatoryReviewConstraint,CONSTRAINT,0.000000,0.500000,-0.000000
folgado,ga,9,p_g,33,33,0.282385,0.282385,0.282385,SoftPrerequisiteOrderConstraint,CONSTRAINT,0.000000,0.100000,-0.000000
folgado,ga,9,p_0,0,0,NaN,NaN,NaN,syllabusMastery,OBJECTIVE,0.000000,0.500000,0.000000
folgado,ga,9,p_0,0,0,NaN,NaN,NaN,retention,OBJECTIVE,0.000000,0.300000,0.000000
folgado,ga,9,p_0,0,0,NaN,NaN,NaN,dailyLoadBudget,OBJECTIVE,NaN,0.200000,NaN
folgado,ga,9,p_0,0,0,NaN,NaN,NaN,MinimumDaysConstraint,CONSTRAINT,1.000000,0.500000,-0.500000
folgado,ga,9,p_0,0,0,NaN,NaN,NaN,MandatoryReviewConstraint,CONSTRAINT,0.000000,0.500000,-0.000000
folgado,ga,9,p_0,0,0,NaN,NaN,NaN,SoftPrerequisiteOrderConstraint,CONSTRAINT,0.000000,0.100000,-0.000000
folgado,ga-timeline,9,p_e,0,0,NaN,NaN,NaN,syllabusMastery,OBJECTIVE,0.000000,0.500000,0.000000
folgado,ga-timeline,9,p_e,0,0,NaN,NaN,NaN,retention,OBJECTIVE,0.000000,0.300000,0.000000
folgado,ga-timeline,9,p_e,0,0,NaN,NaN,NaN,dailyLoadBudget,OBJECTIVE,NaN,0.200000,NaN
folgado,ga-timeline,9,p_e,0,0,NaN,NaN,NaN,MinimumDaysConstraint,CONSTRAINT,1.000000,0.500000,-0.500000
folgado,ga-timeline,9,p_e,0,0,NaN,NaN,NaN,MandatoryReviewConstraint,CONSTRAINT,1.000000,0.500000,-0.500000
folgado,ga-timeline,9,p_e,0,0,NaN,NaN,NaN,SoftPrerequisiteOrderConstraint,CONSTRAINT,0.000000,0.100000,-0.000000
folgado,ga-timeline,9,p_g,33,33,-0.227119,0.000000,-0.227119,syllabusMastery,OBJECTIVE,0.134947,0.500000,0.067474
folgado,ga-timeline,9,p_g,33,33,-0.227119,0.000000,-0.227119,retention,OBJECTIVE,0.229885,0.300000,0.068966
folgado,ga-timeline,9,p_g,33,33,-0.227119,0.000000,-0.227119,dailyLoadBudget,OBJECTIVE,1.000000,0.200000,0.200000
folgado,ga-timeline,9,p_g,33,33,-0.227119,0.000000,-0.227119,MinimumDaysConstraint,CONSTRAINT,0.108108,0.500000,-0.054054
folgado,ga-timeline,9,p_g,33,33,-0.227119,0.000000,-0.227119,MandatoryReviewConstraint,CONSTRAINT,1.000000,0.500000,-0.500000
folgado,ga-timeline,9,p_g,33,33,-0.227119,0.000000,-0.227119,SoftPrerequisiteOrderConstraint,CONSTRAINT,0.095041,0.100000,-0.009504
folgado,ga-timeline,9,p_0,0,0,NaN,NaN,NaN,syllabusMastery,OBJECTIVE,0.000000,0.500000,0.000000
folgado,ga-timeline,9,p_0,0,0,NaN,NaN,NaN,retention,OBJECTIVE,0.000000,0.300000,0.000000
folgado,ga-timeline,9,p_0,0,0,NaN,NaN,NaN,dailyLoadBudget,OBJECTIVE,NaN,0.200000,NaN
folgado,ga-timeline,9,p_0,0,0,NaN,NaN,NaN,MinimumDaysConstraint,CONSTRAINT,1.000000,0.500000,-0.500000
folgado,ga-timeline,9,p_0,0,0,NaN,NaN,NaN,MandatoryReviewConstraint,CONSTRAINT,1.000000,0.500000,-0.500000
folgado,ga-timeline,9,p_0,0,0,NaN,NaN,NaN,SoftPrerequisiteOrderConstraint,CONSTRAINT,0.000000,0.100000,-0.000000
folgado,ga,10,p_e,35,52,0.415721,0.415721,0.415721,syllabusMastery,OBJECTIVE,0.193609,0.500000,0.096805
folgado,ga,10,p_e,35,52,0.415721,0.415721,0.415721,retention,OBJECTIVE,0.396388,0.300000,0.118916
folgado,ga,10,p_e,35,52,0.415721,0.415721,0.415721,dailyLoadBudget,OBJECTIVE,1.000000,0.200000,0.200000
folgado,ga,10,p_e,35,52,0.415721,0.415721,0.415721,MinimumDaysConstraint,CONSTRAINT,0.000000,0.500000,-0.000000
folgado,ga,10,p_e,35,52,0.415721,0.415721,0.415721,MandatoryReviewConstraint,CONSTRAINT,0.000000,0.500000,-0.000000
folgado,ga,10,p_e,35,52,0.415721,0.415721,0.415721,SoftPrerequisiteOrderConstraint,CONSTRAINT,0.000000,0.100000,-0.000000
folgado,ga,10,p_g,33,33,0.282385,0.282385,0.282385,syllabusMastery,OBJECTIVE,0.134947,0.500000,0.067474
folgado,ga,10,p_g,33,33,0.282385,0.282385,0.282385,retention,OBJECTIVE,0.229885,0.300000,0.068966
folgado,ga,10,p_g,33,33,0.282385,0.282385,0.282385,dailyLoadBudget,OBJECTIVE,1.000000,0.200000,0.200000
folgado,ga,10,p_g,33,33,0.282385,0.282385,0.282385,MinimumDaysConstraint,CONSTRAINT,0.108108,0.500000,-0.054054
folgado,ga,10,p_g,33,33,0.282385,0.282385,0.282385,MandatoryReviewConstraint,CONSTRAINT,0.000000,0.500000,-0.000000
folgado,ga,10,p_g,33,33,0.282385,0.282385,0.282385,SoftPrerequisiteOrderConstraint,CONSTRAINT,0.000000,0.100000,-0.000000
folgado,ga,10,p_0,0,0,NaN,NaN,NaN,syllabusMastery,OBJECTIVE,0.000000,0.500000,0.000000
folgado,ga,10,p_0,0,0,NaN,NaN,NaN,retention,OBJECTIVE,0.000000,0.300000,0.000000
folgado,ga,10,p_0,0,0,NaN,NaN,NaN,dailyLoadBudget,OBJECTIVE,NaN,0.200000,NaN
folgado,ga,10,p_0,0,0,NaN,NaN,NaN,MinimumDaysConstraint,CONSTRAINT,1.000000,0.500000,-0.500000
folgado,ga,10,p_0,0,0,NaN,NaN,NaN,MandatoryReviewConstraint,CONSTRAINT,0.000000,0.500000,-0.000000
folgado,ga,10,p_0,0,0,NaN,NaN,NaN,SoftPrerequisiteOrderConstraint,CONSTRAINT,0.000000,0.100000,-0.000000
folgado,ga-timeline,10,p_e,0,0,NaN,NaN,NaN,syllabusMastery,OBJECTIVE,0.000000,0.500000,0.000000
folgado,ga-timeline,10,p_e,0,0,NaN,NaN,NaN,retention,OBJECTIVE,0.000000,0.300000,0.000000
folgado,ga-timeline,10,p_e,0,0,NaN,NaN,NaN,dailyLoadBudget,OBJECTIVE,NaN,0.200000,NaN
folgado,ga-timeline,10,p_e,0,0,NaN,NaN,NaN,MinimumDaysConstraint,CONSTRAINT,1.000000,0.500000,-0.500000
folgado,ga-timeline,10,p_e,0,0,NaN,NaN,NaN,MandatoryReviewConstraint,CONSTRAINT,1.000000,0.500000,-0.500000
folgado,ga-timeline,10,p_e,0,0,NaN,NaN,NaN,SoftPrerequisiteOrderConstraint,CONSTRAINT,0.000000,0.100000,-0.000000
folgado,ga-timeline,10,p_g,33,33,-0.227119,0.000000,-0.227119,syllabusMastery,OBJECTIVE,0.134947,0.500000,0.067474
folgado,ga-timeline,10,p_g,33,33,-0.227119,0.000000,-0.227119,retention,OBJECTIVE,0.229885,0.300000,0.068966
folgado,ga-timeline,10,p_g,33,33,-0.227119,0.000000,-0.227119,dailyLoadBudget,OBJECTIVE,1.000000,0.200000,0.200000
folgado,ga-timeline,10,p_g,33,33,-0.227119,0.000000,-0.227119,MinimumDaysConstraint,CONSTRAINT,0.108108,0.500000,-0.054054
folgado,ga-timeline,10,p_g,33,33,-0.227119,0.000000,-0.227119,MandatoryReviewConstraint,CONSTRAINT,1.000000,0.500000,-0.500000
folgado,ga-timeline,10,p_g,33,33,-0.227119,0.000000,-0.227119,SoftPrerequisiteOrderConstraint,CONSTRAINT,0.095041,0.100000,-0.009504
folgado,ga-timeline,10,p_0,0,0,NaN,NaN,NaN,syllabusMastery,OBJECTIVE,0.000000,0.500000,0.000000
folgado,ga-timeline,10,p_0,0,0,NaN,NaN,NaN,retention,OBJECTIVE,0.000000,0.300000,0.000000
folgado,ga-timeline,10,p_0,0,0,NaN,NaN,NaN,dailyLoadBudget,OBJECTIVE,NaN,0.200000,NaN
folgado,ga-timeline,10,p_0,0,0,NaN,NaN,NaN,MinimumDaysConstraint,CONSTRAINT,1.000000,0.500000,-0.500000
folgado,ga-timeline,10,p_0,0,0,NaN,NaN,NaN,MandatoryReviewConstraint,CONSTRAINT,1.000000,0.500000,-0.500000
folgado,ga-timeline,10,p_0,0,0,NaN,NaN,NaN,SoftPrerequisiteOrderConstraint,CONSTRAINT,0.000000,0.100000,-0.000000
